-28,14,BPcYpT8srMzdv4uWfH7WWxw2AfI=,8XTfGBPNAeFZeUCulc75T5vkCII=
-29,14,BPcYpT8srMzdv4uWfH7WWxw2AfI=,8XTfGBPNAeFZeUCulc75T5vkCII=
-28,13,BPcYpT8srMzdv4uWfH7WWxw2AfI=,8XTfGBPNAeFZeUCulc75T5vkCII=
-29,13,BPcYpT8srMzdv4uWfH7WWxw2AfI=,8XTfGBPNAeFZeUCulc75T5vkCII=
-28,12,BPcYpT8srMzdv4uWfH7WWxw2AfI=,8XTfGBPNAeFZeUCulc75T5vkCII=
-29,12,BPcYpT8srMzdv4uWfH7WWxw2AfI=,8XTfGBPNAeFZeUCulc75T5vkCII=
-28,11,BPcYpT8srMzdv4uWfH7WWxw2AfI=,8XTfGBPNAeFZeUCulc75T5vkCII=
-29,11,BPcYpT8srMzdv4uWfH7WWxw2AfI=,8XTfGBPNAeFZeUCulc75T5vkCII=
-28,15,BPcYpT8srMzdv4uWfH7WWxw2AfI=,8XTfGBPNAeFZeUCulc75T5vkCII=
-29,15,BPcYpT8srMzdv4uWfH7WWxw2AfI=,8XTfGBPNAeFZeUCulc75T5vkCII=
-32,15,BPcYpT8srMzdv4uWfH7WWxw2AfI=,8XTfGBPNAeFZeUCulc75T5vkCII=
-30,14,BPcYpT8srMzdv4uWfH7WWxw2AfI=,8XTfGBPNAeFZeUCulc75T5vkCII=
-31,14,BPcYpT8srMzdv4uWfH7WWxw2AfI=,8XTfGBPNAeFZeUCulc75T5vkCII=
-32,14,BPcYpT8srMzdv4uWfH7WWxw2AfI=,8XTfGBPNAeFZeUCulc75T5vkCII=
-30,13,BPcYpT8srMzdv4uWfH7WWxw2AfI=,8XTfGBPNAeFZeUCulc75T5vkCII=
-31,13,BPcYpT8srMzdv4uWfH7WWxw2AfI=,8XTfGBPNAeFZeUCulc75T5vkCII=
-32,13,BPcYpT8srMzdv4uWfH7WWxw2AfI=,8XTfGBPNAeFZeUCulc75T5vkCII=
-30,12,BPcYpT8srMzdv4uWfH7WWxw2AfI=,8XTfGBPNAeFZeUCulc75T5vkCII=
-31,12,BPcYpT8srMzdv4uWfH7WWxw2AfI=,8XTfGBPNAeFZeUCulc75T5vkCII=
-32,12,BPcYpT8srMzdv4uWfH7WWxw2AfI=,8XTfGBPNAeFZeUCulc75T5vkCII=
-30,11,BPcYpT8srMzdv4uWfH7WWxw2AfI=,8XTfGBPNAeFZeUCulc75T5vkCII=
-31,11,BPcYpT8srMzdv4uWfH7WWxw2AfI=,8XTfGBPNAeFZeUCulc75T5vkCII=
-32,11,BPcYpT8srMzdv4uWfH7WWxw2AfI=,8XTfGBPNAeFZeUCulc75T5vkCII=
-30,15,BPcYpT8srMzdv4uWfH7WWxw2AfI=,8XTfGBPNAeFZeUCulc75T5vkCII=
-31,15,BPcYpT8srMzdv4uWfH7WWxw2AfI=,8XTfGBPNAeFZeUCulc75T5vkCII=
-25,14,9nyseJL6XhUiXMxfROwR7cqNBXc=,8XTfGBPNAeFZeUCulc75T5vkCII=
-26,14,9nyseJL6XhUiXMxfROwR7cqNBXc=,8XTfGBPNAeFZeUCulc75T5vkCII=
-27,14,9nyseJL6XhUiXMxfROwR7cqNBXc=,8XTfGBPNAeFZeUCulc75T5vkCII=
-25,13,9nyseJL6XhUiXMxfROwR7cqNBXc=,8XTfGBPNAeFZeUCulc75T5vkCII=
-26,13,9nyseJL6XhUiXMxfROwR7cqNBXc=,8XTfGBPNAeFZeUCulc75T5vkCII=
-27,13,MU28VsAx1WhCp+WNVj0hswrw01Q=,8XTfGBPNAeFZeUCulc75T5vkCII=
-25,12,MU28VsAx1WhCp+WNVj0hswrw01Q=,8XTfGBPNAeFZeUCulc75T5vkCII=
-26,12,MU28VsAx1WhCp+WNVj0hswrw01Q=,8XTfGBPNAeFZeUCulc75T5vkCII=
-27,12,MU28VsAx1WhCp+WNVj0hswrw01Q=,8XTfGBPNAeFZeUCulc75T5vkCII=
-25,11,daLL6QFX8pJvnQWgb3B2/5pqRbY=,8XTfGBPNAeFZeUCulc75T5vkCII=
-26,11,daLL6QFX8pJvnQWgb3B2/5pqRbY=,8XTfGBPNAeFZeUCulc75T5vkCII=
-27,11,daLL6QFX8pJvnQWgb3B2/5pqRbY=,8XTfGBPNAeFZeUCulc75T5vkCII=
-17,13,x3SxEaM1wBuU4pWu7eaizxWwbhE=,/tQnCGZDeon883bNx90HE/L5u28=
-18,13,x3SxEaM1wBuU4pWu7eaizxWwbhE=,/tQnCGZDeon883bNx90HE/L5u28=
-19,13,x3SxEaM1wBuU4pWu7eaizxWwbhE=,/tQnCGZDeon883bNx90HE/L5u28=
-20,13,x3SxEaM1wBuU4pWu7eaizxWwbhE=,/tQnCGZDeon883bNx90HE/L5u28=
-21,13,YjHIHde2XRZRhZ4poMajmkpP/o4=,/tQnCGZDeon883bNx90HE/L5u28=
-22,13,YjHIHde2XRZRhZ4poMajmkpP/o4=,/tQnCGZDeon883bNx90HE/L5u28=
-23,13,YjHIHde2XRZRhZ4poMajmkpP/o4=,/tQnCGZDeon883bNx90HE/L5u28=
-18,4,YjHIHde2XRZRhZ4poMajmkpP/o4=,4hobfsYqL41JY10wHOb61TjIA7w=
-19,4,YjHIHde2XRZRhZ4poMajmkpP/o4=,4hobfsYqL41JY10wHOb61TjIA7w=
-24,13,YjHIHde2XRZRhZ4poMajmkpP/o4=,/tQnCGZDeon883bNx90HE/L5u28=
-22,4,YjHIHde2XRZRhZ4poMajmkpP/o4=,4hobfsYqL41JY10wHOb61TjIA7w=
-17,12,YjHIHde2XRZRhZ4poMajmkpP/o4=,/tQnCGZDeon883bNx90HE/L5u28=
-20,4,YjHIHde2XRZRhZ4poMajmkpP/o4=,4hobfsYqL41JY10wHOb61TjIA7w=
-18,12,YjHIHde2XRZRhZ4poMajmkpP/o4=,/tQnCGZDeon883bNx90HE/L5u28=
-21,4,YjHIHde2XRZRhZ4poMajmkpP/o4=,4hobfsYqL41JY10wHOb61TjIA7w=
-23,4,9nyseJL6XhUiXMxfROwR7cqNBXc=,4hobfsYqL41JY10wHOb61TjIA7w=
-19,12,YjHIHde2XRZRhZ4poMajmkpP/o4=,/tQnCGZDeon883bNx90HE/L5u28=
-20,12,YjHIHde2XRZRhZ4poMajmkpP/o4=,/tQnCGZDeon883bNx90HE/L5u28=
-17,3,9nyseJL6XhUiXMxfROwR7cqNBXc=,4hobfsYqL41JY10wHOb61TjIA7w=
-24,4,9nyseJL6XhUiXMxfROwR7cqNBXc=,4hobfsYqL41JY10wHOb61TjIA7w=
-18,3,9nyseJL6XhUiXMxfROwR7cqNBXc=,4hobfsYqL41JY10wHOb61TjIA7w=
-21,12,YjHIHde2XRZRhZ4poMajmkpP/o4=,/tQnCGZDeon883bNx90HE/L5u28=
-22,12,YjHIHde2XRZRhZ4poMajmkpP/o4=,/tQnCGZDeon883bNx90HE/L5u28=
-25,10,MU28VsAx1WhCp+WNVj0hswrw01Q=,8XTfGBPNAeFZeUCulc75T5vkCII=
-19,3,9nyseJL6XhUiXMxfROwR7cqNBXc=,4hobfsYqL41JY10wHOb61TjIA7w=
-26,10,MU28VsAx1WhCp+WNVj0hswrw01Q=,8XTfGBPNAeFZeUCulc75T5vkCII=
-27,10,OTgnjU/A5fZbztP/meV88eyzUIQ=,8XTfGBPNAeFZeUCulc75T5vkCII=
-28,10,x3SxEaM1wBuU4pWu7eaizxWwbhE=,8XTfGBPNAeFZeUCulc75T5vkCII=
-29,10,x3SxEaM1wBuU4pWu7eaizxWwbhE=,8XTfGBPNAeFZeUCulc75T5vkCII=
-30,10,x3SxEaM1wBuU4pWu7eaizxWwbhE=,8XTfGBPNAeFZeUCulc75T5vkCII=
-31,10,x3SxEaM1wBuU4pWu7eaizxWwbhE=,8XTfGBPNAeFZeUCulc75T5vkCII=
-23,12,YjHIHde2XRZRhZ4poMajmkpP/o4=,/tQnCGZDeon883bNx90HE/L5u28=
-20,3,9nyseJL6XhUiXMxfROwR7cqNBXc=,4hobfsYqL41JY10wHOb61TjIA7w=
-32,10,x3SxEaM1wBuU4pWu7eaizxWwbhE=,8XTfGBPNAeFZeUCulc75T5vkCII=
-24,12,YjHIHde2XRZRhZ4poMajmkpP/o4=,/tQnCGZDeon883bNx90HE/L5u28=
-21,3,MU28VsAx1WhCp+WNVj0hswrw01Q=,4hobfsYqL41JY10wHOb61TjIA7w=
-25,9,bq+fr0zo6LemVoXbczgRjgYFkas=,8XTfGBPNAeFZeUCulc75T5vkCII=
-17,2,OTgnjU/A5fZbztP/meV88eyzUIQ=,4hobfsYqL41JY10wHOb61TjIA7w=
-26,9,bq+fr0zo6LemVoXbczgRjgYFkas=,8XTfGBPNAeFZeUCulc75T5vkCII=
-17,11,9nyseJL6XhUiXMxfROwR7cqNBXc=,/tQnCGZDeon883bNx90HE/L5u28=
-27,9,bq+fr0zo6LemVoXbczgRjgYFkas=,8XTfGBPNAeFZeUCulc75T5vkCII=
-18,11,9nyseJL6XhUiXMxfROwR7cqNBXc=,/tQnCGZDeon883bNx90HE/L5u28=
-18,2,OTgnjU/A5fZbztP/meV88eyzUIQ=,4hobfsYqL41JY10wHOb61TjIA7w=
-28,9,x3SxEaM1wBuU4pWu7eaizxWwbhE=,8XTfGBPNAeFZeUCulc75T5vkCII=
-19,11,9nyseJL6XhUiXMxfROwR7cqNBXc=,/tQnCGZDeon883bNx90HE/L5u28=
-19,2,OTgnjU/A5fZbztP/meV88eyzUIQ=,4hobfsYqL41JY10wHOb61TjIA7w=
-22,3,MU28VsAx1WhCp+WNVj0hswrw01Q=,4hobfsYqL41JY10wHOb61TjIA7w=
-20,11,9nyseJL6XhUiXMxfROwR7cqNBXc=,/tQnCGZDeon883bNx90HE/L5u28=
-29,9,x3SxEaM1wBuU4pWu7eaizxWwbhE=,8XTfGBPNAeFZeUCulc75T5vkCII=
-30,9,x3SxEaM1wBuU4pWu7eaizxWwbhE=,8XTfGBPNAeFZeUCulc75T5vkCII=
-31,9,x3SxEaM1wBuU4pWu7eaizxWwbhE=,8XTfGBPNAeFZeUCulc75T5vkCII=
-21,11,9nyseJL6XhUiXMxfROwR7cqNBXc=,/tQnCGZDeon883bNx90HE/L5u28=
-20,2,OTgnjU/A5fZbztP/meV88eyzUIQ=,4hobfsYqL41JY10wHOb61TjIA7w=
-32,9,x3SxEaM1wBuU4pWu7eaizxWwbhE=,8XTfGBPNAeFZeUCulc75T5vkCII=
-17,15,daLL6QFX8pJvnQWgb3B2/5pqRbY=,/tQnCGZDeon883bNx90HE/L5u28=
-21,2,OTgnjU/A5fZbztP/meV88eyzUIQ=,4hobfsYqL41JY10wHOb61TjIA7w=
-25,8,bq+fr0zo6LemVoXbczgRjgYFkas=,8XTfGBPNAeFZeUCulc75T5vkCII=
-18,15,daLL6QFX8pJvnQWgb3B2/5pqRbY=,/tQnCGZDeon883bNx90HE/L5u28=
-19,15,daLL6QFX8pJvnQWgb3B2/5pqRbY=,/tQnCGZDeon883bNx90HE/L5u28=
-23,3,MU28VsAx1WhCp+WNVj0hswrw01Q=,4hobfsYqL41JY10wHOb61TjIA7w=
-17,1,bq+fr0zo6LemVoXbczgRjgYFkas=,4hobfsYqL41JY10wHOb61TjIA7w=
-22,11,9nyseJL6XhUiXMxfROwR7cqNBXc=,/tQnCGZDeon883bNx90HE/L5u28=
-24,3,MU28VsAx1WhCp+WNVj0hswrw01Q=,4hobfsYqL41JY10wHOb61TjIA7w=
-22,2,OTgnjU/A5fZbztP/meV88eyzUIQ=,4hobfsYqL41JY10wHOb61TjIA7w=
-18,1,bq+fr0zo6LemVoXbczgRjgYFkas=,4hobfsYqL41JY10wHOb61TjIA7w=
-23,11,9nyseJL6XhUiXMxfROwR7cqNBXc=,/tQnCGZDeon883bNx90HE/L5u28=
-26,8,bq+fr0zo6LemVoXbczgRjgYFkas=,8XTfGBPNAeFZeUCulc75T5vkCII=
-23,2,OTgnjU/A5fZbztP/meV88eyzUIQ=,4hobfsYqL41JY10wHOb61TjIA7w=
-17,7,x3SxEaM1wBuU4pWu7eaizxWwbhE=,4hobfsYqL41JY10wHOb61TjIA7w=
-24,11,9nyseJL6XhUiXMxfROwR7cqNBXc=,/tQnCGZDeon883bNx90HE/L5u28=
-27,8,bq+fr0zo6LemVoXbczgRjgYFkas=,8XTfGBPNAeFZeUCulc75T5vkCII=
-24,2,OTgnjU/A5fZbztP/meV88eyzUIQ=,4hobfsYqL41JY10wHOb61TjIA7w=
-20,15,daLL6QFX8pJvnQWgb3B2/5pqRbY=,/tQnCGZDeon883bNx90HE/L5u28=
-28,8,YjHIHde2XRZRhZ4poMajmkpP/o4=,8XTfGBPNAeFZeUCulc75T5vkCII=
-18,7,x3SxEaM1wBuU4pWu7eaizxWwbhE=,4hobfsYqL41JY10wHOb61TjIA7w=
-21,15,daLL6QFX8pJvnQWgb3B2/5pqRbY=,/tQnCGZDeon883bNx90HE/L5u28=
-29,8,YjHIHde2XRZRhZ4poMajmkpP/o4=,8XTfGBPNAeFZeUCulc75T5vkCII=
-22,1,bq+fr0zo6LemVoXbczgRjgYFkas=,4hobfsYqL41JY10wHOb61TjIA7w=
-23,1,bq+fr0zo6LemVoXbczgRjgYFkas=,4hobfsYqL41JY10wHOb61TjIA7w=
-24,1,bq+fr0zo6LemVoXbczgRjgYFkas=,4hobfsYqL41JY10wHOb61TjIA7w=
-19,1,bq+fr0zo6LemVoXbczgRjgYFkas=,4hobfsYqL41JY10wHOb61TjIA7w=
-22,15,daLL6QFX8pJvnQWgb3B2/5pqRbY=,/tQnCGZDeon883bNx90HE/L5u28=
-25,15,9nyseJL6XhUiXMxfROwR7cqNBXc=,8XTfGBPNAeFZeUCulc75T5vkCII=
-26,15,9nyseJL6XhUiXMxfROwR7cqNBXc=,8XTfGBPNAeFZeUCulc75T5vkCII=
-30,8,YjHIHde2XRZRhZ4poMajmkpP/o4=,8XTfGBPNAeFZeUCulc75T5vkCII=
-27,15,9nyseJL6XhUiXMxfROwR7cqNBXc=,8XTfGBPNAeFZeUCulc75T5vkCII=
-20,1,bq+fr0zo6LemVoXbczgRjgYFkas=,4hobfsYqL41JY10wHOb61TjIA7w=
-31,8,YjHIHde2XRZRhZ4poMajmkpP/o4=,8XTfGBPNAeFZeUCulc75T5vkCII=
-23,15,x3SxEaM1wBuU4pWu7eaizxWwbhE=,/tQnCGZDeon883bNx90HE/L5u28=
-21,1,bq+fr0zo6LemVoXbczgRjgYFkas=,4hobfsYqL41JY10wHOb61TjIA7w=
-32,8,YjHIHde2XRZRhZ4poMajmkpP/o4=,8XTfGBPNAeFZeUCulc75T5vkCII=
-24,15,x3SxEaM1wBuU4pWu7eaizxWwbhE=,/tQnCGZDeon883bNx90HE/L5u28=
-19,7,YjHIHde2XRZRhZ4poMajmkpP/o4=,4hobfsYqL41JY10wHOb61TjIA7w=
-17,14,x3SxEaM1wBuU4pWu7eaizxWwbhE=,/tQnCGZDeon883bNx90HE/L5u28=
-25,7,bq+fr0zo6LemVoXbczgRjgYFkas=,doXpvVII3IfJZ7+qqAckBdkbk9I=
-20,7,YjHIHde2XRZRhZ4poMajmkpP/o4=,4hobfsYqL41JY10wHOb61TjIA7w=
-18,14,x3SxEaM1wBuU4pWu7eaizxWwbhE=,/tQnCGZDeon883bNx90HE/L5u28=
-19,14,x3SxEaM1wBuU4pWu7eaizxWwbhE=,/tQnCGZDeon883bNx90HE/L5u28=
-26,7,SwVu49O7oIY7uDPjpScR0sx1KPQ=,doXpvVII3IfJZ7+qqAckBdkbk9I=
-21,7,YjHIHde2XRZRhZ4poMajmkpP/o4=,4hobfsYqL41JY10wHOb61TjIA7w=
-20,14,x3SxEaM1wBuU4pWu7eaizxWwbhE=,/tQnCGZDeon883bNx90HE/L5u28=
-27,7,SwVu49O7oIY7uDPjpScR0sx1KPQ=,doXpvVII3IfJZ7+qqAckBdkbk9I=
-17,0,bq+fr0zo6LemVoXbczgRjgYFkas=,4hobfsYqL41JY10wHOb61TjIA7w=
-21,14,x3SxEaM1wBuU4pWu7eaizxWwbhE=,/tQnCGZDeon883bNx90HE/L5u28=
-22,7,YjHIHde2XRZRhZ4poMajmkpP/o4=,4hobfsYqL41JY10wHOb61TjIA7w=
-23,7,SwVu49O7oIY7uDPjpScR0sx1KPQ=,4hobfsYqL41JY10wHOb61TjIA7w=
-22,14,x3SxEaM1wBuU4pWu7eaizxWwbhE=,/tQnCGZDeon883bNx90HE/L5u28=
-18,0,bq+fr0zo6LemVoXbczgRjgYFkas=,4hobfsYqL41JY10wHOb61TjIA7w=
-24,7,SwVu49O7oIY7uDPjpScR0sx1KPQ=,4hobfsYqL41JY10wHOb61TjIA7w=
-23,14,x3SxEaM1wBuU4pWu7eaizxWwbhE=,/tQnCGZDeon883bNx90HE/L5u28=
-19,0,bq+fr0zo6LemVoXbczgRjgYFkas=,4hobfsYqL41JY10wHOb61TjIA7w=
-28,7,YjHIHde2XRZRhZ4poMajmkpP/o4=,doXpvVII3IfJZ7+qqAckBdkbk9I=
-24,14,x3SxEaM1wBuU4pWu7eaizxWwbhE=,/tQnCGZDeon883bNx90HE/L5u28=
-20,0,bq+fr0zo6LemVoXbczgRjgYFkas=,4hobfsYqL41JY10wHOb61TjIA7w=
-17,6,SwVu49O7oIY7uDPjpScR0sx1KPQ=,4hobfsYqL41JY10wHOb61TjIA7w=
-29,7,YjHIHde2XRZRhZ4poMajmkpP/o4=,doXpvVII3IfJZ7+qqAckBdkbk9I=
-18,6,SwVu49O7oIY7uDPjpScR0sx1KPQ=,4hobfsYqL41JY10wHOb61TjIA7w=
-30,7,YjHIHde2XRZRhZ4poMajmkpP/o4=,doXpvVII3IfJZ7+qqAckBdkbk9I=
-21,0,SwVu49O7oIY7uDPjpScR0sx1KPQ=,4hobfsYqL41JY10wHOb61TjIA7w=
-31,7,YjHIHde2XRZRhZ4poMajmkpP/o4=,doXpvVII3IfJZ7+qqAckBdkbk9I=
-19,6,SwVu49O7oIY7uDPjpScR0sx1KPQ=,4hobfsYqL41JY10wHOb61TjIA7w=
-32,7,YjHIHde2XRZRhZ4poMajmkpP/o4=,doXpvVII3IfJZ7+qqAckBdkbk9I=
-20,6,SwVu49O7oIY7uDPjpScR0sx1KPQ=,4hobfsYqL41JY10wHOb61TjIA7w=
-25,6,SwVu49O7oIY7uDPjpScR0sx1KPQ=,doXpvVII3IfJZ7+qqAckBdkbk9I=
-21,6,SwVu49O7oIY7uDPjpScR0sx1KPQ=,4hobfsYqL41JY10wHOb61TjIA7w=
-22,0,SwVu49O7oIY7uDPjpScR0sx1KPQ=,4hobfsYqL41JY10wHOb61TjIA7w=
-17,5,sLccLBGAaUXROlTOIQLZS7wz+ds=,4hobfsYqL41JY10wHOb61TjIA7w=
-23,0,SwVu49O7oIY7uDPjpScR0sx1KPQ=,4hobfsYqL41JY10wHOb61TjIA7w=
-24,0,SwVu49O7oIY7uDPjpScR0sx1KPQ=,4hobfsYqL41JY10wHOb61TjIA7w=
-18,5,sLccLBGAaUXROlTOIQLZS7wz+ds=,4hobfsYqL41JY10wHOb61TjIA7w=
-19,5,sLccLBGAaUXROlTOIQLZS7wz+ds=,4hobfsYqL41JY10wHOb61TjIA7w=
-22,6,SwVu49O7oIY7uDPjpScR0sx1KPQ=,4hobfsYqL41JY10wHOb61TjIA7w=
-20,5,sLccLBGAaUXROlTOIQLZS7wz+ds=,4hobfsYqL41JY10wHOb61TjIA7w=
-23,6,sLccLBGAaUXROlTOIQLZS7wz+ds=,4hobfsYqL41JY10wHOb61TjIA7w=
-21,5,sLccLBGAaUXROlTOIQLZS7wz+ds=,4hobfsYqL41JY10wHOb61TjIA7w=
-24,6,sLccLBGAaUXROlTOIQLZS7wz+ds=,4hobfsYqL41JY10wHOb61TjIA7w=
-26,6,SwVu49O7oIY7uDPjpScR0sx1KPQ=,doXpvVII3IfJZ7+qqAckBdkbk9I=
-17,10,x3SxEaM1wBuU4pWu7eaizxWwbhE=,/tQnCGZDeon883bNx90HE/L5u28=
-18,10,x3SxEaM1wBuU4pWu7eaizxWwbhE=,/tQnCGZDeon883bNx90HE/L5u28=
-19,10,YjHIHde2XRZRhZ4poMajmkpP/o4=,/tQnCGZDeon883bNx90HE/L5u28=
-27,6,SwVu49O7oIY7uDPjpScR0sx1KPQ=,doXpvVII3IfJZ7+qqAckBdkbk9I=
-20,10,YjHIHde2XRZRhZ4poMajmkpP/o4=,/tQnCGZDeon883bNx90HE/L5u28=
-21,10,YjHIHde2XRZRhZ4poMajmkpP/o4=,/tQnCGZDeon883bNx90HE/L5u28=
-28,6,YjHIHde2XRZRhZ4poMajmkpP/o4=,doXpvVII3IfJZ7+qqAckBdkbk9I=
-17,9,9nyseJL6XhUiXMxfROwR7cqNBXc=,/tQnCGZDeon883bNx90HE/L5u28=
-29,6,9nyseJL6XhUiXMxfROwR7cqNBXc=,doXpvVII3IfJZ7+qqAckBdkbk9I=
-18,9,9nyseJL6XhUiXMxfROwR7cqNBXc=,/tQnCGZDeon883bNx90HE/L5u28=
-30,6,9nyseJL6XhUiXMxfROwR7cqNBXc=,doXpvVII3IfJZ7+qqAckBdkbk9I=
-19,9,9nyseJL6XhUiXMxfROwR7cqNBXc=,/tQnCGZDeon883bNx90HE/L5u28=
-31,6,9nyseJL6XhUiXMxfROwR7cqNBXc=,doXpvVII3IfJZ7+qqAckBdkbk9I=
-20,9,MU28VsAx1WhCp+WNVj0hswrw01Q=,/tQnCGZDeon883bNx90HE/L5u28=
-22,10,9nyseJL6XhUiXMxfROwR7cqNBXc=,/tQnCGZDeon883bNx90HE/L5u28=
-21,9,MU28VsAx1WhCp+WNVj0hswrw01Q=,/tQnCGZDeon883bNx90HE/L5u28=
-32,6,9nyseJL6XhUiXMxfROwR7cqNBXc=,doXpvVII3IfJZ7+qqAckBdkbk9I=
-22,5,4j/Jn05ROZZc7FGcXdxINq8tYaI=,4hobfsYqL41JY10wHOb61TjIA7w=
-17,8,OTgnjU/A5fZbztP/meV88eyzUIQ=,/tQnCGZDeon883bNx90HE/L5u28=
-18,8,OTgnjU/A5fZbztP/meV88eyzUIQ=,/tQnCGZDeon883bNx90HE/L5u28=
-25,5,SwVu49O7oIY7uDPjpScR0sx1KPQ=,doXpvVII3IfJZ7+qqAckBdkbk9I=
-19,8,OTgnjU/A5fZbztP/meV88eyzUIQ=,/tQnCGZDeon883bNx90HE/L5u28=
-26,5,SwVu49O7oIY7uDPjpScR0sx1KPQ=,doXpvVII3IfJZ7+qqAckBdkbk9I=
-27,5,SwVu49O7oIY7uDPjpScR0sx1KPQ=,doXpvVII3IfJZ7+qqAckBdkbk9I=
-20,8,bq+fr0zo6LemVoXbczgRjgYFkas=,/tQnCGZDeon883bNx90HE/L5u28=
-23,10,9nyseJL6XhUiXMxfROwR7cqNBXc=,/tQnCGZDeon883bNx90HE/L5u28=
-21,8,sLccLBGAaUXROlTOIQLZS7wz+ds=,/tQnCGZDeon883bNx90HE/L5u28=
-17,4,4j/Jn05ROZZc7FGcXdxINq8tYaI=,4hobfsYqL41JY10wHOb61TjIA7w=
-24,10,9nyseJL6XhUiXMxfROwR7cqNBXc=,/tQnCGZDeon883bNx90HE/L5u28=
-28,5,9nyseJL6XhUiXMxfROwR7cqNBXc=,doXpvVII3IfJZ7+qqAckBdkbk9I=
-29,5,9nyseJL6XhUiXMxfROwR7cqNBXc=,doXpvVII3IfJZ7+qqAckBdkbk9I=
-30,5,9nyseJL6XhUiXMxfROwR7cqNBXc=,doXpvVII3IfJZ7+qqAckBdkbk9I=
-31,5,9nyseJL6XhUiXMxfROwR7cqNBXc=,doXpvVII3IfJZ7+qqAckBdkbk9I=
-32,5,9nyseJL6XhUiXMxfROwR7cqNBXc=,doXpvVII3IfJZ7+qqAckBdkbk9I=
-25,4,SwVu49O7oIY7uDPjpScR0sx1KPQ=,doXpvVII3IfJZ7+qqAckBdkbk9I=
-26,4,SwVu49O7oIY7uDPjpScR0sx1KPQ=,doXpvVII3IfJZ7+qqAckBdkbk9I=
-27,4,SwVu49O7oIY7uDPjpScR0sx1KPQ=,doXpvVII3IfJZ7+qqAckBdkbk9I=
-28,4,9nyseJL6XhUiXMxfROwR7cqNBXc=,doXpvVII3IfJZ7+qqAckBdkbk9I=
-29,4,9nyseJL6XhUiXMxfROwR7cqNBXc=,doXpvVII3IfJZ7+qqAckBdkbk9I=
-30,4,9nyseJL6XhUiXMxfROwR7cqNBXc=,doXpvVII3IfJZ7+qqAckBdkbk9I=
-22,9,MU28VsAx1WhCp+WNVj0hswrw01Q=,/tQnCGZDeon883bNx90HE/L5u28=
-23,9,MU28VsAx1WhCp+WNVj0hswrw01Q=,/tQnCGZDeon883bNx90HE/L5u28=
-24,9,MU28VsAx1WhCp+WNVj0hswrw01Q=,/tQnCGZDeon883bNx90HE/L5u28=
-31,4,MU28VsAx1WhCp+WNVj0hswrw01Q=,doXpvVII3IfJZ7+qqAckBdkbk9I=
-32,4,MU28VsAx1WhCp+WNVj0hswrw01Q=,doXpvVII3IfJZ7+qqAckBdkbk9I=
-25,3,SwVu49O7oIY7uDPjpScR0sx1KPQ=,doXpvVII3IfJZ7+qqAckBdkbk9I=
-26,3,SwVu49O7oIY7uDPjpScR0sx1KPQ=,doXpvVII3IfJZ7+qqAckBdkbk9I=
-27,3,SwVu49O7oIY7uDPjpScR0sx1KPQ=,doXpvVII3IfJZ7+qqAckBdkbk9I=
-28,3,MU28VsAx1WhCp+WNVj0hswrw01Q=,doXpvVII3IfJZ7+qqAckBdkbk9I=
-29,3,MU28VsAx1WhCp+WNVj0hswrw01Q=,doXpvVII3IfJZ7+qqAckBdkbk9I=
-30,3,MU28VsAx1WhCp+WNVj0hswrw01Q=,doXpvVII3IfJZ7+qqAckBdkbk9I=
-31,3,MU28VsAx1WhCp+WNVj0hswrw01Q=,doXpvVII3IfJZ7+qqAckBdkbk9I=
-32,3,MU28VsAx1WhCp+WNVj0hswrw01Q=,doXpvVII3IfJZ7+qqAckBdkbk9I=
-25,2,sLccLBGAaUXROlTOIQLZS7wz+ds=,doXpvVII3IfJZ7+qqAckBdkbk9I=
-26,2,sLccLBGAaUXROlTOIQLZS7wz+ds=,doXpvVII3IfJZ7+qqAckBdkbk9I=
-27,2,sLccLBGAaUXROlTOIQLZS7wz+ds=,doXpvVII3IfJZ7+qqAckBdkbk9I=
-22,8,sLccLBGAaUXROlTOIQLZS7wz+ds=,/tQnCGZDeon883bNx90HE/L5u28=
-23,8,sLccLBGAaUXROlTOIQLZS7wz+ds=,/tQnCGZDeon883bNx90HE/L5u28=
-24,8,sLccLBGAaUXROlTOIQLZS7wz+ds=,/tQnCGZDeon883bNx90HE/L5u28=
-28,2,MU28VsAx1WhCp+WNVj0hswrw01Q=,doXpvVII3IfJZ7+qqAckBdkbk9I=
-29,2,MU28VsAx1WhCp+WNVj0hswrw01Q=,doXpvVII3IfJZ7+qqAckBdkbk9I=
-30,2,MU28VsAx1WhCp+WNVj0hswrw01Q=,doXpvVII3IfJZ7+qqAckBdkbk9I=
-31,2,OTgnjU/A5fZbztP/meV88eyzUIQ=,doXpvVII3IfJZ7+qqAckBdkbk9I=
-32,2,OTgnjU/A5fZbztP/meV88eyzUIQ=,doXpvVII3IfJZ7+qqAckBdkbk9I=
-25,1,sLccLBGAaUXROlTOIQLZS7wz+ds=,doXpvVII3IfJZ7+qqAckBdkbk9I=
-26,1,sLccLBGAaUXROlTOIQLZS7wz+ds=,doXpvVII3IfJZ7+qqAckBdkbk9I=
-27,1,sLccLBGAaUXROlTOIQLZS7wz+ds=,doXpvVII3IfJZ7+qqAckBdkbk9I=
-28,1,OTgnjU/A5fZbztP/meV88eyzUIQ=,doXpvVII3IfJZ7+qqAckBdkbk9I=
-29,1,OTgnjU/A5fZbztP/meV88eyzUIQ=,doXpvVII3IfJZ7+qqAckBdkbk9I=
-30,1,OTgnjU/A5fZbztP/meV88eyzUIQ=,doXpvVII3IfJZ7+qqAckBdkbk9I=
-31,1,OTgnjU/A5fZbztP/meV88eyzUIQ=,doXpvVII3IfJZ7+qqAckBdkbk9I=
-32,1,OTgnjU/A5fZbztP/meV88eyzUIQ=,doXpvVII3IfJZ7+qqAckBdkbk9I=
-23,5,4j/Jn05ROZZc7FGcXdxINq8tYaI=,4hobfsYqL41JY10wHOb61TjIA7w=
-24,5,4j/Jn05ROZZc7FGcXdxINq8tYaI=,4hobfsYqL41JY10wHOb61TjIA7w=
-25,0,sLccLBGAaUXROlTOIQLZS7wz+ds=,doXpvVII3IfJZ7+qqAckBdkbk9I=
-26,0,sLccLBGAaUXROlTOIQLZS7wz+ds=,doXpvVII3IfJZ7+qqAckBdkbk9I=
-27,0,sLccLBGAaUXROlTOIQLZS7wz+ds=,doXpvVII3IfJZ7+qqAckBdkbk9I=
-28,0,OTgnjU/A5fZbztP/meV88eyzUIQ=,doXpvVII3IfJZ7+qqAckBdkbk9I=
-29,0,OTgnjU/A5fZbztP/meV88eyzUIQ=,doXpvVII3IfJZ7+qqAckBdkbk9I=
-30,0,OTgnjU/A5fZbztP/meV88eyzUIQ=,doXpvVII3IfJZ7+qqAckBdkbk9I=
-31,0,OTgnjU/A5fZbztP/meV88eyzUIQ=,doXpvVII3IfJZ7+qqAckBdkbk9I=
-32,0,OTgnjU/A5fZbztP/meV88eyzUIQ=,doXpvVII3IfJZ7+qqAckBdkbk9I=
-32,20,4j/Jn05ROZZc7FGcXdxINq8tYaI=,HGjeN1cpJImA5WzCg8kkqLpISF0=
-28,19,4j/Jn05ROZZc7FGcXdxINq8tYaI=,HGjeN1cpJImA5WzCg8kkqLpISF0=
-29,19,4j/Jn05ROZZc7FGcXdxINq8tYaI=,HGjeN1cpJImA5WzCg8kkqLpISF0=
-30,19,4j/Jn05ROZZc7FGcXdxINq8tYaI=,HGjeN1cpJImA5WzCg8kkqLpISF0=
-31,19,4j/Jn05ROZZc7FGcXdxINq8tYaI=,HGjeN1cpJImA5WzCg8kkqLpISF0=
-32,19,4j/Jn05ROZZc7FGcXdxINq8tYaI=,HGjeN1cpJImA5WzCg8kkqLpISF0=
-28,20,4j/Jn05ROZZc7FGcXdxINq8tYaI=,HGjeN1cpJImA5WzCg8kkqLpISF0=
-29,20,4j/Jn05ROZZc7FGcXdxINq8tYaI=,HGjeN1cpJImA5WzCg8kkqLpISF0=
-30,20,4j/Jn05ROZZc7FGcXdxINq8tYaI=,HGjeN1cpJImA5WzCg8kkqLpISF0=
-31,20,4j/Jn05ROZZc7FGcXdxINq8tYaI=,HGjeN1cpJImA5WzCg8kkqLpISF0=
-28,18,4j/Jn05ROZZc7FGcXdxINq8tYaI=,HGjeN1cpJImA5WzCg8kkqLpISF0=
-29,18,4j/Jn05ROZZc7FGcXdxINq8tYaI=,HGjeN1cpJImA5WzCg8kkqLpISF0=
-30,18,4j/Jn05ROZZc7FGcXdxINq8tYaI=,HGjeN1cpJImA5WzCg8kkqLpISF0=
-31,18,4j/Jn05ROZZc7FGcXdxINq8tYaI=,HGjeN1cpJImA5WzCg8kkqLpISF0=
-32,18,4j/Jn05ROZZc7FGcXdxINq8tYaI=,HGjeN1cpJImA5WzCg8kkqLpISF0=
-28,17,4j/Jn05ROZZc7FGcXdxINq8tYaI=,HGjeN1cpJImA5WzCg8kkqLpISF0=
-29,17,4j/Jn05ROZZc7FGcXdxINq8tYaI=,HGjeN1cpJImA5WzCg8kkqLpISF0=
-30,17,4j/Jn05ROZZc7FGcXdxINq8tYaI=,HGjeN1cpJImA5WzCg8kkqLpISF0=
-31,17,4j/Jn05ROZZc7FGcXdxINq8tYaI=,HGjeN1cpJImA5WzCg8kkqLpISF0=
-32,17,4j/Jn05ROZZc7FGcXdxINq8tYaI=,HGjeN1cpJImA5WzCg8kkqLpISF0=
-28,16,4j/Jn05ROZZc7FGcXdxINq8tYaI=,HGjeN1cpJImA5WzCg8kkqLpISF0=
-29,16,4j/Jn05ROZZc7FGcXdxINq8tYaI=,HGjeN1cpJImA5WzCg8kkqLpISF0=
-28,23,4j/Jn05ROZZc7FGcXdxINq8tYaI=,HGjeN1cpJImA5WzCg8kkqLpISF0=
-30,16,4j/Jn05ROZZc7FGcXdxINq8tYaI=,HGjeN1cpJImA5WzCg8kkqLpISF0=
-29,23,4j/Jn05ROZZc7FGcXdxINq8tYaI=,HGjeN1cpJImA5WzCg8kkqLpISF0=
-31,16,4j/Jn05ROZZc7FGcXdxINq8tYaI=,HGjeN1cpJImA5WzCg8kkqLpISF0=
-32,23,4j/Jn05ROZZc7FGcXdxINq8tYaI=,HGjeN1cpJImA5WzCg8kkqLpISF0=
-32,16,4j/Jn05ROZZc7FGcXdxINq8tYaI=,HGjeN1cpJImA5WzCg8kkqLpISF0=
-28,22,4j/Jn05ROZZc7FGcXdxINq8tYaI=,HGjeN1cpJImA5WzCg8kkqLpISF0=
-29,22,4j/Jn05ROZZc7FGcXdxINq8tYaI=,HGjeN1cpJImA5WzCg8kkqLpISF0=
-30,22,4j/Jn05ROZZc7FGcXdxINq8tYaI=,HGjeN1cpJImA5WzCg8kkqLpISF0=
-31,22,4j/Jn05ROZZc7FGcXdxINq8tYaI=,HGjeN1cpJImA5WzCg8kkqLpISF0=
-32,22,4j/Jn05ROZZc7FGcXdxINq8tYaI=,HGjeN1cpJImA5WzCg8kkqLpISF0=
-28,21,4j/Jn05ROZZc7FGcXdxINq8tYaI=,HGjeN1cpJImA5WzCg8kkqLpISF0=
-29,21,4j/Jn05ROZZc7FGcXdxINq8tYaI=,HGjeN1cpJImA5WzCg8kkqLpISF0=
-30,21,4j/Jn05ROZZc7FGcXdxINq8tYaI=,HGjeN1cpJImA5WzCg8kkqLpISF0=
-31,21,4j/Jn05ROZZc7FGcXdxINq8tYaI=,HGjeN1cpJImA5WzCg8kkqLpISF0=
-32,21,4j/Jn05ROZZc7FGcXdxINq8tYaI=,HGjeN1cpJImA5WzCg8kkqLpISF0=
-30,23,4j/Jn05ROZZc7FGcXdxINq8tYaI=,HGjeN1cpJImA5WzCg8kkqLpISF0=
-31,23,4j/Jn05ROZZc7FGcXdxINq8tYaI=,HGjeN1cpJImA5WzCg8kkqLpISF0=
-17,16,wxKfdE4pFJ9HRzc7UlbAOhHOsSQ=,UF6T5xiAejpLCngncJlYSZMM5sE=
-18,16,wxKfdE4pFJ9HRzc7UlbAOhHOsSQ=,UF6T5xiAejpLCngncJlYSZMM5sE=
-19,16,wxKfdE4pFJ9HRzc7UlbAOhHOsSQ=,UF6T5xiAejpLCngncJlYSZMM5sE=
-20,16,wxKfdE4pFJ9HRzc7UlbAOhHOsSQ=,UF6T5xiAejpLCngncJlYSZMM5sE=
-21,16,wxKfdE4pFJ9HRzc7UlbAOhHOsSQ=,UF6T5xiAejpLCngncJlYSZMM5sE=
-22,16,wxKfdE4pFJ9HRzc7UlbAOhHOsSQ=,UF6T5xiAejpLCngncJlYSZMM5sE=
-23,16,wxKfdE4pFJ9HRzc7UlbAOhHOsSQ=,UF6T5xiAejpLCngncJlYSZMM5sE=
-24,16,wxKfdE4pFJ9HRzc7UlbAOhHOsSQ=,UF6T5xiAejpLCngncJlYSZMM5sE=
-25,23,wxKfdE4pFJ9HRzc7UlbAOhHOsSQ=,HGjeN1cpJImA5WzCg8kkqLpISF0=
-26,23,wxKfdE4pFJ9HRzc7UlbAOhHOsSQ=,HGjeN1cpJImA5WzCg8kkqLpISF0=
-27,23,wxKfdE4pFJ9HRzc7UlbAOhHOsSQ=,HGjeN1cpJImA5WzCg8kkqLpISF0=
-25,22,wxKfdE4pFJ9HRzc7UlbAOhHOsSQ=,HGjeN1cpJImA5WzCg8kkqLpISF0=
-26,22,wxKfdE4pFJ9HRzc7UlbAOhHOsSQ=,HGjeN1cpJImA5WzCg8kkqLpISF0=
-17,23,wxKfdE4pFJ9HRzc7UlbAOhHOsSQ=,UF6T5xiAejpLCngncJlYSZMM5sE=
-18,23,wxKfdE4pFJ9HRzc7UlbAOhHOsSQ=,UF6T5xiAejpLCngncJlYSZMM5sE=
-19,23,wxKfdE4pFJ9HRzc7UlbAOhHOsSQ=,UF6T5xiAejpLCngncJlYSZMM5sE=
-20,23,wxKfdE4pFJ9HRzc7UlbAOhHOsSQ=,UF6T5xiAejpLCngncJlYSZMM5sE=
-21,23,wxKfdE4pFJ9HRzc7UlbAOhHOsSQ=,UF6T5xiAejpLCngncJlYSZMM5sE=
-22,23,wxKfdE4pFJ9HRzc7UlbAOhHOsSQ=,UF6T5xiAejpLCngncJlYSZMM5sE=
-27,22,wxKfdE4pFJ9HRzc7UlbAOhHOsSQ=,HGjeN1cpJImA5WzCg8kkqLpISF0=
-23,23,wxKfdE4pFJ9HRzc7UlbAOhHOsSQ=,UF6T5xiAejpLCngncJlYSZMM5sE=
-24,23,4j/Jn05ROZZc7FGcXdxINq8tYaI=,UF6T5xiAejpLCngncJlYSZMM5sE=
-17,22,4j/Jn05ROZZc7FGcXdxINq8tYaI=,UF6T5xiAejpLCngncJlYSZMM5sE=
-18,22,4j/Jn05ROZZc7FGcXdxINq8tYaI=,UF6T5xiAejpLCngncJlYSZMM5sE=
-25,19,wxKfdE4pFJ9HRzc7UlbAOhHOsSQ=,HGjeN1cpJImA5WzCg8kkqLpISF0=
-19,22,4j/Jn05ROZZc7FGcXdxINq8tYaI=,UF6T5xiAejpLCngncJlYSZMM5sE=
-26,19,wxKfdE4pFJ9HRzc7UlbAOhHOsSQ=,HGjeN1cpJImA5WzCg8kkqLpISF0=
-20,22,4j/Jn05ROZZc7FGcXdxINq8tYaI=,UF6T5xiAejpLCngncJlYSZMM5sE=
-21,22,4j/Jn05ROZZc7FGcXdxINq8tYaI=,UF6T5xiAejpLCngncJlYSZMM5sE=
-27,19,wxKfdE4pFJ9HRzc7UlbAOhHOsSQ=,HGjeN1cpJImA5WzCg8kkqLpISF0=
-22,22,4j/Jn05ROZZc7FGcXdxINq8tYaI=,UF6T5xiAejpLCngncJlYSZMM5sE=
-23,22,4j/Jn05ROZZc7FGcXdxINq8tYaI=,UF6T5xiAejpLCngncJlYSZMM5sE=
-24,22,4j/Jn05ROZZc7FGcXdxINq8tYaI=,UF6T5xiAejpLCngncJlYSZMM5sE=
-17,21,4j/Jn05ROZZc7FGcXdxINq8tYaI=,UF6T5xiAejpLCngncJlYSZMM5sE=
-18,21,4j/Jn05ROZZc7FGcXdxINq8tYaI=,UF6T5xiAejpLCngncJlYSZMM5sE=
-19,21,4j/Jn05ROZZc7FGcXdxINq8tYaI=,UF6T5xiAejpLCngncJlYSZMM5sE=
-20,21,4j/Jn05ROZZc7FGcXdxINq8tYaI=,UF6T5xiAejpLCngncJlYSZMM5sE=
-21,21,eVFaVuGBq/4yVvVVkrzxA378qJo=,UF6T5xiAejpLCngncJlYSZMM5sE=
-25,21,wxKfdE4pFJ9HRzc7UlbAOhHOsSQ=,HGjeN1cpJImA5WzCg8kkqLpISF0=
-26,21,wxKfdE4pFJ9HRzc7UlbAOhHOsSQ=,HGjeN1cpJImA5WzCg8kkqLpISF0=
-27,21,wxKfdE4pFJ9HRzc7UlbAOhHOsSQ=,HGjeN1cpJImA5WzCg8kkqLpISF0=
-22,21,eVFaVuGBq/4yVvVVkrzxA378qJo=,UF6T5xiAejpLCngncJlYSZMM5sE=
-23,21,eVFaVuGBq/4yVvVVkrzxA378qJo=,UF6T5xiAejpLCngncJlYSZMM5sE=
-24,21,eVFaVuGBq/4yVvVVkrzxA378qJo=,UF6T5xiAejpLCngncJlYSZMM5sE=
-17,20,eVFaVuGBq/4yVvVVkrzxA378qJo=,UF6T5xiAejpLCngncJlYSZMM5sE=
-18,20,eVFaVuGBq/4yVvVVkrzxA378qJo=,UF6T5xiAejpLCngncJlYSZMM5sE=
-19,20,eVFaVuGBq/4yVvVVkrzxA378qJo=,UF6T5xiAejpLCngncJlYSZMM5sE=
-20,20,eVFaVuGBq/4yVvVVkrzxA378qJo=,UF6T5xiAejpLCngncJlYSZMM5sE=
-21,20,eVFaVuGBq/4yVvVVkrzxA378qJo=,UF6T5xiAejpLCngncJlYSZMM5sE=
-22,20,eVFaVuGBq/4yVvVVkrzxA378qJo=,UF6T5xiAejpLCngncJlYSZMM5sE=
-23,20,eVFaVuGBq/4yVvVVkrzxA378qJo=,UF6T5xiAejpLCngncJlYSZMM5sE=
-24,20,eVFaVuGBq/4yVvVVkrzxA378qJo=,UF6T5xiAejpLCngncJlYSZMM5sE=
-17,19,eVFaVuGBq/4yVvVVkrzxA378qJo=,UF6T5xiAejpLCngncJlYSZMM5sE=
-18,19,eVFaVuGBq/4yVvVVkrzxA378qJo=,UF6T5xiAejpLCngncJlYSZMM5sE=
-19,19,eVFaVuGBq/4yVvVVkrzxA378qJo=,UF6T5xiAejpLCngncJlYSZMM5sE=
-20,19,eVFaVuGBq/4yVvVVkrzxA378qJo=,UF6T5xiAejpLCngncJlYSZMM5sE=
-21,19,eVFaVuGBq/4yVvVVkrzxA378qJo=,UF6T5xiAejpLCngncJlYSZMM5sE=
-22,19,eVFaVuGBq/4yVvVVkrzxA378qJo=,UF6T5xiAejpLCngncJlYSZMM5sE=
-25,20,wxKfdE4pFJ9HRzc7UlbAOhHOsSQ=,HGjeN1cpJImA5WzCg8kkqLpISF0=
-23,19,eVFaVuGBq/4yVvVVkrzxA378qJo=,UF6T5xiAejpLCngncJlYSZMM5sE=
-24,19,eVFaVuGBq/4yVvVVkrzxA378qJo=,UF6T5xiAejpLCngncJlYSZMM5sE=
-17,18,eVFaVuGBq/4yVvVVkrzxA378qJo=,UF6T5xiAejpLCngncJlYSZMM5sE=
-18,18,eVFaVuGBq/4yVvVVkrzxA378qJo=,UF6T5xiAejpLCngncJlYSZMM5sE=
-19,18,eVFaVuGBq/4yVvVVkrzxA378qJo=,UF6T5xiAejpLCngncJlYSZMM5sE=
-26,20,wxKfdE4pFJ9HRzc7UlbAOhHOsSQ=,HGjeN1cpJImA5WzCg8kkqLpISF0=
-20,18,eVFaVuGBq/4yVvVVkrzxA378qJo=,UF6T5xiAejpLCngncJlYSZMM5sE=
-21,18,eVFaVuGBq/4yVvVVkrzxA378qJo=,UF6T5xiAejpLCngncJlYSZMM5sE=
-22,18,eVFaVuGBq/4yVvVVkrzxA378qJo=,UF6T5xiAejpLCngncJlYSZMM5sE=
-27,20,wxKfdE4pFJ9HRzc7UlbAOhHOsSQ=,HGjeN1cpJImA5WzCg8kkqLpISF0=
-23,18,eVFaVuGBq/4yVvVVkrzxA378qJo=,UF6T5xiAejpLCngncJlYSZMM5sE=
-24,18,eVFaVuGBq/4yVvVVkrzxA378qJo=,UF6T5xiAejpLCngncJlYSZMM5sE=
-17,17,eVFaVuGBq/4yVvVVkrzxA378qJo=,UF6T5xiAejpLCngncJlYSZMM5sE=
-18,17,wxKfdE4pFJ9HRzc7UlbAOhHOsSQ=,UF6T5xiAejpLCngncJlYSZMM5sE=
-19,17,wxKfdE4pFJ9HRzc7UlbAOhHOsSQ=,UF6T5xiAejpLCngncJlYSZMM5sE=
-25,18,wxKfdE4pFJ9HRzc7UlbAOhHOsSQ=,HGjeN1cpJImA5WzCg8kkqLpISF0=
-26,18,wxKfdE4pFJ9HRzc7UlbAOhHOsSQ=,HGjeN1cpJImA5WzCg8kkqLpISF0=
-27,18,wxKfdE4pFJ9HRzc7UlbAOhHOsSQ=,HGjeN1cpJImA5WzCg8kkqLpISF0=
-20,17,wxKfdE4pFJ9HRzc7UlbAOhHOsSQ=,UF6T5xiAejpLCngncJlYSZMM5sE=
-21,17,wxKfdE4pFJ9HRzc7UlbAOhHOsSQ=,UF6T5xiAejpLCngncJlYSZMM5sE=
-22,17,wxKfdE4pFJ9HRzc7UlbAOhHOsSQ=,UF6T5xiAejpLCngncJlYSZMM5sE=
-25,17,wxKfdE4pFJ9HRzc7UlbAOhHOsSQ=,HGjeN1cpJImA5WzCg8kkqLpISF0=
-26,17,wxKfdE4pFJ9HRzc7UlbAOhHOsSQ=,HGjeN1cpJImA5WzCg8kkqLpISF0=
-27,17,wxKfdE4pFJ9HRzc7UlbAOhHOsSQ=,HGjeN1cpJImA5WzCg8kkqLpISF0=
-23,17,wxKfdE4pFJ9HRzc7UlbAOhHOsSQ=,UF6T5xiAejpLCngncJlYSZMM5sE=
-24,17,wxKfdE4pFJ9HRzc7UlbAOhHOsSQ=,UF6T5xiAejpLCngncJlYSZMM5sE=
-25,16,wxKfdE4pFJ9HRzc7UlbAOhHOsSQ=,HGjeN1cpJImA5WzCg8kkqLpISF0=
-26,16,wxKfdE4pFJ9HRzc7UlbAOhHOsSQ=,HGjeN1cpJImA5WzCg8kkqLpISF0=
-27,16,wxKfdE4pFJ9HRzc7UlbAOhHOsSQ=,HGjeN1cpJImA5WzCg8kkqLpISF0=
-1,19,GpMG7TusuY+MYdaQtGYK8I5MgGk=,mBpDF6oyYbNgLR3aLcfwvxVNgdY=
-2,19,GpMG7TusuY+MYdaQtGYK8I5MgGk=,mBpDF6oyYbNgLR3aLcfwvxVNgdY=
-3,19,GpMG7TusuY+MYdaQtGYK8I5MgGk=,mBpDF6oyYbNgLR3aLcfwvxVNgdY=
-4,19,GpMG7TusuY+MYdaQtGYK8I5MgGk=,mBpDF6oyYbNgLR3aLcfwvxVNgdY=
-5,19,GpMG7TusuY+MYdaQtGYK8I5MgGk=,mBpDF6oyYbNgLR3aLcfwvxVNgdY=
-1,18,GpMG7TusuY+MYdaQtGYK8I5MgGk=,mBpDF6oyYbNgLR3aLcfwvxVNgdY=
-2,18,GpMG7TusuY+MYdaQtGYK8I5MgGk=,mBpDF6oyYbNgLR3aLcfwvxVNgdY=
-3,18,GpMG7TusuY+MYdaQtGYK8I5MgGk=,mBpDF6oyYbNgLR3aLcfwvxVNgdY=
-4,18,GpMG7TusuY+MYdaQtGYK8I5MgGk=,mBpDF6oyYbNgLR3aLcfwvxVNgdY=
-5,18,GpMG7TusuY+MYdaQtGYK8I5MgGk=,mBpDF6oyYbNgLR3aLcfwvxVNgdY=
-1,17,GpMG7TusuY+MYdaQtGYK8I5MgGk=,mBpDF6oyYbNgLR3aLcfwvxVNgdY=
-2,17,GpMG7TusuY+MYdaQtGYK8I5MgGk=,mBpDF6oyYbNgLR3aLcfwvxVNgdY=
-3,17,GpMG7TusuY+MYdaQtGYK8I5MgGk=,mBpDF6oyYbNgLR3aLcfwvxVNgdY=
-4,17,GpMG7TusuY+MYdaQtGYK8I5MgGk=,mBpDF6oyYbNgLR3aLcfwvxVNgdY=
-5,17,GpMG7TusuY+MYdaQtGYK8I5MgGk=,mBpDF6oyYbNgLR3aLcfwvxVNgdY=
-1,16,GpMG7TusuY+MYdaQtGYK8I5MgGk=,mBpDF6oyYbNgLR3aLcfwvxVNgdY=
-2,16,GpMG7TusuY+MYdaQtGYK8I5MgGk=,mBpDF6oyYbNgLR3aLcfwvxVNgdY=
-3,16,GpMG7TusuY+MYdaQtGYK8I5MgGk=,mBpDF6oyYbNgLR3aLcfwvxVNgdY=
-4,16,GpMG7TusuY+MYdaQtGYK8I5MgGk=,mBpDF6oyYbNgLR3aLcfwvxVNgdY=
-5,16,GpMG7TusuY+MYdaQtGYK8I5MgGk=,mBpDF6oyYbNgLR3aLcfwvxVNgdY=
-1,20,GpMG7TusuY+MYdaQtGYK8I5MgGk=,mBpDF6oyYbNgLR3aLcfwvxVNgdY=
-2,20,GpMG7TusuY+MYdaQtGYK8I5MgGk=,mBpDF6oyYbNgLR3aLcfwvxVNgdY=
-3,20,GpMG7TusuY+MYdaQtGYK8I5MgGk=,mBpDF6oyYbNgLR3aLcfwvxVNgdY=
-4,20,GpMG7TusuY+MYdaQtGYK8I5MgGk=,mBpDF6oyYbNgLR3aLcfwvxVNgdY=
-5,20,GpMG7TusuY+MYdaQtGYK8I5MgGk=,mBpDF6oyYbNgLR3aLcfwvxVNgdY=
-1,23,GpMG7TusuY+MYdaQtGYK8I5MgGk=,mBpDF6oyYbNgLR3aLcfwvxVNgdY=
-2,23,GpMG7TusuY+MYdaQtGYK8I5MgGk=,mBpDF6oyYbNgLR3aLcfwvxVNgdY=
-3,23,GpMG7TusuY+MYdaQtGYK8I5MgGk=,mBpDF6oyYbNgLR3aLcfwvxVNgdY=
-4,23,GpMG7TusuY+MYdaQtGYK8I5MgGk=,mBpDF6oyYbNgLR3aLcfwvxVNgdY=
-5,23,GpMG7TusuY+MYdaQtGYK8I5MgGk=,mBpDF6oyYbNgLR3aLcfwvxVNgdY=
-1,21,GpMG7TusuY+MYdaQtGYK8I5MgGk=,mBpDF6oyYbNgLR3aLcfwvxVNgdY=
-2,21,GpMG7TusuY+MYdaQtGYK8I5MgGk=,mBpDF6oyYbNgLR3aLcfwvxVNgdY=
-3,21,GpMG7TusuY+MYdaQtGYK8I5MgGk=,mBpDF6oyYbNgLR3aLcfwvxVNgdY=
-4,21,GpMG7TusuY+MYdaQtGYK8I5MgGk=,mBpDF6oyYbNgLR3aLcfwvxVNgdY=
-8,20,GpMG7TusuY+MYdaQtGYK8I5MgGk=,mBpDF6oyYbNgLR3aLcfwvxVNgdY=
-5,21,GpMG7TusuY+MYdaQtGYK8I5MgGk=,mBpDF6oyYbNgLR3aLcfwvxVNgdY=
-6,19,NYLU0YomCRe3UZkvq7D3xgR3nco=,mBpDF6oyYbNgLR3aLcfwvxVNgdY=
-1,22,GpMG7TusuY+MYdaQtGYK8I5MgGk=,mBpDF6oyYbNgLR3aLcfwvxVNgdY=
-7,19,NYLU0YomCRe3UZkvq7D3xgR3nco=,mBpDF6oyYbNgLR3aLcfwvxVNgdY=
-2,22,GpMG7TusuY+MYdaQtGYK8I5MgGk=,mBpDF6oyYbNgLR3aLcfwvxVNgdY=
-8,19,NYLU0YomCRe3UZkvq7D3xgR3nco=,mBpDF6oyYbNgLR3aLcfwvxVNgdY=
-3,22,GpMG7TusuY+MYdaQtGYK8I5MgGk=,mBpDF6oyYbNgLR3aLcfwvxVNgdY=
-6,18,GpMG7TusuY+MYdaQtGYK8I5MgGk=,mBpDF6oyYbNgLR3aLcfwvxVNgdY=
-4,22,GpMG7TusuY+MYdaQtGYK8I5MgGk=,mBpDF6oyYbNgLR3aLcfwvxVNgdY=
-7,18,GpMG7TusuY+MYdaQtGYK8I5MgGk=,mBpDF6oyYbNgLR3aLcfwvxVNgdY=
-5,22,GpMG7TusuY+MYdaQtGYK8I5MgGk=,mBpDF6oyYbNgLR3aLcfwvxVNgdY=
-8,18,GpMG7TusuY+MYdaQtGYK8I5MgGk=,mBpDF6oyYbNgLR3aLcfwvxVNgdY=
-6,17,GpMG7TusuY+MYdaQtGYK8I5MgGk=,mBpDF6oyYbNgLR3aLcfwvxVNgdY=
-7,17,GpMG7TusuY+MYdaQtGYK8I5MgGk=,mBpDF6oyYbNgLR3aLcfwvxVNgdY=
-8,17,GpMG7TusuY+MYdaQtGYK8I5MgGk=,mBpDF6oyYbNgLR3aLcfwvxVNgdY=
-6,16,GpMG7TusuY+MYdaQtGYK8I5MgGk=,mBpDF6oyYbNgLR3aLcfwvxVNgdY=
-7,16,GpMG7TusuY+MYdaQtGYK8I5MgGk=,mBpDF6oyYbNgLR3aLcfwvxVNgdY=
-8,16,GpMG7TusuY+MYdaQtGYK8I5MgGk=,mBpDF6oyYbNgLR3aLcfwvxVNgdY=
-9,23,GpMG7TusuY+MYdaQtGYK8I5MgGk=,gkVD6p/8xcDIP28QvwnKxO290Gc=
-10,23,GpMG7TusuY+MYdaQtGYK8I5MgGk=,gkVD6p/8xcDIP28QvwnKxO290Gc=
-11,23,GpMG7TusuY+MYdaQtGYK8I5MgGk=,gkVD6p/8xcDIP28QvwnKxO290Gc=
-12,23,GpMG7TusuY+MYdaQtGYK8I5MgGk=,gkVD6p/8xcDIP28QvwnKxO290Gc=
-13,23,GpMG7TusuY+MYdaQtGYK8I5MgGk=,gkVD6p/8xcDIP28QvwnKxO290Gc=
-15,18,NYLU0YomCRe3UZkvq7D3xgR3nco=,gkVD6p/8xcDIP28QvwnKxO290Gc=
-16,18,NYLU0YomCRe3UZkvq7D3xgR3nco=,gkVD6p/8xcDIP28QvwnKxO290Gc=
-9,17,NYLU0YomCRe3UZkvq7D3xgR3nco=,gkVD6p/8xcDIP28QvwnKxO290Gc=
-14,23,GpMG7TusuY+MYdaQtGYK8I5MgGk=,gkVD6p/8xcDIP28QvwnKxO290Gc=
-15,23,GpMG7TusuY+MYdaQtGYK8I5MgGk=,gkVD6p/8xcDIP28QvwnKxO290Gc=
-16,23,GpMG7TusuY+MYdaQtGYK8I5MgGk=,gkVD6p/8xcDIP28QvwnKxO290Gc=
-9,22,GpMG7TusuY+MYdaQtGYK8I5MgGk=,gkVD6p/8xcDIP28QvwnKxO290Gc=
-10,22,GpMG7TusuY+MYdaQtGYK8I5MgGk=,gkVD6p/8xcDIP28QvwnKxO290Gc=
-10,17,NYLU0YomCRe3UZkvq7D3xgR3nco=,gkVD6p/8xcDIP28QvwnKxO290Gc=
-11,17,NYLU0YomCRe3UZkvq7D3xgR3nco=,gkVD6p/8xcDIP28QvwnKxO290Gc=
-12,17,NYLU0YomCRe3UZkvq7D3xgR3nco=,gkVD6p/8xcDIP28QvwnKxO290Gc=
-11,22,GpMG7TusuY+MYdaQtGYK8I5MgGk=,gkVD6p/8xcDIP28QvwnKxO290Gc=
-12,22,GpMG7TusuY+MYdaQtGYK8I5MgGk=,gkVD6p/8xcDIP28QvwnKxO290Gc=
-13,22,GpMG7TusuY+MYdaQtGYK8I5MgGk=,gkVD6p/8xcDIP28QvwnKxO290Gc=
-14,22,GpMG7TusuY+MYdaQtGYK8I5MgGk=,gkVD6p/8xcDIP28QvwnKxO290Gc=
-15,22,GpMG7TusuY+MYdaQtGYK8I5MgGk=,gkVD6p/8xcDIP28QvwnKxO290Gc=
-13,17,NYLU0YomCRe3UZkvq7D3xgR3nco=,gkVD6p/8xcDIP28QvwnKxO290Gc=
-14,17,NYLU0YomCRe3UZkvq7D3xgR3nco=,gkVD6p/8xcDIP28QvwnKxO290Gc=
-15,17,NYLU0YomCRe3UZkvq7D3xgR3nco=,gkVD6p/8xcDIP28QvwnKxO290Gc=
-16,22,GpMG7TusuY+MYdaQtGYK8I5MgGk=,gkVD6p/8xcDIP28QvwnKxO290Gc=
-9,21,GpMG7TusuY+MYdaQtGYK8I5MgGk=,gkVD6p/8xcDIP28QvwnKxO290Gc=
-10,21,GpMG7TusuY+MYdaQtGYK8I5MgGk=,gkVD6p/8xcDIP28QvwnKxO290Gc=
-11,21,GpMG7TusuY+MYdaQtGYK8I5MgGk=,gkVD6p/8xcDIP28QvwnKxO290Gc=
-12,21,GpMG7TusuY+MYdaQtGYK8I5MgGk=,gkVD6p/8xcDIP28QvwnKxO290Gc=
-10,20,GpMG7TusuY+MYdaQtGYK8I5MgGk=,gkVD6p/8xcDIP28QvwnKxO290Gc=
-11,20,GpMG7TusuY+MYdaQtGYK8I5MgGk=,gkVD6p/8xcDIP28QvwnKxO290Gc=
-12,20,GpMG7TusuY+MYdaQtGYK8I5MgGk=,gkVD6p/8xcDIP28QvwnKxO290Gc=
-13,21,GpMG7TusuY+MYdaQtGYK8I5MgGk=,gkVD6p/8xcDIP28QvwnKxO290Gc=
-14,21,GpMG7TusuY+MYdaQtGYK8I5MgGk=,gkVD6p/8xcDIP28QvwnKxO290Gc=
-15,21,GpMG7TusuY+MYdaQtGYK8I5MgGk=,gkVD6p/8xcDIP28QvwnKxO290Gc=
-16,21,GpMG7TusuY+MYdaQtGYK8I5MgGk=,gkVD6p/8xcDIP28QvwnKxO290Gc=
-9,20,GpMG7TusuY+MYdaQtGYK8I5MgGk=,gkVD6p/8xcDIP28QvwnKxO290Gc=
-13,20,GpMG7TusuY+MYdaQtGYK8I5MgGk=,gkVD6p/8xcDIP28QvwnKxO290Gc=
-14,20,GpMG7TusuY+MYdaQtGYK8I5MgGk=,gkVD6p/8xcDIP28QvwnKxO290Gc=
-15,20,GpMG7TusuY+MYdaQtGYK8I5MgGk=,gkVD6p/8xcDIP28QvwnKxO290Gc=
-16,20,GpMG7TusuY+MYdaQtGYK8I5MgGk=,gkVD6p/8xcDIP28QvwnKxO290Gc=
-9,19,GpMG7TusuY+MYdaQtGYK8I5MgGk=,gkVD6p/8xcDIP28QvwnKxO290Gc=
-6,23,GpMG7TusuY+MYdaQtGYK8I5MgGk=,mBpDF6oyYbNgLR3aLcfwvxVNgdY=
-10,19,GpMG7TusuY+MYdaQtGYK8I5MgGk=,gkVD6p/8xcDIP28QvwnKxO290Gc=
-11,19,GpMG7TusuY+MYdaQtGYK8I5MgGk=,gkVD6p/8xcDIP28QvwnKxO290Gc=
-12,19,GpMG7TusuY+MYdaQtGYK8I5MgGk=,gkVD6p/8xcDIP28QvwnKxO290Gc=
-16,17,NYLU0YomCRe3UZkvq7D3xgR3nco=,gkVD6p/8xcDIP28QvwnKxO290Gc=
-9,16,NYLU0YomCRe3UZkvq7D3xgR3nco=,gkVD6p/8xcDIP28QvwnKxO290Gc=
-10,16,NYLU0YomCRe3UZkvq7D3xgR3nco=,gkVD6p/8xcDIP28QvwnKxO290Gc=
-13,19,GpMG7TusuY+MYdaQtGYK8I5MgGk=,gkVD6p/8xcDIP28QvwnKxO290Gc=
-14,19,NYLU0YomCRe3UZkvq7D3xgR3nco=,gkVD6p/8xcDIP28QvwnKxO290Gc=
-15,19,NYLU0YomCRe3UZkvq7D3xgR3nco=,gkVD6p/8xcDIP28QvwnKxO290Gc=
-16,19,NYLU0YomCRe3UZkvq7D3xgR3nco=,gkVD6p/8xcDIP28QvwnKxO290Gc=
-9,18,NYLU0YomCRe3UZkvq7D3xgR3nco=,gkVD6p/8xcDIP28QvwnKxO290Gc=
-11,16,NYLU0YomCRe3UZkvq7D3xgR3nco=,gkVD6p/8xcDIP28QvwnKxO290Gc=
-7,23,GpMG7TusuY+MYdaQtGYK8I5MgGk=,mBpDF6oyYbNgLR3aLcfwvxVNgdY=
-8,23,GpMG7TusuY+MYdaQtGYK8I5MgGk=,mBpDF6oyYbNgLR3aLcfwvxVNgdY=
-12,16,NYLU0YomCRe3UZkvq7D3xgR3nco=,gkVD6p/8xcDIP28QvwnKxO290Gc=
-13,16,NYLU0YomCRe3UZkvq7D3xgR3nco=,gkVD6p/8xcDIP28QvwnKxO290Gc=
-10,18,NYLU0YomCRe3UZkvq7D3xgR3nco=,gkVD6p/8xcDIP28QvwnKxO290Gc=
-11,18,NYLU0YomCRe3UZkvq7D3xgR3nco=,gkVD6p/8xcDIP28QvwnKxO290Gc=
-12,18,NYLU0YomCRe3UZkvq7D3xgR3nco=,gkVD6p/8xcDIP28QvwnKxO290Gc=
-13,18,NYLU0YomCRe3UZkvq7D3xgR3nco=,gkVD6p/8xcDIP28QvwnKxO290Gc=
-14,18,NYLU0YomCRe3UZkvq7D3xgR3nco=,gkVD6p/8xcDIP28QvwnKxO290Gc=
-6,21,GpMG7TusuY+MYdaQtGYK8I5MgGk=,mBpDF6oyYbNgLR3aLcfwvxVNgdY=
-7,21,GpMG7TusuY+MYdaQtGYK8I5MgGk=,mBpDF6oyYbNgLR3aLcfwvxVNgdY=
-8,21,GpMG7TusuY+MYdaQtGYK8I5MgGk=,mBpDF6oyYbNgLR3aLcfwvxVNgdY=
-14,16,NYLU0YomCRe3UZkvq7D3xgR3nco=,gkVD6p/8xcDIP28QvwnKxO290Gc=
-15,16,NYLU0YomCRe3UZkvq7D3xgR3nco=,gkVD6p/8xcDIP28QvwnKxO290Gc=
-16,16,NYLU0YomCRe3UZkvq7D3xgR3nco=,gkVD6p/8xcDIP28QvwnKxO290Gc=
-6,22,GpMG7TusuY+MYdaQtGYK8I5MgGk=,mBpDF6oyYbNgLR3aLcfwvxVNgdY=
-7,22,GpMG7TusuY+MYdaQtGYK8I5MgGk=,mBpDF6oyYbNgLR3aLcfwvxVNgdY=
-8,22,GpMG7TusuY+MYdaQtGYK8I5MgGk=,mBpDF6oyYbNgLR3aLcfwvxVNgdY=
-6,20,GpMG7TusuY+MYdaQtGYK8I5MgGk=,mBpDF6oyYbNgLR3aLcfwvxVNgdY=
-7,20,GpMG7TusuY+MYdaQtGYK8I5MgGk=,mBpDF6oyYbNgLR3aLcfwvxVNgdY=
-2,12,2eHflw1h61muR3nIRvpFMtubUF8=,MSD61OJEeA326cOLWvmnlDvvFC8=
-1,15,2H9E4rIRvPq2otw7e+AKVRQNHx8=,MSD61OJEeA326cOLWvmnlDvvFC8=
-2,15,2H9E4rIRvPq2otw7e+AKVRQNHx8=,MSD61OJEeA326cOLWvmnlDvvFC8=
-3,15,2H9E4rIRvPq2otw7e+AKVRQNHx8=,MSD61OJEeA326cOLWvmnlDvvFC8=
-4,15,2H9E4rIRvPq2otw7e+AKVRQNHx8=,MSD61OJEeA326cOLWvmnlDvvFC8=
-5,15,2H9E4rIRvPq2otw7e+AKVRQNHx8=,MSD61OJEeA326cOLWvmnlDvvFC8=
-3,12,2eHflw1h61muR3nIRvpFMtubUF8=,MSD61OJEeA326cOLWvmnlDvvFC8=
-4,12,2eHflw1h61muR3nIRvpFMtubUF8=,MSD61OJEeA326cOLWvmnlDvvFC8=
-5,12,2eHflw1h61muR3nIRvpFMtubUF8=,MSD61OJEeA326cOLWvmnlDvvFC8=
-1,11,lwzYoY42lPEhzJ7j7nuOdDPhZ7I=,MSD61OJEeA326cOLWvmnlDvvFC8=
-2,11,lwzYoY42lPEhzJ7j7nuOdDPhZ7I=,MSD61OJEeA326cOLWvmnlDvvFC8=
-3,11,mLI1og4Q/jsv4Va5ePWx7FI0qlk=,MSD61OJEeA326cOLWvmnlDvvFC8=
-4,11,mLI1og4Q/jsv4Va5ePWx7FI0qlk=,MSD61OJEeA326cOLWvmnlDvvFC8=
-5,11,mLI1og4Q/jsv4Va5ePWx7FI0qlk=,MSD61OJEeA326cOLWvmnlDvvFC8=
-1,14,TlYQzXqqU4XXEn9RHw6U4/zaG2k=,MSD61OJEeA326cOLWvmnlDvvFC8=
-2,14,TlYQzXqqU4XXEn9RHw6U4/zaG2k=,MSD61OJEeA326cOLWvmnlDvvFC8=
-3,14,TlYQzXqqU4XXEn9RHw6U4/zaG2k=,MSD61OJEeA326cOLWvmnlDvvFC8=
-4,14,TlYQzXqqU4XXEn9RHw6U4/zaG2k=,MSD61OJEeA326cOLWvmnlDvvFC8=
-5,14,TlYQzXqqU4XXEn9RHw6U4/zaG2k=,MSD61OJEeA326cOLWvmnlDvvFC8=
-1,13,opqFwh6oluJ+TKWkch18Ui2VHiE=,MSD61OJEeA326cOLWvmnlDvvFC8=
-2,13,opqFwh6oluJ+TKWkch18Ui2VHiE=,MSD61OJEeA326cOLWvmnlDvvFC8=
-3,13,opqFwh6oluJ+TKWkch18Ui2VHiE=,MSD61OJEeA326cOLWvmnlDvvFC8=
-4,13,opqFwh6oluJ+TKWkch18Ui2VHiE=,MSD61OJEeA326cOLWvmnlDvvFC8=
-5,13,opqFwh6oluJ+TKWkch18Ui2VHiE=,MSD61OJEeA326cOLWvmnlDvvFC8=
-1,12,f/7vTnK37+6GtWJypXkw6478bKY=,MSD61OJEeA326cOLWvmnlDvvFC8=
-12,4,O4cMGRSswGh89Hbm3TX1NF75S7w=,xWECRcqSmYFE+LL7imsfQrDGieQ=
-10,12,4rM/QhVjptxz66mX/8Ak6/x/H0E=,fpZFIiA1R7I4sLif4+pXaGqFIPw=
-13,4,O4cMGRSswGh89Hbm3TX1NF75S7w=,xWECRcqSmYFE+LL7imsfQrDGieQ=
-11,12,4rM/QhVjptxz66mX/8Ak6/x/H0E=,fpZFIiA1R7I4sLif4+pXaGqFIPw=
-14,4,O4cMGRSswGh89Hbm3TX1NF75S7w=,xWECRcqSmYFE+LL7imsfQrDGieQ=
-12,12,4rM/QhVjptxz66mX/8Ak6/x/H0E=,fpZFIiA1R7I4sLif4+pXaGqFIPw=
-2,4,xTFcJ9CFLN6rPp04lblDFz3Go7g=,8l8KRNISNFY9BWvpCf/xCM3nVvk=
-15,4,O4cMGRSswGh89Hbm3TX1NF75S7w=,xWECRcqSmYFE+LL7imsfQrDGieQ=
-13,12,4rM/QhVjptxz66mX/8Ak6/x/H0E=,fpZFIiA1R7I4sLif4+pXaGqFIPw=
-3,4,xTFcJ9CFLN6rPp04lblDFz3Go7g=,8l8KRNISNFY9BWvpCf/xCM3nVvk=
-16,4,5TmKLl6i75cV70Z0zEb6i4Qypcs=,xWECRcqSmYFE+LL7imsfQrDGieQ=
-14,12,4rM/QhVjptxz66mX/8Ak6/x/H0E=,fpZFIiA1R7I4sLif4+pXaGqFIPw=
-12,3,5TmKLl6i75cV70Z0zEb6i4Qypcs=,xWECRcqSmYFE+LL7imsfQrDGieQ=
-4,4,2eHflw1h61muR3nIRvpFMtubUF8=,8l8KRNISNFY9BWvpCf/xCM3nVvk=
-15,12,lwzYoY42lPEhzJ7j7nuOdDPhZ7I=,fpZFIiA1R7I4sLif4+pXaGqFIPw=
-13,3,5TmKLl6i75cV70Z0zEb6i4Qypcs=,xWECRcqSmYFE+LL7imsfQrDGieQ=
-5,4,4rM/QhVjptxz66mX/8Ak6/x/H0E=,8l8KRNISNFY9BWvpCf/xCM3nVvk=
-16,12,lwzYoY42lPEhzJ7j7nuOdDPhZ7I=,fpZFIiA1R7I4sLif4+pXaGqFIPw=
-14,3,5TmKLl6i75cV70Z0zEb6i4Qypcs=,xWECRcqSmYFE+LL7imsfQrDGieQ=
-6,4,opqFwh6oluJ+TKWkch18Ui2VHiE=,8l8KRNISNFY9BWvpCf/xCM3nVvk=
-9,11,2H9E4rIRvPq2otw7e+AKVRQNHx8=,fpZFIiA1R7I4sLif4+pXaGqFIPw=
-7,4,opqFwh6oluJ+TKWkch18Ui2VHiE=,8l8KRNISNFY9BWvpCf/xCM3nVvk=
-15,3,5TmKLl6i75cV70Z0zEb6i4Qypcs=,xWECRcqSmYFE+LL7imsfQrDGieQ=
-10,11,2H9E4rIRvPq2otw7e+AKVRQNHx8=,fpZFIiA1R7I4sLif4+pXaGqFIPw=
-16,3,5TmKLl6i75cV70Z0zEb6i4Qypcs=,xWECRcqSmYFE+LL7imsfQrDGieQ=
-9,10,xTFcJ9CFLN6rPp04lblDFz3Go7g=,fpZFIiA1R7I4sLif4+pXaGqFIPw=
-11,11,2H9E4rIRvPq2otw7e+AKVRQNHx8=,fpZFIiA1R7I4sLif4+pXaGqFIPw=
-10,10,xTFcJ9CFLN6rPp04lblDFz3Go7g=,fpZFIiA1R7I4sLif4+pXaGqFIPw=
-12,2,jIJSMSelStiJh/8Rr7V6bJGJxTg=,xWECRcqSmYFE+LL7imsfQrDGieQ=
-13,2,jIJSMSelStiJh/8Rr7V6bJGJxTg=,xWECRcqSmYFE+LL7imsfQrDGieQ=
-11,10,2eHflw1h61muR3nIRvpFMtubUF8=,fpZFIiA1R7I4sLif4+pXaGqFIPw=
-12,11,lwzYoY42lPEhzJ7j7nuOdDPhZ7I=,fpZFIiA1R7I4sLif4+pXaGqFIPw=
-14,2,jIJSMSelStiJh/8Rr7V6bJGJxTg=,xWECRcqSmYFE+LL7imsfQrDGieQ=
-9,9,4rM/QhVjptxz66mX/8Ak6/x/H0E=,fpZFIiA1R7I4sLif4+pXaGqFIPw=
-13,11,mLI1og4Q/jsv4Va5ePWx7FI0qlk=,fpZFIiA1R7I4sLif4+pXaGqFIPw=
-15,2,jIJSMSelStiJh/8Rr7V6bJGJxTg=,xWECRcqSmYFE+LL7imsfQrDGieQ=
-10,9,4rM/QhVjptxz66mX/8Ak6/x/H0E=,fpZFIiA1R7I4sLif4+pXaGqFIPw=
-14,11,mLI1og4Q/jsv4Va5ePWx7FI0qlk=,fpZFIiA1R7I4sLif4+pXaGqFIPw=
-15,11,mLI1og4Q/jsv4Va5ePWx7FI0qlk=,fpZFIiA1R7I4sLif4+pXaGqFIPw=
-11,9,4rM/QhVjptxz66mX/8Ak6/x/H0E=,fpZFIiA1R7I4sLif4+pXaGqFIPw=
-16,2,jIJSMSelStiJh/8Rr7V6bJGJxTg=,xWECRcqSmYFE+LL7imsfQrDGieQ=
-8,4,f/7vTnK37+6GtWJypXkw6478bKY=,8l8KRNISNFY9BWvpCf/xCM3nVvk=
-12,1,jIJSMSelStiJh/8Rr7V6bJGJxTg=,xWECRcqSmYFE+LL7imsfQrDGieQ=
-16,11,mLI1og4Q/jsv4Va5ePWx7FI0qlk=,fpZFIiA1R7I4sLif4+pXaGqFIPw=
-9,8,mLI1og4Q/jsv4Va5ePWx7FI0qlk=,fpZFIiA1R7I4sLif4+pXaGqFIPw=
-12,10,2eHflw1h61muR3nIRvpFMtubUF8=,fpZFIiA1R7I4sLif4+pXaGqFIPw=
-13,1,t0V638IaWqebu5wIrh16kG7Uyik=,xWECRcqSmYFE+LL7imsfQrDGieQ=
-10,8,mLI1og4Q/jsv4Va5ePWx7FI0qlk=,fpZFIiA1R7I4sLif4+pXaGqFIPw=
-9,7,2H9E4rIRvPq2otw7e+AKVRQNHx8=,xWECRcqSmYFE+LL7imsfQrDGieQ=
-13,10,2eHflw1h61muR3nIRvpFMtubUF8=,fpZFIiA1R7I4sLif4+pXaGqFIPw=
-14,1,t0V638IaWqebu5wIrh16kG7Uyik=,xWECRcqSmYFE+LL7imsfQrDGieQ=
-10,7,TlYQzXqqU4XXEn9RHw6U4/zaG2k=,xWECRcqSmYFE+LL7imsfQrDGieQ=
-14,10,2eHflw1h61muR3nIRvpFMtubUF8=,fpZFIiA1R7I4sLif4+pXaGqFIPw=
-15,1,t0V638IaWqebu5wIrh16kG7Uyik=,xWECRcqSmYFE+LL7imsfQrDGieQ=
-15,10,4rM/QhVjptxz66mX/8Ak6/x/H0E=,fpZFIiA1R7I4sLif4+pXaGqFIPw=
-16,1,t0V638IaWqebu5wIrh16kG7Uyik=,xWECRcqSmYFE+LL7imsfQrDGieQ=
-1,3,4rM/QhVjptxz66mX/8Ak6/x/H0E=,8l8KRNISNFY9BWvpCf/xCM3nVvk=
-16,10,4rM/QhVjptxz66mX/8Ak6/x/H0E=,fpZFIiA1R7I4sLif4+pXaGqFIPw=
-12,0,t0V638IaWqebu5wIrh16kG7Uyik=,xWECRcqSmYFE+LL7imsfQrDGieQ=
-2,3,4rM/QhVjptxz66mX/8Ak6/x/H0E=,8l8KRNISNFY9BWvpCf/xCM3nVvk=
-11,7,TlYQzXqqU4XXEn9RHw6U4/zaG2k=,xWECRcqSmYFE+LL7imsfQrDGieQ=
-12,9,lwzYoY42lPEhzJ7j7nuOdDPhZ7I=,fpZFIiA1R7I4sLif4+pXaGqFIPw=
-13,0,t0V638IaWqebu5wIrh16kG7Uyik=,xWECRcqSmYFE+LL7imsfQrDGieQ=
-1,10,4rM/QhVjptxz66mX/8Ak6/x/H0E=,MSD61OJEeA326cOLWvmnlDvvFC8=
-13,9,lwzYoY42lPEhzJ7j7nuOdDPhZ7I=,fpZFIiA1R7I4sLif4+pXaGqFIPw=
-14,0,t0V638IaWqebu5wIrh16kG7Uyik=,xWECRcqSmYFE+LL7imsfQrDGieQ=
-14,9,lwzYoY42lPEhzJ7j7nuOdDPhZ7I=,fpZFIiA1R7I4sLif4+pXaGqFIPw=
-11,8,mLI1og4Q/jsv4Va5ePWx7FI0qlk=,fpZFIiA1R7I4sLif4+pXaGqFIPw=
-15,0,t0V638IaWqebu5wIrh16kG7Uyik=,xWECRcqSmYFE+LL7imsfQrDGieQ=
-6,12,4rM/QhVjptxz66mX/8Ak6/x/H0E=,MSD61OJEeA326cOLWvmnlDvvFC8=
-16,0,t0V638IaWqebu5wIrh16kG7Uyik=,xWECRcqSmYFE+LL7imsfQrDGieQ=
-2,10,lwzYoY42lPEhzJ7j7nuOdDPhZ7I=,MSD61OJEeA326cOLWvmnlDvvFC8=
-7,12,4rM/QhVjptxz66mX/8Ak6/x/H0E=,MSD61OJEeA326cOLWvmnlDvvFC8=
-3,10,lwzYoY42lPEhzJ7j7nuOdDPhZ7I=,MSD61OJEeA326cOLWvmnlDvvFC8=
-8,12,lwzYoY42lPEhzJ7j7nuOdDPhZ7I=,MSD61OJEeA326cOLWvmnlDvvFC8=
-4,10,lwzYoY42lPEhzJ7j7nuOdDPhZ7I=,MSD61OJEeA326cOLWvmnlDvvFC8=
-15,9,mLI1og4Q/jsv4Va5ePWx7FI0qlk=,fpZFIiA1R7I4sLif4+pXaGqFIPw=
-5,10,mLI1og4Q/jsv4Va5ePWx7FI0qlk=,MSD61OJEeA326cOLWvmnlDvvFC8=
-16,9,mLI1og4Q/jsv4Va5ePWx7FI0qlk=,fpZFIiA1R7I4sLif4+pXaGqFIPw=
-12,7,TlYQzXqqU4XXEn9RHw6U4/zaG2k=,xWECRcqSmYFE+LL7imsfQrDGieQ=
-6,10,jc+I7KjLzDp5OLvI38o89Prg5X8=,MSD61OJEeA326cOLWvmnlDvvFC8=
-13,7,TlYQzXqqU4XXEn9RHw6U4/zaG2k=,xWECRcqSmYFE+LL7imsfQrDGieQ=
-9,15,L4w8N53hMUCNQduYFooma5A1T6Q=,fpZFIiA1R7I4sLif4+pXaGqFIPw=
-10,15,L4w8N53hMUCNQduYFooma5A1T6Q=,fpZFIiA1R7I4sLif4+pXaGqFIPw=
-7,10,jc+I7KjLzDp5OLvI38o89Prg5X8=,MSD61OJEeA326cOLWvmnlDvvFC8=
-6,11,mLI1og4Q/jsv4Va5ePWx7FI0qlk=,MSD61OJEeA326cOLWvmnlDvvFC8=
-7,11,mLI1og4Q/jsv4Va5ePWx7FI0qlk=,MSD61OJEeA326cOLWvmnlDvvFC8=
-8,10,jc+I7KjLzDp5OLvI38o89Prg5X8=,MSD61OJEeA326cOLWvmnlDvvFC8=
-8,11,2H9E4rIRvPq2otw7e+AKVRQNHx8=,MSD61OJEeA326cOLWvmnlDvvFC8=
-14,7,TlYQzXqqU4XXEn9RHw6U4/zaG2k=,xWECRcqSmYFE+LL7imsfQrDGieQ=
-15,7,TlYQzXqqU4XXEn9RHw6U4/zaG2k=,xWECRcqSmYFE+LL7imsfQrDGieQ=
-3,3,mLI1og4Q/jsv4Va5ePWx7FI0qlk=,8l8KRNISNFY9BWvpCf/xCM3nVvk=
-16,7,TlYQzXqqU4XXEn9RHw6U4/zaG2k=,xWECRcqSmYFE+LL7imsfQrDGieQ=
-12,8,2H9E4rIRvPq2otw7e+AKVRQNHx8=,fpZFIiA1R7I4sLif4+pXaGqFIPw=
-13,8,2H9E4rIRvPq2otw7e+AKVRQNHx8=,fpZFIiA1R7I4sLif4+pXaGqFIPw=
-4,3,mLI1og4Q/jsv4Va5ePWx7FI0qlk=,8l8KRNISNFY9BWvpCf/xCM3nVvk=
-11,15,L4w8N53hMUCNQduYFooma5A1T6Q=,fpZFIiA1R7I4sLif4+pXaGqFIPw=
-1,9,mLI1og4Q/jsv4Va5ePWx7FI0qlk=,MSD61OJEeA326cOLWvmnlDvvFC8=
-12,6,opqFwh6oluJ+TKWkch18Ui2VHiE=,xWECRcqSmYFE+LL7imsfQrDGieQ=
-2,9,2H9E4rIRvPq2otw7e+AKVRQNHx8=,MSD61OJEeA326cOLWvmnlDvvFC8=
-13,6,opqFwh6oluJ+TKWkch18Ui2VHiE=,xWECRcqSmYFE+LL7imsfQrDGieQ=
-14,6,opqFwh6oluJ+TKWkch18Ui2VHiE=,xWECRcqSmYFE+LL7imsfQrDGieQ=
-15,6,f/7vTnK37+6GtWJypXkw6478bKY=,xWECRcqSmYFE+LL7imsfQrDGieQ=
-3,9,2H9E4rIRvPq2otw7e+AKVRQNHx8=,MSD61OJEeA326cOLWvmnlDvvFC8=
-12,15,L4w8N53hMUCNQduYFooma5A1T6Q=,fpZFIiA1R7I4sLif4+pXaGqFIPw=
-16,6,f/7vTnK37+6GtWJypXkw6478bKY=,xWECRcqSmYFE+LL7imsfQrDGieQ=
-9,6,TlYQzXqqU4XXEn9RHw6U4/zaG2k=,xWECRcqSmYFE+LL7imsfQrDGieQ=
-13,15,L4w8N53hMUCNQduYFooma5A1T6Q=,fpZFIiA1R7I4sLif4+pXaGqFIPw=
-5,3,mLI1og4Q/jsv4Va5ePWx7FI0qlk=,8l8KRNISNFY9BWvpCf/xCM3nVvk=
-12,5,f/7vTnK37+6GtWJypXkw6478bKY=,xWECRcqSmYFE+LL7imsfQrDGieQ=
-6,3,jc+I7KjLzDp5OLvI38o89Prg5X8=,8l8KRNISNFY9BWvpCf/xCM3nVvk=
-7,3,O4cMGRSswGh89Hbm3TX1NF75S7w=,8l8KRNISNFY9BWvpCf/xCM3nVvk=
-14,15,L4w8N53hMUCNQduYFooma5A1T6Q=,fpZFIiA1R7I4sLif4+pXaGqFIPw=
-4,9,2H9E4rIRvPq2otw7e+AKVRQNHx8=,MSD61OJEeA326cOLWvmnlDvvFC8=
-13,5,f/7vTnK37+6GtWJypXkw6478bKY=,xWECRcqSmYFE+LL7imsfQrDGieQ=
-14,5,f/7vTnK37+6GtWJypXkw6478bKY=,xWECRcqSmYFE+LL7imsfQrDGieQ=
-5,9,2H9E4rIRvPq2otw7e+AKVRQNHx8=,MSD61OJEeA326cOLWvmnlDvvFC8=
-6,15,TlYQzXqqU4XXEn9RHw6U4/zaG2k=,MSD61OJEeA326cOLWvmnlDvvFC8=
-7,15,TlYQzXqqU4XXEn9RHw6U4/zaG2k=,MSD61OJEeA326cOLWvmnlDvvFC8=
-15,5,jc+I7KjLzDp5OLvI38o89Prg5X8=,xWECRcqSmYFE+LL7imsfQrDGieQ=
-16,5,jc+I7KjLzDp5OLvI38o89Prg5X8=,xWECRcqSmYFE+LL7imsfQrDGieQ=
-6,9,O4cMGRSswGh89Hbm3TX1NF75S7w=,MSD61OJEeA326cOLWvmnlDvvFC8=
-14,8,2H9E4rIRvPq2otw7e+AKVRQNHx8=,fpZFIiA1R7I4sLif4+pXaGqFIPw=
-10,6,TlYQzXqqU4XXEn9RHw6U4/zaG2k=,xWECRcqSmYFE+LL7imsfQrDGieQ=
-15,8,2H9E4rIRvPq2otw7e+AKVRQNHx8=,fpZFIiA1R7I4sLif4+pXaGqFIPw=
-7,9,O4cMGRSswGh89Hbm3TX1NF75S7w=,MSD61OJEeA326cOLWvmnlDvvFC8=
-15,15,L4w8N53hMUCNQduYFooma5A1T6Q=,fpZFIiA1R7I4sLif4+pXaGqFIPw=
-8,15,TlYQzXqqU4XXEn9RHw6U4/zaG2k=,MSD61OJEeA326cOLWvmnlDvvFC8=
-1,7,xTFcJ9CFLN6rPp04lblDFz3Go7g=,8l8KRNISNFY9BWvpCf/xCM3nVvk=
-16,8,2H9E4rIRvPq2otw7e+AKVRQNHx8=,fpZFIiA1R7I4sLif4+pXaGqFIPw=
-2,7,2eHflw1h61muR3nIRvpFMtubUF8=,8l8KRNISNFY9BWvpCf/xCM3nVvk=
-16,15,L4w8N53hMUCNQduYFooma5A1T6Q=,fpZFIiA1R7I4sLif4+pXaGqFIPw=
-9,14,L4w8N53hMUCNQduYFooma5A1T6Q=,fpZFIiA1R7I4sLif4+pXaGqFIPw=
-3,7,2eHflw1h61muR3nIRvpFMtubUF8=,8l8KRNISNFY9BWvpCf/xCM3nVvk=
-10,14,L4w8N53hMUCNQduYFooma5A1T6Q=,fpZFIiA1R7I4sLif4+pXaGqFIPw=
-11,14,xTFcJ9CFLN6rPp04lblDFz3Go7g=,fpZFIiA1R7I4sLif4+pXaGqFIPw=
-4,7,2eHflw1h61muR3nIRvpFMtubUF8=,8l8KRNISNFY9BWvpCf/xCM3nVvk=
-12,14,xTFcJ9CFLN6rPp04lblDFz3Go7g=,fpZFIiA1R7I4sLif4+pXaGqFIPw=
-5,7,4rM/QhVjptxz66mX/8Ak6/x/H0E=,8l8KRNISNFY9BWvpCf/xCM3nVvk=
-8,9,O4cMGRSswGh89Hbm3TX1NF75S7w=,MSD61OJEeA326cOLWvmnlDvvFC8=
-13,14,xTFcJ9CFLN6rPp04lblDFz3Go7g=,fpZFIiA1R7I4sLif4+pXaGqFIPw=
-1,8,TlYQzXqqU4XXEn9RHw6U4/zaG2k=,MSD61OJEeA326cOLWvmnlDvvFC8=
-14,14,xTFcJ9CFLN6rPp04lblDFz3Go7g=,fpZFIiA1R7I4sLif4+pXaGqFIPw=
-15,14,xTFcJ9CFLN6rPp04lblDFz3Go7g=,fpZFIiA1R7I4sLif4+pXaGqFIPw=
-2,8,TlYQzXqqU4XXEn9RHw6U4/zaG2k=,MSD61OJEeA326cOLWvmnlDvvFC8=
-16,14,2eHflw1h61muR3nIRvpFMtubUF8=,fpZFIiA1R7I4sLif4+pXaGqFIPw=
-3,8,TlYQzXqqU4XXEn9RHw6U4/zaG2k=,MSD61OJEeA326cOLWvmnlDvvFC8=
-4,8,TlYQzXqqU4XXEn9RHw6U4/zaG2k=,MSD61OJEeA326cOLWvmnlDvvFC8=
-9,13,xTFcJ9CFLN6rPp04lblDFz3Go7g=,fpZFIiA1R7I4sLif4+pXaGqFIPw=
-10,13,xTFcJ9CFLN6rPp04lblDFz3Go7g=,fpZFIiA1R7I4sLif4+pXaGqFIPw=
-5,8,TlYQzXqqU4XXEn9RHw6U4/zaG2k=,MSD61OJEeA326cOLWvmnlDvvFC8=
-11,13,xTFcJ9CFLN6rPp04lblDFz3Go7g=,fpZFIiA1R7I4sLif4+pXaGqFIPw=
-6,7,2H9E4rIRvPq2otw7e+AKVRQNHx8=,8l8KRNISNFY9BWvpCf/xCM3nVvk=
-11,6,opqFwh6oluJ+TKWkch18Ui2VHiE=,xWECRcqSmYFE+LL7imsfQrDGieQ=
-12,13,2eHflw1h61muR3nIRvpFMtubUF8=,fpZFIiA1R7I4sLif4+pXaGqFIPw=
-8,3,O4cMGRSswGh89Hbm3TX1NF75S7w=,8l8KRNISNFY9BWvpCf/xCM3nVvk=
-13,13,2eHflw1h61muR3nIRvpFMtubUF8=,fpZFIiA1R7I4sLif4+pXaGqFIPw=
-7,7,5TmKLl6i75cV70Z0zEb6i4Qypcs=,8l8KRNISNFY9BWvpCf/xCM3nVvk=
-14,13,2eHflw1h61muR3nIRvpFMtubUF8=,fpZFIiA1R7I4sLif4+pXaGqFIPw=
-6,14,TlYQzXqqU4XXEn9RHw6U4/zaG2k=,MSD61OJEeA326cOLWvmnlDvvFC8=
-7,14,TlYQzXqqU4XXEn9RHw6U4/zaG2k=,MSD61OJEeA326cOLWvmnlDvvFC8=
-8,14,opqFwh6oluJ+TKWkch18Ui2VHiE=,MSD61OJEeA326cOLWvmnlDvvFC8=
-1,2,2H9E4rIRvPq2otw7e+AKVRQNHx8=,8l8KRNISNFY9BWvpCf/xCM3nVvk=
-6,13,opqFwh6oluJ+TKWkch18Ui2VHiE=,MSD61OJEeA326cOLWvmnlDvvFC8=
-7,13,f/7vTnK37+6GtWJypXkw6478bKY=,MSD61OJEeA326cOLWvmnlDvvFC8=
-6,8,O4cMGRSswGh89Hbm3TX1NF75S7w=,MSD61OJEeA326cOLWvmnlDvvFC8=
-15,13,4rM/QhVjptxz66mX/8Ak6/x/H0E=,fpZFIiA1R7I4sLif4+pXaGqFIPw=
-8,7,5TmKLl6i75cV70Z0zEb6i4Qypcs=,8l8KRNISNFY9BWvpCf/xCM3nVvk=
-16,13,4rM/QhVjptxz66mX/8Ak6/x/H0E=,fpZFIiA1R7I4sLif4+pXaGqFIPw=
-1,6,f/7vTnK37+6GtWJypXkw6478bKY=,8l8KRNISNFY9BWvpCf/xCM3nVvk=
-2,6,f/7vTnK37+6GtWJypXkw6478bKY=,8l8KRNISNFY9BWvpCf/xCM3nVvk=
-9,12,4rM/QhVjptxz66mX/8Ak6/x/H0E=,fpZFIiA1R7I4sLif4+pXaGqFIPw=
-8,13,f/7vTnK37+6GtWJypXkw6478bKY=,MSD61OJEeA326cOLWvmnlDvvFC8=
-7,8,O4cMGRSswGh89Hbm3TX1NF75S7w=,MSD61OJEeA326cOLWvmnlDvvFC8=
-8,8,O4cMGRSswGh89Hbm3TX1NF75S7w=,MSD61OJEeA326cOLWvmnlDvvFC8=
-2,2,2H9E4rIRvPq2otw7e+AKVRQNHx8=,8l8KRNISNFY9BWvpCf/xCM3nVvk=
-9,5,f/7vTnK37+6GtWJypXkw6478bKY=,xWECRcqSmYFE+LL7imsfQrDGieQ=
-3,2,2H9E4rIRvPq2otw7e+AKVRQNHx8=,8l8KRNISNFY9BWvpCf/xCM3nVvk=
-10,5,f/7vTnK37+6GtWJypXkw6478bKY=,xWECRcqSmYFE+LL7imsfQrDGieQ=
-3,6,f/7vTnK37+6GtWJypXkw6478bKY=,8l8KRNISNFY9BWvpCf/xCM3nVvk=
-4,6,f/7vTnK37+6GtWJypXkw6478bKY=,8l8KRNISNFY9BWvpCf/xCM3nVvk=
-5,6,f/7vTnK37+6GtWJypXkw6478bKY=,8l8KRNISNFY9BWvpCf/xCM3nVvk=
-11,5,f/7vTnK37+6GtWJypXkw6478bKY=,xWECRcqSmYFE+LL7imsfQrDGieQ=
-4,2,TlYQzXqqU4XXEn9RHw6U4/zaG2k=,8l8KRNISNFY9BWvpCf/xCM3nVvk=
-6,6,jIJSMSelStiJh/8Rr7V6bJGJxTg=,8l8KRNISNFY9BWvpCf/xCM3nVvk=
-5,2,TlYQzXqqU4XXEn9RHw6U4/zaG2k=,8l8KRNISNFY9BWvpCf/xCM3nVvk=
-7,6,jIJSMSelStiJh/8Rr7V6bJGJxTg=,8l8KRNISNFY9BWvpCf/xCM3nVvk=
-8,6,jIJSMSelStiJh/8Rr7V6bJGJxTg=,8l8KRNISNFY9BWvpCf/xCM3nVvk=
-1,5,f/7vTnK37+6GtWJypXkw6478bKY=,8l8KRNISNFY9BWvpCf/xCM3nVvk=
-2,5,jc+I7KjLzDp5OLvI38o89Prg5X8=,8l8KRNISNFY9BWvpCf/xCM3nVvk=
-6,2,O4cMGRSswGh89Hbm3TX1NF75S7w=,8l8KRNISNFY9BWvpCf/xCM3nVvk=
-7,2,O4cMGRSswGh89Hbm3TX1NF75S7w=,8l8KRNISNFY9BWvpCf/xCM3nVvk=
-8,2,O4cMGRSswGh89Hbm3TX1NF75S7w=,8l8KRNISNFY9BWvpCf/xCM3nVvk=
-1,1,TlYQzXqqU4XXEn9RHw6U4/zaG2k=,8l8KRNISNFY9BWvpCf/xCM3nVvk=
-9,4,jc+I7KjLzDp5OLvI38o89Prg5X8=,xWECRcqSmYFE+LL7imsfQrDGieQ=
-10,4,jc+I7KjLzDp5OLvI38o89Prg5X8=,xWECRcqSmYFE+LL7imsfQrDGieQ=
-2,1,opqFwh6oluJ+TKWkch18Ui2VHiE=,8l8KRNISNFY9BWvpCf/xCM3nVvk=
-3,1,opqFwh6oluJ+TKWkch18Ui2VHiE=,8l8KRNISNFY9BWvpCf/xCM3nVvk=
-4,1,opqFwh6oluJ+TKWkch18Ui2VHiE=,8l8KRNISNFY9BWvpCf/xCM3nVvk=
-5,1,opqFwh6oluJ+TKWkch18Ui2VHiE=,8l8KRNISNFY9BWvpCf/xCM3nVvk=
-6,1,O4cMGRSswGh89Hbm3TX1NF75S7w=,8l8KRNISNFY9BWvpCf/xCM3nVvk=
-11,4,jc+I7KjLzDp5OLvI38o89Prg5X8=,xWECRcqSmYFE+LL7imsfQrDGieQ=
-3,5,jc+I7KjLzDp5OLvI38o89Prg5X8=,8l8KRNISNFY9BWvpCf/xCM3nVvk=
-4,5,jc+I7KjLzDp5OLvI38o89Prg5X8=,8l8KRNISNFY9BWvpCf/xCM3nVvk=
-7,1,O4cMGRSswGh89Hbm3TX1NF75S7w=,8l8KRNISNFY9BWvpCf/xCM3nVvk=
-8,1,O4cMGRSswGh89Hbm3TX1NF75S7w=,8l8KRNISNFY9BWvpCf/xCM3nVvk=
-9,3,5TmKLl6i75cV70Z0zEb6i4Qypcs=,xWECRcqSmYFE+LL7imsfQrDGieQ=
-10,3,5TmKLl6i75cV70Z0zEb6i4Qypcs=,xWECRcqSmYFE+LL7imsfQrDGieQ=
-1,0,opqFwh6oluJ+TKWkch18Ui2VHiE=,8l8KRNISNFY9BWvpCf/xCM3nVvk=
-11,3,5TmKLl6i75cV70Z0zEb6i4Qypcs=,xWECRcqSmYFE+LL7imsfQrDGieQ=
-2,0,opqFwh6oluJ+TKWkch18Ui2VHiE=,8l8KRNISNFY9BWvpCf/xCM3nVvk=
-3,0,f/7vTnK37+6GtWJypXkw6478bKY=,8l8KRNISNFY9BWvpCf/xCM3nVvk=
-9,2,5TmKLl6i75cV70Z0zEb6i4Qypcs=,xWECRcqSmYFE+LL7imsfQrDGieQ=
-4,0,f/7vTnK37+6GtWJypXkw6478bKY=,8l8KRNISNFY9BWvpCf/xCM3nVvk=
-5,0,f/7vTnK37+6GtWJypXkw6478bKY=,8l8KRNISNFY9BWvpCf/xCM3nVvk=
-6,0,5TmKLl6i75cV70Z0zEb6i4Qypcs=,8l8KRNISNFY9BWvpCf/xCM3nVvk=
-7,0,5TmKLl6i75cV70Z0zEb6i4Qypcs=,8l8KRNISNFY9BWvpCf/xCM3nVvk=
-10,2,5TmKLl6i75cV70Z0zEb6i4Qypcs=,xWECRcqSmYFE+LL7imsfQrDGieQ=
-8,0,5TmKLl6i75cV70Z0zEb6i4Qypcs=,8l8KRNISNFY9BWvpCf/xCM3nVvk=
-11,2,5TmKLl6i75cV70Z0zEb6i4Qypcs=,xWECRcqSmYFE+LL7imsfQrDGieQ=
-9,1,jIJSMSelStiJh/8Rr7V6bJGJxTg=,xWECRcqSmYFE+LL7imsfQrDGieQ=
-10,1,jIJSMSelStiJh/8Rr7V6bJGJxTg=,xWECRcqSmYFE+LL7imsfQrDGieQ=
-11,1,jIJSMSelStiJh/8Rr7V6bJGJxTg=,xWECRcqSmYFE+LL7imsfQrDGieQ=
-9,0,t0V638IaWqebu5wIrh16kG7Uyik=,xWECRcqSmYFE+LL7imsfQrDGieQ=
-10,0,t0V638IaWqebu5wIrh16kG7Uyik=,xWECRcqSmYFE+LL7imsfQrDGieQ=
-5,5,jc+I7KjLzDp5OLvI38o89Prg5X8=,8l8KRNISNFY9BWvpCf/xCM3nVvk=
-11,0,t0V638IaWqebu5wIrh16kG7Uyik=,xWECRcqSmYFE+LL7imsfQrDGieQ=
-6,5,t0V638IaWqebu5wIrh16kG7Uyik=,8l8KRNISNFY9BWvpCf/xCM3nVvk=
-7,5,t0V638IaWqebu5wIrh16kG7Uyik=,8l8KRNISNFY9BWvpCf/xCM3nVvk=
-8,5,t0V638IaWqebu5wIrh16kG7Uyik=,8l8KRNISNFY9BWvpCf/xCM3nVvk=
-1,4,jc+I7KjLzDp5OLvI38o89Prg5X8=,8l8KRNISNFY9BWvpCf/xCM3nVvk=
