-4,-33,GnGwIaOOK1SdObzSAqZlh0HqNgs=,szzoAtc+PUVwNLH+tWz3ChJ5MSU=
-5,-33,GnGwIaOOK1SdObzSAqZlh0HqNgs=,szzoAtc+PUVwNLH+tWz3ChJ5MSU=
-6,-33,dBPFEylWScM8bEk6+KwQyhCMFH0=,szzoAtc+PUVwNLH+tWz3ChJ5MSU=
-7,-33,dBPFEylWScM8bEk6+KwQyhCMFH0=,szzoAtc+PUVwNLH+tWz3ChJ5MSU=
-8,-33,dBPFEylWScM8bEk6+KwQyhCMFH0=,szzoAtc+PUVwNLH+tWz3ChJ5MSU=
-4,-34,yrEig5PSxGROVdhtT8hNW7hMdbc=,szzoAtc+PUVwNLH+tWz3ChJ5MSU=
-5,-34,yrEig5PSxGROVdhtT8hNW7hMdbc=,szzoAtc+PUVwNLH+tWz3ChJ5MSU=
-6,-34,HIpzI1XkPRD2ZPhmkYHNYP7dU3Y=,szzoAtc+PUVwNLH+tWz3ChJ5MSU=
-7,-34,HIpzI1XkPRD2ZPhmkYHNYP7dU3Y=,szzoAtc+PUVwNLH+tWz3ChJ5MSU=
-8,-34,HIpzI1XkPRD2ZPhmkYHNYP7dU3Y=,szzoAtc+PUVwNLH+tWz3ChJ5MSU=
-4,-35,HIpzI1XkPRD2ZPhmkYHNYP7dU3Y=,szzoAtc+PUVwNLH+tWz3ChJ5MSU=
-5,-35,wAFLa9dwy6jgUVCzYhwH9+JTs6k=,szzoAtc+PUVwNLH+tWz3ChJ5MSU=
-6,-35,wAFLa9dwy6jgUVCzYhwH9+JTs6k=,szzoAtc+PUVwNLH+tWz3ChJ5MSU=
-7,-35,BO2r2O2zxwHeaXJm5hwQ9SDotMY=,szzoAtc+PUVwNLH+tWz3ChJ5MSU=
-8,-35,BO2r2O2zxwHeaXJm5hwQ9SDotMY=,szzoAtc+PUVwNLH+tWz3ChJ5MSU=
-4,-36,dBPFEylWScM8bEk6+KwQyhCMFH0=,szzoAtc+PUVwNLH+tWz3ChJ5MSU=
-5,-36,dBPFEylWScM8bEk6+KwQyhCMFH0=,szzoAtc+PUVwNLH+tWz3ChJ5MSU=
-6,-36,yrEig5PSxGROVdhtT8hNW7hMdbc=,szzoAtc+PUVwNLH+tWz3ChJ5MSU=
-7,-36,yrEig5PSxGROVdhtT8hNW7hMdbc=,szzoAtc+PUVwNLH+tWz3ChJ5MSU=
-8,-36,yrEig5PSxGROVdhtT8hNW7hMdbc=,szzoAtc+PUVwNLH+tWz3ChJ5MSU=
-1,-33,GnGwIaOOK1SdObzSAqZlh0HqNgs=,szzoAtc+PUVwNLH+tWz3ChJ5MSU=
-4,-37,HIpzI1XkPRD2ZPhmkYHNYP7dU3Y=,szzoAtc+PUVwNLH+tWz3ChJ5MSU=
-2,-33,GnGwIaOOK1SdObzSAqZlh0HqNgs=,szzoAtc+PUVwNLH+tWz3ChJ5MSU=
-5,-37,HIpzI1XkPRD2ZPhmkYHNYP7dU3Y=,szzoAtc+PUVwNLH+tWz3ChJ5MSU=
-3,-33,GnGwIaOOK1SdObzSAqZlh0HqNgs=,szzoAtc+PUVwNLH+tWz3ChJ5MSU=
-6,-37,HIpzI1XkPRD2ZPhmkYHNYP7dU3Y=,szzoAtc+PUVwNLH+tWz3ChJ5MSU=
-1,-34,GnGwIaOOK1SdObzSAqZlh0HqNgs=,szzoAtc+PUVwNLH+tWz3ChJ5MSU=
-7,-37,HIpzI1XkPRD2ZPhmkYHNYP7dU3Y=,szzoAtc+PUVwNLH+tWz3ChJ5MSU=
-2,-34,GnGwIaOOK1SdObzSAqZlh0HqNgs=,szzoAtc+PUVwNLH+tWz3ChJ5MSU=
-8,-37,HIpzI1XkPRD2ZPhmkYHNYP7dU3Y=,szzoAtc+PUVwNLH+tWz3ChJ5MSU=
-3,-34,dBPFEylWScM8bEk6+KwQyhCMFH0=,szzoAtc+PUVwNLH+tWz3ChJ5MSU=
-4,-38,HIpzI1XkPRD2ZPhmkYHNYP7dU3Y=,szzoAtc+PUVwNLH+tWz3ChJ5MSU=
-1,-35,dBPFEylWScM8bEk6+KwQyhCMFH0=,szzoAtc+PUVwNLH+tWz3ChJ5MSU=
-5,-38,HIpzI1XkPRD2ZPhmkYHNYP7dU3Y=,szzoAtc+PUVwNLH+tWz3ChJ5MSU=
-2,-35,dBPFEylWScM8bEk6+KwQyhCMFH0=,szzoAtc+PUVwNLH+tWz3ChJ5MSU=
-6,-38,HIpzI1XkPRD2ZPhmkYHNYP7dU3Y=,szzoAtc+PUVwNLH+tWz3ChJ5MSU=
-3,-35,dBPFEylWScM8bEk6+KwQyhCMFH0=,szzoAtc+PUVwNLH+tWz3ChJ5MSU=
-1,-36,BO2r2O2zxwHeaXJm5hwQ9SDotMY=,szzoAtc+PUVwNLH+tWz3ChJ5MSU=
-7,-38,HIpzI1XkPRD2ZPhmkYHNYP7dU3Y=,szzoAtc+PUVwNLH+tWz3ChJ5MSU=
-2,-36,GnGwIaOOK1SdObzSAqZlh0HqNgs=,szzoAtc+PUVwNLH+tWz3ChJ5MSU=
-8,-38,HIpzI1XkPRD2ZPhmkYHNYP7dU3Y=,szzoAtc+PUVwNLH+tWz3ChJ5MSU=
-4,-39,wAFLa9dwy6jgUVCzYhwH9+JTs6k=,szzoAtc+PUVwNLH+tWz3ChJ5MSU=
-3,-36,GnGwIaOOK1SdObzSAqZlh0HqNgs=,szzoAtc+PUVwNLH+tWz3ChJ5MSU=
-5,-39,wAFLa9dwy6jgUVCzYhwH9+JTs6k=,szzoAtc+PUVwNLH+tWz3ChJ5MSU=
-1,-37,yrEig5PSxGROVdhtT8hNW7hMdbc=,szzoAtc+PUVwNLH+tWz3ChJ5MSU=
-6,-39,wAFLa9dwy6jgUVCzYhwH9+JTs6k=,szzoAtc+PUVwNLH+tWz3ChJ5MSU=
-2,-37,yrEig5PSxGROVdhtT8hNW7hMdbc=,szzoAtc+PUVwNLH+tWz3ChJ5MSU=
-7,-39,wAFLa9dwy6jgUVCzYhwH9+JTs6k=,szzoAtc+PUVwNLH+tWz3ChJ5MSU=
-3,-37,yrEig5PSxGROVdhtT8hNW7hMdbc=,szzoAtc+PUVwNLH+tWz3ChJ5MSU=
-8,-39,dBPFEylWScM8bEk6+KwQyhCMFH0=,szzoAtc+PUVwNLH+tWz3ChJ5MSU=
-1,-38,GnGwIaOOK1SdObzSAqZlh0HqNgs=,szzoAtc+PUVwNLH+tWz3ChJ5MSU=
-2,-38,dBPFEylWScM8bEk6+KwQyhCMFH0=,szzoAtc+PUVwNLH+tWz3ChJ5MSU=
-4,-40,HIpzI1XkPRD2ZPhmkYHNYP7dU3Y=,szzoAtc+PUVwNLH+tWz3ChJ5MSU=
-3,-38,dBPFEylWScM8bEk6+KwQyhCMFH0=,szzoAtc+PUVwNLH+tWz3ChJ5MSU=
-5,-40,HIpzI1XkPRD2ZPhmkYHNYP7dU3Y=,szzoAtc+PUVwNLH+tWz3ChJ5MSU=
-6,-40,HIpzI1XkPRD2ZPhmkYHNYP7dU3Y=,szzoAtc+PUVwNLH+tWz3ChJ5MSU=
-1,-39,dBPFEylWScM8bEk6+KwQyhCMFH0=,szzoAtc+PUVwNLH+tWz3ChJ5MSU=
-7,-40,HIpzI1XkPRD2ZPhmkYHNYP7dU3Y=,szzoAtc+PUVwNLH+tWz3ChJ5MSU=
-2,-39,dBPFEylWScM8bEk6+KwQyhCMFH0=,szzoAtc+PUVwNLH+tWz3ChJ5MSU=
-3,-39,yrEig5PSxGROVdhtT8hNW7hMdbc=,szzoAtc+PUVwNLH+tWz3ChJ5MSU=
-8,-40,HIpzI1XkPRD2ZPhmkYHNYP7dU3Y=,szzoAtc+PUVwNLH+tWz3ChJ5MSU=
-1,-40,BO2r2O2zxwHeaXJm5hwQ9SDotMY=,szzoAtc+PUVwNLH+tWz3ChJ5MSU=
-2,-40,BO2r2O2zxwHeaXJm5hwQ9SDotMY=,szzoAtc+PUVwNLH+tWz3ChJ5MSU=
-3,-40,BO2r2O2zxwHeaXJm5hwQ9SDotMY=,szzoAtc+PUVwNLH+tWz3ChJ5MSU=
-12,-46,LiVjD2hWlrBNmF9xQXyKGS+p6K4=,gWAHaQXa/UVeuxJXkeDeJw4KSQo=
-13,-46,LiVjD2hWlrBNmF9xQXyKGS+p6K4=,gWAHaQXa/UVeuxJXkeDeJw4KSQo=
-12,-47,LiVjD2hWlrBNmF9xQXyKGS+p6K4=,gWAHaQXa/UVeuxJXkeDeJw4KSQo=
-13,-47,LiVjD2hWlrBNmF9xQXyKGS+p6K4=,gWAHaQXa/UVeuxJXkeDeJw4KSQo=
-12,-48,LiVjD2hWlrBNmF9xQXyKGS+p6K4=,gWAHaQXa/UVeuxJXkeDeJw4KSQo=
-13,-48,LiVjD2hWlrBNmF9xQXyKGS+p6K4=,gWAHaQXa/UVeuxJXkeDeJw4KSQo=
-12,-44,LiVjD2hWlrBNmF9xQXyKGS+p6K4=,gWAHaQXa/UVeuxJXkeDeJw4KSQo=
-13,-44,LiVjD2hWlrBNmF9xQXyKGS+p6K4=,gWAHaQXa/UVeuxJXkeDeJw4KSQo=
-12,-45,LiVjD2hWlrBNmF9xQXyKGS+p6K4=,gWAHaQXa/UVeuxJXkeDeJw4KSQo=
-13,-45,LiVjD2hWlrBNmF9xQXyKGS+p6K4=,gWAHaQXa/UVeuxJXkeDeJw4KSQo=
-7,-45,Td2j/Tz4OwqhcuA+ahw7fEhQlR4=,ydnAjeYrPJV9xtIXzbBuRm5OG20=
-8,-45,Td2j/Tz4OwqhcuA+ahw7fEhQlR4=,ydnAjeYrPJV9xtIXzbBuRm5OG20=
-4,-45,8pWVLNYJAXLcWI94qZ/XsoP45qo=,ydnAjeYrPJV9xtIXzbBuRm5OG20=
-11,-46,8pWVLNYJAXLcWI94qZ/XsoP45qo=,gWAHaQXa/UVeuxJXkeDeJw4KSQo=
-5,-45,8pWVLNYJAXLcWI94qZ/XsoP45qo=,ydnAjeYrPJV9xtIXzbBuRm5OG20=
-7,-48,8pWVLNYJAXLcWI94qZ/XsoP45qo=,ydnAjeYrPJV9xtIXzbBuRm5OG20=
-6,-45,8pWVLNYJAXLcWI94qZ/XsoP45qo=,ydnAjeYrPJV9xtIXzbBuRm5OG20=
-8,-48,8pWVLNYJAXLcWI94qZ/XsoP45qo=,ydnAjeYrPJV9xtIXzbBuRm5OG20=
-9,-44,Td2j/Tz4OwqhcuA+ahw7fEhQlR4=,gWAHaQXa/UVeuxJXkeDeJw4KSQo=
-9,-47,8pWVLNYJAXLcWI94qZ/XsoP45qo=,gWAHaQXa/UVeuxJXkeDeJw4KSQo=
-10,-44,Td2j/Tz4OwqhcuA+ahw7fEhQlR4=,gWAHaQXa/UVeuxJXkeDeJw4KSQo=
-10,-47,8pWVLNYJAXLcWI94qZ/XsoP45qo=,gWAHaQXa/UVeuxJXkeDeJw4KSQo=
-11,-44,Td2j/Tz4OwqhcuA+ahw7fEhQlR4=,gWAHaQXa/UVeuxJXkeDeJw4KSQo=
-4,-46,Td2j/Tz4OwqhcuA+ahw7fEhQlR4=,ydnAjeYrPJV9xtIXzbBuRm5OG20=
-4,-44,8pWVLNYJAXLcWI94qZ/XsoP45qo=,ydnAjeYrPJV9xtIXzbBuRm5OG20=
-11,-47,8pWVLNYJAXLcWI94qZ/XsoP45qo=,gWAHaQXa/UVeuxJXkeDeJw4KSQo=
-5,-44,8pWVLNYJAXLcWI94qZ/XsoP45qo=,ydnAjeYrPJV9xtIXzbBuRm5OG20=
-5,-46,8pWVLNYJAXLcWI94qZ/XsoP45qo=,ydnAjeYrPJV9xtIXzbBuRm5OG20=
-6,-44,8pWVLNYJAXLcWI94qZ/XsoP45qo=,ydnAjeYrPJV9xtIXzbBuRm5OG20=
-6,-46,8pWVLNYJAXLcWI94qZ/XsoP45qo=,ydnAjeYrPJV9xtIXzbBuRm5OG20=
-9,-45,Td2j/Tz4OwqhcuA+ahw7fEhQlR4=,gWAHaQXa/UVeuxJXkeDeJw4KSQo=
-7,-46,8pWVLNYJAXLcWI94qZ/XsoP45qo=,ydnAjeYrPJV9xtIXzbBuRm5OG20=
-10,-45,Td2j/Tz4OwqhcuA+ahw7fEhQlR4=,gWAHaQXa/UVeuxJXkeDeJw4KSQo=
-8,-46,8pWVLNYJAXLcWI94qZ/XsoP45qo=,ydnAjeYrPJV9xtIXzbBuRm5OG20=
-7,-44,8pWVLNYJAXLcWI94qZ/XsoP45qo=,ydnAjeYrPJV9xtIXzbBuRm5OG20=
-9,-48,8pWVLNYJAXLcWI94qZ/XsoP45qo=,gWAHaQXa/UVeuxJXkeDeJw4KSQo=
-10,-48,8pWVLNYJAXLcWI94qZ/XsoP45qo=,gWAHaQXa/UVeuxJXkeDeJw4KSQo=
-11,-45,Td2j/Tz4OwqhcuA+ahw7fEhQlR4=,gWAHaQXa/UVeuxJXkeDeJw4KSQo=
-11,-48,8pWVLNYJAXLcWI94qZ/XsoP45qo=,gWAHaQXa/UVeuxJXkeDeJw4KSQo=
-8,-44,8pWVLNYJAXLcWI94qZ/XsoP45qo=,ydnAjeYrPJV9xtIXzbBuRm5OG20=
-4,-47,8pWVLNYJAXLcWI94qZ/XsoP45qo=,ydnAjeYrPJV9xtIXzbBuRm5OG20=
-5,-47,8pWVLNYJAXLcWI94qZ/XsoP45qo=,ydnAjeYrPJV9xtIXzbBuRm5OG20=
-6,-47,8pWVLNYJAXLcWI94qZ/XsoP45qo=,ydnAjeYrPJV9xtIXzbBuRm5OG20=
-7,-47,8pWVLNYJAXLcWI94qZ/XsoP45qo=,ydnAjeYrPJV9xtIXzbBuRm5OG20=
-8,-47,8pWVLNYJAXLcWI94qZ/XsoP45qo=,ydnAjeYrPJV9xtIXzbBuRm5OG20=
-4,-48,8pWVLNYJAXLcWI94qZ/XsoP45qo=,ydnAjeYrPJV9xtIXzbBuRm5OG20=
-9,-46,8pWVLNYJAXLcWI94qZ/XsoP45qo=,gWAHaQXa/UVeuxJXkeDeJw4KSQo=
-5,-48,8pWVLNYJAXLcWI94qZ/XsoP45qo=,ydnAjeYrPJV9xtIXzbBuRm5OG20=
-6,-48,Td2j/Tz4OwqhcuA+ahw7fEhQlR4=,ydnAjeYrPJV9xtIXzbBuRm5OG20=
-10,-46,Td2j/Tz4OwqhcuA+ahw7fEhQlR4=,gWAHaQXa/UVeuxJXkeDeJw4KSQo=
-12,-38,1XvRIqPzMyT4gCdqZpA6H7u3i88=,ffZkwVnLF/XU4SmEMcHRkVoUvnY=
-12,-36,BO2r2O2zxwHeaXJm5hwQ9SDotMY=,ffZkwVnLF/XU4SmEMcHRkVoUvnY=
-13,-38,1XvRIqPzMyT4gCdqZpA6H7u3i88=,ffZkwVnLF/XU4SmEMcHRkVoUvnY=
-13,-36,BO2r2O2zxwHeaXJm5hwQ9SDotMY=,ffZkwVnLF/XU4SmEMcHRkVoUvnY=
-12,-39,1XvRIqPzMyT4gCdqZpA6H7u3i88=,ffZkwVnLF/XU4SmEMcHRkVoUvnY=
-13,-39,1XvRIqPzMyT4gCdqZpA6H7u3i88=,ffZkwVnLF/XU4SmEMcHRkVoUvnY=
-12,-40,1XvRIqPzMyT4gCdqZpA6H7u3i88=,ffZkwVnLF/XU4SmEMcHRkVoUvnY=
-13,-40,1XvRIqPzMyT4gCdqZpA6H7u3i88=,ffZkwVnLF/XU4SmEMcHRkVoUvnY=
-1,-45,GnGwIaOOK1SdObzSAqZlh0HqNgs=,ydnAjeYrPJV9xtIXzbBuRm5OG20=
-12,-41,BO2r2O2zxwHeaXJm5hwQ9SDotMY=,gWAHaQXa/UVeuxJXkeDeJw4KSQo=
-2,-45,GnGwIaOOK1SdObzSAqZlh0HqNgs=,ydnAjeYrPJV9xtIXzbBuRm5OG20=
-13,-41,BO2r2O2zxwHeaXJm5hwQ9SDotMY=,gWAHaQXa/UVeuxJXkeDeJw4KSQo=
-3,-45,GnGwIaOOK1SdObzSAqZlh0HqNgs=,ydnAjeYrPJV9xtIXzbBuRm5OG20=
-12,-37,BO2r2O2zxwHeaXJm5hwQ9SDotMY=,ffZkwVnLF/XU4SmEMcHRkVoUvnY=
-1,-44,BO2r2O2zxwHeaXJm5hwQ9SDotMY=,ydnAjeYrPJV9xtIXzbBuRm5OG20=
-11,-38,GnGwIaOOK1SdObzSAqZlh0HqNgs=,ffZkwVnLF/XU4SmEMcHRkVoUvnY=
-1,-42,dBPFEylWScM8bEk6+KwQyhCMFH0=,ydnAjeYrPJV9xtIXzbBuRm5OG20=
-12,-42,BO2r2O2zxwHeaXJm5hwQ9SDotMY=,gWAHaQXa/UVeuxJXkeDeJw4KSQo=
-2,-44,BO2r2O2zxwHeaXJm5hwQ9SDotMY=,ydnAjeYrPJV9xtIXzbBuRm5OG20=
-2,-42,dBPFEylWScM8bEk6+KwQyhCMFH0=,ydnAjeYrPJV9xtIXzbBuRm5OG20=
-11,-36,HIpzI1XkPRD2ZPhmkYHNYP7dU3Y=,ffZkwVnLF/XU4SmEMcHRkVoUvnY=
-13,-37,1XvRIqPzMyT4gCdqZpA6H7u3i88=,ffZkwVnLF/XU4SmEMcHRkVoUvnY=
-3,-44,BO2r2O2zxwHeaXJm5hwQ9SDotMY=,ydnAjeYrPJV9xtIXzbBuRm5OG20=
-3,-42,dBPFEylWScM8bEk6+KwQyhCMFH0=,ydnAjeYrPJV9xtIXzbBuRm5OG20=
-4,-42,wAFLa9dwy6jgUVCzYhwH9+JTs6k=,ydnAjeYrPJV9xtIXzbBuRm5OG20=
-13,-42,BO2r2O2zxwHeaXJm5hwQ9SDotMY=,gWAHaQXa/UVeuxJXkeDeJw4KSQo=
-5,-42,wAFLa9dwy6jgUVCzYhwH9+JTs6k=,ydnAjeYrPJV9xtIXzbBuRm5OG20=
-6,-42,wAFLa9dwy6jgUVCzYhwH9+JTs6k=,ydnAjeYrPJV9xtIXzbBuRm5OG20=
-9,-39,dBPFEylWScM8bEk6+KwQyhCMFH0=,ffZkwVnLF/XU4SmEMcHRkVoUvnY=
-3,-41,GnGwIaOOK1SdObzSAqZlh0HqNgs=,ydnAjeYrPJV9xtIXzbBuRm5OG20=
-12,-43,BO2r2O2zxwHeaXJm5hwQ9SDotMY=,gWAHaQXa/UVeuxJXkeDeJw4KSQo=
-13,-43,BO2r2O2zxwHeaXJm5hwQ9SDotMY=,gWAHaQXa/UVeuxJXkeDeJw4KSQo=
-14,-36,GnGwIaOOK1SdObzSAqZlh0HqNgs=,ffZkwVnLF/XU4SmEMcHRkVoUvnY=
-1,-43,GnGwIaOOK1SdObzSAqZlh0HqNgs=,ydnAjeYrPJV9xtIXzbBuRm5OG20=
-14,-38,BO2r2O2zxwHeaXJm5hwQ9SDotMY=,ffZkwVnLF/XU4SmEMcHRkVoUvnY=
-7,-42,HIpzI1XkPRD2ZPhmkYHNYP7dU3Y=,ydnAjeYrPJV9xtIXzbBuRm5OG20=
-2,-43,dBPFEylWScM8bEk6+KwQyhCMFH0=,ydnAjeYrPJV9xtIXzbBuRm5OG20=
-15,-36,GnGwIaOOK1SdObzSAqZlh0HqNgs=,ffZkwVnLF/XU4SmEMcHRkVoUvnY=
-15,-38,BO2r2O2zxwHeaXJm5hwQ9SDotMY=,ffZkwVnLF/XU4SmEMcHRkVoUvnY=
-16,-36,dBPFEylWScM8bEk6+KwQyhCMFH0=,ffZkwVnLF/XU4SmEMcHRkVoUvnY=
-16,-38,BO2r2O2zxwHeaXJm5hwQ9SDotMY=,ffZkwVnLF/XU4SmEMcHRkVoUvnY=
-10,-39,dBPFEylWScM8bEk6+KwQyhCMFH0=,ffZkwVnLF/XU4SmEMcHRkVoUvnY=
-14,-37,BO2r2O2zxwHeaXJm5hwQ9SDotMY=,ffZkwVnLF/XU4SmEMcHRkVoUvnY=
-3,-43,yrEig5PSxGROVdhtT8hNW7hMdbc=,ydnAjeYrPJV9xtIXzbBuRm5OG20=
-14,-39,BO2r2O2zxwHeaXJm5hwQ9SDotMY=,ffZkwVnLF/XU4SmEMcHRkVoUvnY=
-11,-39,yrEig5PSxGROVdhtT8hNW7hMdbc=,ffZkwVnLF/XU4SmEMcHRkVoUvnY=
-15,-37,BO2r2O2zxwHeaXJm5hwQ9SDotMY=,ffZkwVnLF/XU4SmEMcHRkVoUvnY=
-15,-39,BO2r2O2zxwHeaXJm5hwQ9SDotMY=,ffZkwVnLF/XU4SmEMcHRkVoUvnY=
-4,-41,HIpzI1XkPRD2ZPhmkYHNYP7dU3Y=,ydnAjeYrPJV9xtIXzbBuRm5OG20=
-16,-37,BO2r2O2zxwHeaXJm5hwQ9SDotMY=,ffZkwVnLF/XU4SmEMcHRkVoUvnY=
-16,-39,BO2r2O2zxwHeaXJm5hwQ9SDotMY=,ffZkwVnLF/XU4SmEMcHRkVoUvnY=
-8,-42,HIpzI1XkPRD2ZPhmkYHNYP7dU3Y=,ydnAjeYrPJV9xtIXzbBuRm5OG20=
-14,-40,BO2r2O2zxwHeaXJm5hwQ9SDotMY=,ffZkwVnLF/XU4SmEMcHRkVoUvnY=
-4,-43,wAFLa9dwy6jgUVCzYhwH9+JTs6k=,ydnAjeYrPJV9xtIXzbBuRm5OG20=
-15,-40,BO2r2O2zxwHeaXJm5hwQ9SDotMY=,ffZkwVnLF/XU4SmEMcHRkVoUvnY=
-16,-40,BO2r2O2zxwHeaXJm5hwQ9SDotMY=,ffZkwVnLF/XU4SmEMcHRkVoUvnY=
-9,-40,yrEig5PSxGROVdhtT8hNW7hMdbc=,ffZkwVnLF/XU4SmEMcHRkVoUvnY=
-12,-33,BO2r2O2zxwHeaXJm5hwQ9SDotMY=,ffZkwVnLF/XU4SmEMcHRkVoUvnY=
-14,-41,BO2r2O2zxwHeaXJm5hwQ9SDotMY=,gWAHaQXa/UVeuxJXkeDeJw4KSQo=
-10,-40,yrEig5PSxGROVdhtT8hNW7hMdbc=,ffZkwVnLF/XU4SmEMcHRkVoUvnY=
-15,-41,BO2r2O2zxwHeaXJm5hwQ9SDotMY=,gWAHaQXa/UVeuxJXkeDeJw4KSQo=
-11,-40,yrEig5PSxGROVdhtT8hNW7hMdbc=,ffZkwVnLF/XU4SmEMcHRkVoUvnY=
-12,-34,BO2r2O2zxwHeaXJm5hwQ9SDotMY=,ffZkwVnLF/XU4SmEMcHRkVoUvnY=
-5,-43,BO2r2O2zxwHeaXJm5hwQ9SDotMY=,ydnAjeYrPJV9xtIXzbBuRm5OG20=
-16,-41,GnGwIaOOK1SdObzSAqZlh0HqNgs=,gWAHaQXa/UVeuxJXkeDeJw4KSQo=
-13,-34,BO2r2O2zxwHeaXJm5hwQ9SDotMY=,ffZkwVnLF/XU4SmEMcHRkVoUvnY=
-6,-43,BO2r2O2zxwHeaXJm5hwQ9SDotMY=,ydnAjeYrPJV9xtIXzbBuRm5OG20=
-14,-42,GnGwIaOOK1SdObzSAqZlh0HqNgs=,gWAHaQXa/UVeuxJXkeDeJw4KSQo=
-7,-43,BO2r2O2zxwHeaXJm5hwQ9SDotMY=,ydnAjeYrPJV9xtIXzbBuRm5OG20=
-15,-42,GnGwIaOOK1SdObzSAqZlh0HqNgs=,gWAHaQXa/UVeuxJXkeDeJw4KSQo=
-13,-33,1XvRIqPzMyT4gCdqZpA6H7u3i88=,ffZkwVnLF/XU4SmEMcHRkVoUvnY=
-5,-41,HIpzI1XkPRD2ZPhmkYHNYP7dU3Y=,ydnAjeYrPJV9xtIXzbBuRm5OG20=
-16,-42,GnGwIaOOK1SdObzSAqZlh0HqNgs=,gWAHaQXa/UVeuxJXkeDeJw4KSQo=
-12,-35,GnGwIaOOK1SdObzSAqZlh0HqNgs=,ffZkwVnLF/XU4SmEMcHRkVoUvnY=
-14,-43,GnGwIaOOK1SdObzSAqZlh0HqNgs=,gWAHaQXa/UVeuxJXkeDeJw4KSQo=
-9,-37,wAFLa9dwy6jgUVCzYhwH9+JTs6k=,ffZkwVnLF/XU4SmEMcHRkVoUvnY=
-13,-35,1XvRIqPzMyT4gCdqZpA6H7u3i88=,ffZkwVnLF/XU4SmEMcHRkVoUvnY=
-8,-43,BO2r2O2zxwHeaXJm5hwQ9SDotMY=,ydnAjeYrPJV9xtIXzbBuRm5OG20=
-15,-43,GnGwIaOOK1SdObzSAqZlh0HqNgs=,gWAHaQXa/UVeuxJXkeDeJw4KSQo=
-16,-43,GnGwIaOOK1SdObzSAqZlh0HqNgs=,gWAHaQXa/UVeuxJXkeDeJw4KSQo=
-10,-37,wAFLa9dwy6jgUVCzYhwH9+JTs6k=,ffZkwVnLF/XU4SmEMcHRkVoUvnY=
-14,-44,1XvRIqPzMyT4gCdqZpA6H7u3i88=,gWAHaQXa/UVeuxJXkeDeJw4KSQo=
-9,-41,HIpzI1XkPRD2ZPhmkYHNYP7dU3Y=,gWAHaQXa/UVeuxJXkeDeJw4KSQo=
-15,-44,1XvRIqPzMyT4gCdqZpA6H7u3i88=,gWAHaQXa/UVeuxJXkeDeJw4KSQo=
-10,-41,HIpzI1XkPRD2ZPhmkYHNYP7dU3Y=,gWAHaQXa/UVeuxJXkeDeJw4KSQo=
-16,-44,BO2r2O2zxwHeaXJm5hwQ9SDotMY=,gWAHaQXa/UVeuxJXkeDeJw4KSQo=
-11,-41,HIpzI1XkPRD2ZPhmkYHNYP7dU3Y=,gWAHaQXa/UVeuxJXkeDeJw4KSQo=
-14,-45,1XvRIqPzMyT4gCdqZpA6H7u3i88=,gWAHaQXa/UVeuxJXkeDeJw4KSQo=
-11,-37,wAFLa9dwy6jgUVCzYhwH9+JTs6k=,ffZkwVnLF/XU4SmEMcHRkVoUvnY=
-9,-33,BO2r2O2zxwHeaXJm5hwQ9SDotMY=,ffZkwVnLF/XU4SmEMcHRkVoUvnY=
-15,-45,1XvRIqPzMyT4gCdqZpA6H7u3i88=,gWAHaQXa/UVeuxJXkeDeJw4KSQo=
-9,-42,HIpzI1XkPRD2ZPhmkYHNYP7dU3Y=,gWAHaQXa/UVeuxJXkeDeJw4KSQo=
-16,-45,1XvRIqPzMyT4gCdqZpA6H7u3i88=,gWAHaQXa/UVeuxJXkeDeJw4KSQo=
-1,-41,GnGwIaOOK1SdObzSAqZlh0HqNgs=,ydnAjeYrPJV9xtIXzbBuRm5OG20=
-10,-42,HIpzI1XkPRD2ZPhmkYHNYP7dU3Y=,gWAHaQXa/UVeuxJXkeDeJw4KSQo=
-2,-41,GnGwIaOOK1SdObzSAqZlh0HqNgs=,ydnAjeYrPJV9xtIXzbBuRm5OG20=
-10,-33,yrEig5PSxGROVdhtT8hNW7hMdbc=,ffZkwVnLF/XU4SmEMcHRkVoUvnY=
-1,-46,yrEig5PSxGROVdhtT8hNW7hMdbc=,ydnAjeYrPJV9xtIXzbBuRm5OG20=
-2,-46,yrEig5PSxGROVdhtT8hNW7hMdbc=,ydnAjeYrPJV9xtIXzbBuRm5OG20=
-11,-42,HIpzI1XkPRD2ZPhmkYHNYP7dU3Y=,gWAHaQXa/UVeuxJXkeDeJw4KSQo=
-3,-46,yrEig5PSxGROVdhtT8hNW7hMdbc=,ydnAjeYrPJV9xtIXzbBuRm5OG20=
-1,-47,yrEig5PSxGROVdhtT8hNW7hMdbc=,ydnAjeYrPJV9xtIXzbBuRm5OG20=
-11,-34,HIpzI1XkPRD2ZPhmkYHNYP7dU3Y=,ffZkwVnLF/XU4SmEMcHRkVoUvnY=
-2,-47,yrEig5PSxGROVdhtT8hNW7hMdbc=,ydnAjeYrPJV9xtIXzbBuRm5OG20=
-3,-47,yrEig5PSxGROVdhtT8hNW7hMdbc=,ydnAjeYrPJV9xtIXzbBuRm5OG20=
-1,-48,dBPFEylWScM8bEk6+KwQyhCMFH0=,ydnAjeYrPJV9xtIXzbBuRm5OG20=
-9,-43,HIpzI1XkPRD2ZPhmkYHNYP7dU3Y=,gWAHaQXa/UVeuxJXkeDeJw4KSQo=
-2,-48,dBPFEylWScM8bEk6+KwQyhCMFH0=,ydnAjeYrPJV9xtIXzbBuRm5OG20=
-11,-33,HIpzI1XkPRD2ZPhmkYHNYP7dU3Y=,ffZkwVnLF/XU4SmEMcHRkVoUvnY=
-10,-43,HIpzI1XkPRD2ZPhmkYHNYP7dU3Y=,gWAHaQXa/UVeuxJXkeDeJw4KSQo=
-3,-48,yrEig5PSxGROVdhtT8hNW7hMdbc=,ydnAjeYrPJV9xtIXzbBuRm5OG20=
-14,-46,dBPFEylWScM8bEk6+KwQyhCMFH0=,gWAHaQXa/UVeuxJXkeDeJw4KSQo=
-11,-43,HIpzI1XkPRD2ZPhmkYHNYP7dU3Y=,gWAHaQXa/UVeuxJXkeDeJw4KSQo=
-14,-34,yrEig5PSxGROVdhtT8hNW7hMdbc=,ffZkwVnLF/XU4SmEMcHRkVoUvnY=
-15,-46,dBPFEylWScM8bEk6+KwQyhCMFH0=,gWAHaQXa/UVeuxJXkeDeJw4KSQo=
-9,-38,GnGwIaOOK1SdObzSAqZlh0HqNgs=,ffZkwVnLF/XU4SmEMcHRkVoUvnY=
-9,-35,HIpzI1XkPRD2ZPhmkYHNYP7dU3Y=,ffZkwVnLF/XU4SmEMcHRkVoUvnY=
-16,-46,dBPFEylWScM8bEk6+KwQyhCMFH0=,gWAHaQXa/UVeuxJXkeDeJw4KSQo=
-15,-34,yrEig5PSxGROVdhtT8hNW7hMdbc=,ffZkwVnLF/XU4SmEMcHRkVoUvnY=
-10,-38,GnGwIaOOK1SdObzSAqZlh0HqNgs=,ffZkwVnLF/XU4SmEMcHRkVoUvnY=
-10,-35,HIpzI1XkPRD2ZPhmkYHNYP7dU3Y=,ffZkwVnLF/XU4SmEMcHRkVoUvnY=
-14,-47,dBPFEylWScM8bEk6+KwQyhCMFH0=,gWAHaQXa/UVeuxJXkeDeJw4KSQo=
-16,-34,yrEig5PSxGROVdhtT8hNW7hMdbc=,ffZkwVnLF/XU4SmEMcHRkVoUvnY=
-15,-47,dBPFEylWScM8bEk6+KwQyhCMFH0=,gWAHaQXa/UVeuxJXkeDeJw4KSQo=
-11,-35,HIpzI1XkPRD2ZPhmkYHNYP7dU3Y=,ffZkwVnLF/XU4SmEMcHRkVoUvnY=
-14,-33,dBPFEylWScM8bEk6+KwQyhCMFH0=,ffZkwVnLF/XU4SmEMcHRkVoUvnY=
-16,-47,dBPFEylWScM8bEk6+KwQyhCMFH0=,gWAHaQXa/UVeuxJXkeDeJw4KSQo=
-15,-33,dBPFEylWScM8bEk6+KwQyhCMFH0=,ffZkwVnLF/XU4SmEMcHRkVoUvnY=
-14,-48,dBPFEylWScM8bEk6+KwQyhCMFH0=,gWAHaQXa/UVeuxJXkeDeJw4KSQo=
-15,-48,dBPFEylWScM8bEk6+KwQyhCMFH0=,gWAHaQXa/UVeuxJXkeDeJw4KSQo=
-9,-34,yrEig5PSxGROVdhtT8hNW7hMdbc=,ffZkwVnLF/XU4SmEMcHRkVoUvnY=
-6,-41,HIpzI1XkPRD2ZPhmkYHNYP7dU3Y=,ydnAjeYrPJV9xtIXzbBuRm5OG20=
-14,-35,dBPFEylWScM8bEk6+KwQyhCMFH0=,ffZkwVnLF/XU4SmEMcHRkVoUvnY=
-16,-48,dBPFEylWScM8bEk6+KwQyhCMFH0=,gWAHaQXa/UVeuxJXkeDeJw4KSQo=
-15,-35,yrEig5PSxGROVdhtT8hNW7hMdbc=,ffZkwVnLF/XU4SmEMcHRkVoUvnY=
-10,-34,yrEig5PSxGROVdhtT8hNW7hMdbc=,ffZkwVnLF/XU4SmEMcHRkVoUvnY=
-9,-36,HIpzI1XkPRD2ZPhmkYHNYP7dU3Y=,ffZkwVnLF/XU4SmEMcHRkVoUvnY=
-16,-35,yrEig5PSxGROVdhtT8hNW7hMdbc=,ffZkwVnLF/XU4SmEMcHRkVoUvnY=
-10,-36,HIpzI1XkPRD2ZPhmkYHNYP7dU3Y=,ffZkwVnLF/XU4SmEMcHRkVoUvnY=
-16,-33,yrEig5PSxGROVdhtT8hNW7hMdbc=,ffZkwVnLF/XU4SmEMcHRkVoUvnY=
-7,-41,HIpzI1XkPRD2ZPhmkYHNYP7dU3Y=,ydnAjeYrPJV9xtIXzbBuRm5OG20=
-8,-41,HIpzI1XkPRD2ZPhmkYHNYP7dU3Y=,ydnAjeYrPJV9xtIXzbBuRm5OG20=
-12,-62,J1eSWMLoN40nUWy59ew5qfPMySk=,wi+z4sIdjFoukKyQDi62UPpS8Z4=
-13,-62,J1eSWMLoN40nUWy59ew5qfPMySk=,wi+z4sIdjFoukKyQDi62UPpS8Z4=
-12,-63,J1eSWMLoN40nUWy59ew5qfPMySk=,wi+z4sIdjFoukKyQDi62UPpS8Z4=
-13,-63,J1eSWMLoN40nUWy59ew5qfPMySk=,wi+z4sIdjFoukKyQDi62UPpS8Z4=
-12,-64,J1eSWMLoN40nUWy59ew5qfPMySk=,wi+z4sIdjFoukKyQDi62UPpS8Z4=
-13,-64,J1eSWMLoN40nUWy59ew5qfPMySk=,wi+z4sIdjFoukKyQDi62UPpS8Z4=
-12,-60,wAFLa9dwy6jgUVCzYhwH9+JTs6k=,wi+z4sIdjFoukKyQDi62UPpS8Z4=
-13,-60,wAFLa9dwy6jgUVCzYhwH9+JTs6k=,wi+z4sIdjFoukKyQDi62UPpS8Z4=
-12,-61,wAFLa9dwy6jgUVCzYhwH9+JTs6k=,wi+z4sIdjFoukKyQDi62UPpS8Z4=
-13,-61,wAFLa9dwy6jgUVCzYhwH9+JTs6k=,wi+z4sIdjFoukKyQDi62UPpS8Z4=
-12,-54,tf68IArCqinnTazlbg/bmS6iYlQ=,W0DYpxccuQFBJ8oIkpXKe75jTLw=
-14,-60,J1eSWMLoN40nUWy59ew5qfPMySk=,wi+z4sIdjFoukKyQDi62UPpS8Z4=
-12,-52,tf68IArCqinnTazlbg/bmS6iYlQ=,W0DYpxccuQFBJ8oIkpXKe75jTLw=
-15,-60,J1eSWMLoN40nUWy59ew5qfPMySk=,wi+z4sIdjFoukKyQDi62UPpS8Z4=
-13,-52,tf68IArCqinnTazlbg/bmS6iYlQ=,W0DYpxccuQFBJ8oIkpXKe75jTLw=
-16,-60,J1eSWMLoN40nUWy59ew5qfPMySk=,wi+z4sIdjFoukKyQDi62UPpS8Z4=
-13,-54,tf68IArCqinnTazlbg/bmS6iYlQ=,W0DYpxccuQFBJ8oIkpXKe75jTLw=
-14,-61,J1eSWMLoN40nUWy59ew5qfPMySk=,wi+z4sIdjFoukKyQDi62UPpS8Z4=
-14,-54,tf68IArCqinnTazlbg/bmS6iYlQ=,W0DYpxccuQFBJ8oIkpXKe75jTLw=
-15,-61,J1eSWMLoN40nUWy59ew5qfPMySk=,wi+z4sIdjFoukKyQDi62UPpS8Z4=
-15,-54,tf68IArCqinnTazlbg/bmS6iYlQ=,W0DYpxccuQFBJ8oIkpXKe75jTLw=
-16,-61,J1eSWMLoN40nUWy59ew5qfPMySk=,wi+z4sIdjFoukKyQDi62UPpS8Z4=
-14,-52,tf68IArCqinnTazlbg/bmS6iYlQ=,W0DYpxccuQFBJ8oIkpXKe75jTLw=
-16,-54,tf68IArCqinnTazlbg/bmS6iYlQ=,W0DYpxccuQFBJ8oIkpXKe75jTLw=
-12,-50,aMo2DJyD5HfWzzCITEAcebLGY2w=,W0DYpxccuQFBJ8oIkpXKe75jTLw=
-12,-55,tf68IArCqinnTazlbg/bmS6iYlQ=,W0DYpxccuQFBJ8oIkpXKe75jTLw=
-13,-55,tf68IArCqinnTazlbg/bmS6iYlQ=,W0DYpxccuQFBJ8oIkpXKe75jTLw=
-14,-55,tf68IArCqinnTazlbg/bmS6iYlQ=,W0DYpxccuQFBJ8oIkpXKe75jTLw=
-14,-62,J1eSWMLoN40nUWy59ew5qfPMySk=,wi+z4sIdjFoukKyQDi62UPpS8Z4=
-11,-62,tf68IArCqinnTazlbg/bmS6iYlQ=,wi+z4sIdjFoukKyQDi62UPpS8Z4=
-15,-52,aMo2DJyD5HfWzzCITEAcebLGY2w=,W0DYpxccuQFBJ8oIkpXKe75jTLw=
-11,-54,aMo2DJyD5HfWzzCITEAcebLGY2w=,W0DYpxccuQFBJ8oIkpXKe75jTLw=
-15,-62,J1eSWMLoN40nUWy59ew5qfPMySk=,wi+z4sIdjFoukKyQDi62UPpS8Z4=
-15,-55,tf68IArCqinnTazlbg/bmS6iYlQ=,W0DYpxccuQFBJ8oIkpXKe75jTLw=
-7,-61,aMo2DJyD5HfWzzCITEAcebLGY2w=,JYJ/o20T383y1BxYmAR5wYNhzvY=
-1,-58,aMo2DJyD5HfWzzCITEAcebLGY2w=,JYJ/o20T383y1BxYmAR5wYNhzvY=
-16,-62,J1eSWMLoN40nUWy59ew5qfPMySk=,wi+z4sIdjFoukKyQDi62UPpS8Z4=
-16,-52,aMo2DJyD5HfWzzCITEAcebLGY2w=,W0DYpxccuQFBJ8oIkpXKe75jTLw=
-8,-61,aMo2DJyD5HfWzzCITEAcebLGY2w=,JYJ/o20T383y1BxYmAR5wYNhzvY=
-2,-58,aMo2DJyD5HfWzzCITEAcebLGY2w=,JYJ/o20T383y1BxYmAR5wYNhzvY=
-14,-63,J1eSWMLoN40nUWy59ew5qfPMySk=,wi+z4sIdjFoukKyQDi62UPpS8Z4=
-16,-55,tf68IArCqinnTazlbg/bmS6iYlQ=,W0DYpxccuQFBJ8oIkpXKe75jTLw=
-1,-62,aMo2DJyD5HfWzzCITEAcebLGY2w=,JYJ/o20T383y1BxYmAR5wYNhzvY=
-11,-52,aMo2DJyD5HfWzzCITEAcebLGY2w=,W0DYpxccuQFBJ8oIkpXKe75jTLw=
-15,-63,J1eSWMLoN40nUWy59ew5qfPMySk=,wi+z4sIdjFoukKyQDi62UPpS8Z4=
-12,-56,tf68IArCqinnTazlbg/bmS6iYlQ=,W0DYpxccuQFBJ8oIkpXKe75jTLw=
-1,-61,vLWmcLkgoSMLl2t4fykiFpB6gfM=,JYJ/o20T383y1BxYmAR5wYNhzvY=
-11,-50,aMo2DJyD5HfWzzCITEAcebLGY2w=,W0DYpxccuQFBJ8oIkpXKe75jTLw=
-16,-63,tf68IArCqinnTazlbg/bmS6iYlQ=,wi+z4sIdjFoukKyQDi62UPpS8Z4=
-2,-61,vLWmcLkgoSMLl2t4fykiFpB6gfM=,JYJ/o20T383y1BxYmAR5wYNhzvY=
-13,-56,tf68IArCqinnTazlbg/bmS6iYlQ=,W0DYpxccuQFBJ8oIkpXKe75jTLw=
-3,-58,aMo2DJyD5HfWzzCITEAcebLGY2w=,JYJ/o20T383y1BxYmAR5wYNhzvY=
-3,-61,vLWmcLkgoSMLl2t4fykiFpB6gfM=,JYJ/o20T383y1BxYmAR5wYNhzvY=
-14,-64,tf68IArCqinnTazlbg/bmS6iYlQ=,wi+z4sIdjFoukKyQDi62UPpS8Z4=
-14,-56,tf68IArCqinnTazlbg/bmS6iYlQ=,W0DYpxccuQFBJ8oIkpXKe75jTLw=
-5,-49,aMo2DJyD5HfWzzCITEAcebLGY2w=,K9VZHZYkCcio5As3cytt583CxKc=
-15,-64,tf68IArCqinnTazlbg/bmS6iYlQ=,wi+z4sIdjFoukKyQDi62UPpS8Z4=
-2,-62,vLWmcLkgoSMLl2t4fykiFpB6gfM=,JYJ/o20T383y1BxYmAR5wYNhzvY=
-15,-56,tf68IArCqinnTazlbg/bmS6iYlQ=,W0DYpxccuQFBJ8oIkpXKe75jTLw=
-6,-49,aMo2DJyD5HfWzzCITEAcebLGY2w=,K9VZHZYkCcio5As3cytt583CxKc=
-16,-64,tf68IArCqinnTazlbg/bmS6iYlQ=,wi+z4sIdjFoukKyQDi62UPpS8Z4=
-3,-62,vLWmcLkgoSMLl2t4fykiFpB6gfM=,JYJ/o20T383y1BxYmAR5wYNhzvY=
-16,-56,tf68IArCqinnTazlbg/bmS6iYlQ=,W0DYpxccuQFBJ8oIkpXKe75jTLw=
-7,-49,aMo2DJyD5HfWzzCITEAcebLGY2w=,K9VZHZYkCcio5As3cytt583CxKc=
-4,-62,vLWmcLkgoSMLl2t4fykiFpB6gfM=,JYJ/o20T383y1BxYmAR5wYNhzvY=
-14,-50,aMo2DJyD5HfWzzCITEAcebLGY2w=,W0DYpxccuQFBJ8oIkpXKe75jTLw=
-12,-57,tf68IArCqinnTazlbg/bmS6iYlQ=,wi+z4sIdjFoukKyQDi62UPpS8Z4=
-8,-49,aMo2DJyD5HfWzzCITEAcebLGY2w=,K9VZHZYkCcio5As3cytt583CxKc=
-9,-63,aMo2DJyD5HfWzzCITEAcebLGY2w=,wi+z4sIdjFoukKyQDi62UPpS8Z4=
-15,-50,aMo2DJyD5HfWzzCITEAcebLGY2w=,W0DYpxccuQFBJ8oIkpXKe75jTLw=
-12,-49,aMo2DJyD5HfWzzCITEAcebLGY2w=,W0DYpxccuQFBJ8oIkpXKe75jTLw=
-4,-58,/axIzfTAJOaOr8ozPNRCCixeLzk=,JYJ/o20T383y1BxYmAR5wYNhzvY=
-10,-63,aMo2DJyD5HfWzzCITEAcebLGY2w=,wi+z4sIdjFoukKyQDi62UPpS8Z4=
-14,-49,tf68IArCqinnTazlbg/bmS6iYlQ=,W0DYpxccuQFBJ8oIkpXKe75jTLw=
-13,-57,tf68IArCqinnTazlbg/bmS6iYlQ=,wi+z4sIdjFoukKyQDi62UPpS8Z4=
-9,-49,tf68IArCqinnTazlbg/bmS6iYlQ=,W0DYpxccuQFBJ8oIkpXKe75jTLw=
-16,-50,aMo2DJyD5HfWzzCITEAcebLGY2w=,W0DYpxccuQFBJ8oIkpXKe75jTLw=
-11,-63,aMo2DJyD5HfWzzCITEAcebLGY2w=,wi+z4sIdjFoukKyQDi62UPpS8Z4=
-14,-57,tf68IArCqinnTazlbg/bmS6iYlQ=,wi+z4sIdjFoukKyQDi62UPpS8Z4=
-10,-49,roXF6541mvdTwj2zFamiCKpPqKo=,W0DYpxccuQFBJ8oIkpXKe75jTLw=
-5,-62,aMo2DJyD5HfWzzCITEAcebLGY2w=,JYJ/o20T383y1BxYmAR5wYNhzvY=
-15,-49,tf68IArCqinnTazlbg/bmS6iYlQ=,W0DYpxccuQFBJ8oIkpXKe75jTLw=
-15,-57,tf68IArCqinnTazlbg/bmS6iYlQ=,wi+z4sIdjFoukKyQDi62UPpS8Z4=
-1,-50,aMo2DJyD5HfWzzCITEAcebLGY2w=,K9VZHZYkCcio5As3cytt583CxKc=
-16,-49,tf68IArCqinnTazlbg/bmS6iYlQ=,W0DYpxccuQFBJ8oIkpXKe75jTLw=
-6,-62,aMo2DJyD5HfWzzCITEAcebLGY2w=,JYJ/o20T383y1BxYmAR5wYNhzvY=
-12,-53,aMo2DJyD5HfWzzCITEAcebLGY2w=,W0DYpxccuQFBJ8oIkpXKe75jTLw=
-6,-53,tf68IArCqinnTazlbg/bmS6iYlQ=,K9VZHZYkCcio5As3cytt583CxKc=
-7,-62,aMo2DJyD5HfWzzCITEAcebLGY2w=,JYJ/o20T383y1BxYmAR5wYNhzvY=
-14,-51,tf68IArCqinnTazlbg/bmS6iYlQ=,W0DYpxccuQFBJ8oIkpXKe75jTLw=
-16,-57,tf68IArCqinnTazlbg/bmS6iYlQ=,wi+z4sIdjFoukKyQDi62UPpS8Z4=
-15,-51,tf68IArCqinnTazlbg/bmS6iYlQ=,W0DYpxccuQFBJ8oIkpXKe75jTLw=
-7,-64,vLWmcLkgoSMLl2t4fykiFpB6gfM=,JYJ/o20T383y1BxYmAR5wYNhzvY=
-13,-53,tf68IArCqinnTazlbg/bmS6iYlQ=,W0DYpxccuQFBJ8oIkpXKe75jTLw=
-9,-55,roXF6541mvdTwj2zFamiCKpPqKo=,W0DYpxccuQFBJ8oIkpXKe75jTLw=
-16,-51,tf68IArCqinnTazlbg/bmS6iYlQ=,W0DYpxccuQFBJ8oIkpXKe75jTLw=
-8,-62,aMo2DJyD5HfWzzCITEAcebLGY2w=,JYJ/o20T383y1BxYmAR5wYNhzvY=
-13,-50,aMo2DJyD5HfWzzCITEAcebLGY2w=,W0DYpxccuQFBJ8oIkpXKe75jTLw=
-10,-55,roXF6541mvdTwj2zFamiCKpPqKo=,W0DYpxccuQFBJ8oIkpXKe75jTLw=
-1,-63,roXF6541mvdTwj2zFamiCKpPqKo=,JYJ/o20T383y1BxYmAR5wYNhzvY=
-12,-58,aMo2DJyD5HfWzzCITEAcebLGY2w=,wi+z4sIdjFoukKyQDi62UPpS8Z4=
-7,-53,tf68IArCqinnTazlbg/bmS6iYlQ=,K9VZHZYkCcio5As3cytt583CxKc=
-8,-64,vLWmcLkgoSMLl2t4fykiFpB6gfM=,JYJ/o20T383y1BxYmAR5wYNhzvY=
-13,-58,aMo2DJyD5HfWzzCITEAcebLGY2w=,wi+z4sIdjFoukKyQDi62UPpS8Z4=
-11,-55,roXF6541mvdTwj2zFamiCKpPqKo=,W0DYpxccuQFBJ8oIkpXKe75jTLw=
-2,-63,roXF6541mvdTwj2zFamiCKpPqKo=,JYJ/o20T383y1BxYmAR5wYNhzvY=
-14,-58,aMo2DJyD5HfWzzCITEAcebLGY2w=,wi+z4sIdjFoukKyQDi62UPpS8Z4=
-7,-54,aMo2DJyD5HfWzzCITEAcebLGY2w=,K9VZHZYkCcio5As3cytt583CxKc=
-15,-58,aMo2DJyD5HfWzzCITEAcebLGY2w=,wi+z4sIdjFoukKyQDi62UPpS8Z4=
-4,-61,vLWmcLkgoSMLl2t4fykiFpB6gfM=,JYJ/o20T383y1BxYmAR5wYNhzvY=
-5,-58,/axIzfTAJOaOr8ozPNRCCixeLzk=,JYJ/o20T383y1BxYmAR5wYNhzvY=
-14,-53,tf68IArCqinnTazlbg/bmS6iYlQ=,W0DYpxccuQFBJ8oIkpXKe75jTLw=
-5,-61,vLWmcLkgoSMLl2t4fykiFpB6gfM=,JYJ/o20T383y1BxYmAR5wYNhzvY=
-15,-53,tf68IArCqinnTazlbg/bmS6iYlQ=,W0DYpxccuQFBJ8oIkpXKe75jTLw=
-3,-63,roXF6541mvdTwj2zFamiCKpPqKo=,JYJ/o20T383y1BxYmAR5wYNhzvY=
-6,-58,/axIzfTAJOaOr8ozPNRCCixeLzk=,JYJ/o20T383y1BxYmAR5wYNhzvY=
-16,-58,aMo2DJyD5HfWzzCITEAcebLGY2w=,wi+z4sIdjFoukKyQDi62UPpS8Z4=
-6,-61,vLWmcLkgoSMLl2t4fykiFpB6gfM=,JYJ/o20T383y1BxYmAR5wYNhzvY=
-8,-54,roXF6541mvdTwj2zFamiCKpPqKo=,K9VZHZYkCcio5As3cytt583CxKc=
-9,-64,roXF6541mvdTwj2zFamiCKpPqKo=,wi+z4sIdjFoukKyQDi62UPpS8Z4=
-16,-53,tf68IArCqinnTazlbg/bmS6iYlQ=,W0DYpxccuQFBJ8oIkpXKe75jTLw=
-1,-60,/axIzfTAJOaOr8ozPNRCCixeLzk=,JYJ/o20T383y1BxYmAR5wYNhzvY=
-7,-58,tf68IArCqinnTazlbg/bmS6iYlQ=,JYJ/o20T383y1BxYmAR5wYNhzvY=
-12,-59,aMo2DJyD5HfWzzCITEAcebLGY2w=,wi+z4sIdjFoukKyQDi62UPpS8Z4=
-4,-63,/axIzfTAJOaOr8ozPNRCCixeLzk=,JYJ/o20T383y1BxYmAR5wYNhzvY=
-13,-59,aMo2DJyD5HfWzzCITEAcebLGY2w=,wi+z4sIdjFoukKyQDi62UPpS8Z4=
-8,-58,aMo2DJyD5HfWzzCITEAcebLGY2w=,JYJ/o20T383y1BxYmAR5wYNhzvY=
-5,-63,/axIzfTAJOaOr8ozPNRCCixeLzk=,JYJ/o20T383y1BxYmAR5wYNhzvY=
-14,-59,aMo2DJyD5HfWzzCITEAcebLGY2w=,wi+z4sIdjFoukKyQDi62UPpS8Z4=
-1,-59,aMo2DJyD5HfWzzCITEAcebLGY2w=,JYJ/o20T383y1BxYmAR5wYNhzvY=
-6,-63,/axIzfTAJOaOr8ozPNRCCixeLzk=,JYJ/o20T383y1BxYmAR5wYNhzvY=
-15,-59,aMo2DJyD5HfWzzCITEAcebLGY2w=,wi+z4sIdjFoukKyQDi62UPpS8Z4=
-2,-59,aMo2DJyD5HfWzzCITEAcebLGY2w=,JYJ/o20T383y1BxYmAR5wYNhzvY=
-2,-60,/axIzfTAJOaOr8ozPNRCCixeLzk=,JYJ/o20T383y1BxYmAR5wYNhzvY=
-13,-49,tf68IArCqinnTazlbg/bmS6iYlQ=,W0DYpxccuQFBJ8oIkpXKe75jTLw=
-3,-59,roXF6541mvdTwj2zFamiCKpPqKo=,JYJ/o20T383y1BxYmAR5wYNhzvY=
-9,-60,vLWmcLkgoSMLl2t4fykiFpB6gfM=,wi+z4sIdjFoukKyQDi62UPpS8Z4=
-16,-59,aMo2DJyD5HfWzzCITEAcebLGY2w=,wi+z4sIdjFoukKyQDi62UPpS8Z4=
-9,-56,/axIzfTAJOaOr8ozPNRCCixeLzk=,W0DYpxccuQFBJ8oIkpXKe75jTLw=
-3,-60,/axIzfTAJOaOr8ozPNRCCixeLzk=,JYJ/o20T383y1BxYmAR5wYNhzvY=
-12,-51,aMo2DJyD5HfWzzCITEAcebLGY2w=,W0DYpxccuQFBJ8oIkpXKe75jTLw=
-10,-64,roXF6541mvdTwj2zFamiCKpPqKo=,wi+z4sIdjFoukKyQDi62UPpS8Z4=
-10,-56,/axIzfTAJOaOr8ozPNRCCixeLzk=,W0DYpxccuQFBJ8oIkpXKe75jTLw=
-13,-51,tf68IArCqinnTazlbg/bmS6iYlQ=,W0DYpxccuQFBJ8oIkpXKe75jTLw=
-5,-52,tf68IArCqinnTazlbg/bmS6iYlQ=,K9VZHZYkCcio5As3cytt583CxKc=
-10,-60,vLWmcLkgoSMLl2t4fykiFpB6gfM=,wi+z4sIdjFoukKyQDi62UPpS8Z4=
-6,-52,tf68IArCqinnTazlbg/bmS6iYlQ=,K9VZHZYkCcio5As3cytt583CxKc=
-11,-64,/axIzfTAJOaOr8ozPNRCCixeLzk=,wi+z4sIdjFoukKyQDi62UPpS8Z4=
-11,-60,vLWmcLkgoSMLl2t4fykiFpB6gfM=,wi+z4sIdjFoukKyQDi62UPpS8Z4=
-8,-53,aMo2DJyD5HfWzzCITEAcebLGY2w=,K9VZHZYkCcio5As3cytt583CxKc=
-7,-63,/axIzfTAJOaOr8ozPNRCCixeLzk=,JYJ/o20T383y1BxYmAR5wYNhzvY=
-7,-52,tf68IArCqinnTazlbg/bmS6iYlQ=,K9VZHZYkCcio5As3cytt583CxKc=
-8,-63,/axIzfTAJOaOr8ozPNRCCixeLzk=,JYJ/o20T383y1BxYmAR5wYNhzvY=
-11,-56,/axIzfTAJOaOr8ozPNRCCixeLzk=,W0DYpxccuQFBJ8oIkpXKe75jTLw=
-9,-61,vLWmcLkgoSMLl2t4fykiFpB6gfM=,wi+z4sIdjFoukKyQDi62UPpS8Z4=
-8,-52,aMo2DJyD5HfWzzCITEAcebLGY2w=,K9VZHZYkCcio5As3cytt583CxKc=
-4,-60,/axIzfTAJOaOr8ozPNRCCixeLzk=,JYJ/o20T383y1BxYmAR5wYNhzvY=
-2,-50,aMo2DJyD5HfWzzCITEAcebLGY2w=,K9VZHZYkCcio5As3cytt583CxKc=
-5,-60,/axIzfTAJOaOr8ozPNRCCixeLzk=,JYJ/o20T383y1BxYmAR5wYNhzvY=
-1,-55,roXF6541mvdTwj2zFamiCKpPqKo=,K9VZHZYkCcio5As3cytt583CxKc=
-6,-60,/axIzfTAJOaOr8ozPNRCCixeLzk=,JYJ/o20T383y1BxYmAR5wYNhzvY=
-3,-50,aMo2DJyD5HfWzzCITEAcebLGY2w=,K9VZHZYkCcio5As3cytt583CxKc=
-10,-61,vLWmcLkgoSMLl2t4fykiFpB6gfM=,wi+z4sIdjFoukKyQDi62UPpS8Z4=
-4,-50,aMo2DJyD5HfWzzCITEAcebLGY2w=,K9VZHZYkCcio5As3cytt583CxKc=
-11,-61,vLWmcLkgoSMLl2t4fykiFpB6gfM=,wi+z4sIdjFoukKyQDi62UPpS8Z4=
-1,-64,/axIzfTAJOaOr8ozPNRCCixeLzk=,JYJ/o20T383y1BxYmAR5wYNhzvY=
-9,-53,roXF6541mvdTwj2zFamiCKpPqKo=,W0DYpxccuQFBJ8oIkpXKe75jTLw=
-2,-64,/axIzfTAJOaOr8ozPNRCCixeLzk=,JYJ/o20T383y1BxYmAR5wYNhzvY=
-3,-64,/axIzfTAJOaOr8ozPNRCCixeLzk=,JYJ/o20T383y1BxYmAR5wYNhzvY=
-10,-53,roXF6541mvdTwj2zFamiCKpPqKo=,W0DYpxccuQFBJ8oIkpXKe75jTLw=
-7,-60,/axIzfTAJOaOr8ozPNRCCixeLzk=,JYJ/o20T383y1BxYmAR5wYNhzvY=
-9,-57,/axIzfTAJOaOr8ozPNRCCixeLzk=,wi+z4sIdjFoukKyQDi62UPpS8Z4=
-4,-64,/axIzfTAJOaOr8ozPNRCCixeLzk=,JYJ/o20T383y1BxYmAR5wYNhzvY=
-10,-57,/axIzfTAJOaOr8ozPNRCCixeLzk=,wi+z4sIdjFoukKyQDi62UPpS8Z4=
-5,-64,/axIzfTAJOaOr8ozPNRCCixeLzk=,JYJ/o20T383y1BxYmAR5wYNhzvY=
-11,-57,/axIzfTAJOaOr8ozPNRCCixeLzk=,wi+z4sIdjFoukKyQDi62UPpS8Z4=
-6,-64,/axIzfTAJOaOr8ozPNRCCixeLzk=,JYJ/o20T383y1BxYmAR5wYNhzvY=
-5,-50,aMo2DJyD5HfWzzCITEAcebLGY2w=,K9VZHZYkCcio5As3cytt583CxKc=
-9,-62,/axIzfTAJOaOr8ozPNRCCixeLzk=,wi+z4sIdjFoukKyQDi62UPpS8Z4=
-10,-62,/axIzfTAJOaOr8ozPNRCCixeLzk=,wi+z4sIdjFoukKyQDi62UPpS8Z4=
-3,-57,tf68IArCqinnTazlbg/bmS6iYlQ=,JYJ/o20T383y1BxYmAR5wYNhzvY=
-8,-60,/axIzfTAJOaOr8ozPNRCCixeLzk=,JYJ/o20T383y1BxYmAR5wYNhzvY=
-6,-50,aMo2DJyD5HfWzzCITEAcebLGY2w=,K9VZHZYkCcio5As3cytt583CxKc=
-7,-50,aMo2DJyD5HfWzzCITEAcebLGY2w=,K9VZHZYkCcio5As3cytt583CxKc=
-4,-59,roXF6541mvdTwj2zFamiCKpPqKo=,JYJ/o20T383y1BxYmAR5wYNhzvY=
-11,-49,roXF6541mvdTwj2zFamiCKpPqKo=,W0DYpxccuQFBJ8oIkpXKe75jTLw=
-4,-57,aMo2DJyD5HfWzzCITEAcebLGY2w=,JYJ/o20T383y1BxYmAR5wYNhzvY=
-8,-50,aMo2DJyD5HfWzzCITEAcebLGY2w=,K9VZHZYkCcio5As3cytt583CxKc=
-5,-57,/axIzfTAJOaOr8ozPNRCCixeLzk=,JYJ/o20T383y1BxYmAR5wYNhzvY=
-5,-59,roXF6541mvdTwj2zFamiCKpPqKo=,JYJ/o20T383y1BxYmAR5wYNhzvY=
-11,-53,roXF6541mvdTwj2zFamiCKpPqKo=,W0DYpxccuQFBJ8oIkpXKe75jTLw=
-2,-55,roXF6541mvdTwj2zFamiCKpPqKo=,K9VZHZYkCcio5As3cytt583CxKc=
-6,-59,roXF6541mvdTwj2zFamiCKpPqKo=,JYJ/o20T383y1BxYmAR5wYNhzvY=
-3,-55,/axIzfTAJOaOr8ozPNRCCixeLzk=,K9VZHZYkCcio5As3cytt583CxKc=
-7,-59,roXF6541mvdTwj2zFamiCKpPqKo=,JYJ/o20T383y1BxYmAR5wYNhzvY=
-1,-53,aMo2DJyD5HfWzzCITEAcebLGY2w=,K9VZHZYkCcio5As3cytt583CxKc=
-9,-58,/axIzfTAJOaOr8ozPNRCCixeLzk=,wi+z4sIdjFoukKyQDi62UPpS8Z4=
-10,-58,/axIzfTAJOaOr8ozPNRCCixeLzk=,wi+z4sIdjFoukKyQDi62UPpS8Z4=
-11,-58,/axIzfTAJOaOr8ozPNRCCixeLzk=,wi+z4sIdjFoukKyQDi62UPpS8Z4=
-1,-54,roXF6541mvdTwj2zFamiCKpPqKo=,K9VZHZYkCcio5As3cytt583CxKc=
-8,-59,/axIzfTAJOaOr8ozPNRCCixeLzk=,JYJ/o20T383y1BxYmAR5wYNhzvY=
-1,-49,roXF6541mvdTwj2zFamiCKpPqKo=,K9VZHZYkCcio5As3cytt583CxKc=
-2,-54,/axIzfTAJOaOr8ozPNRCCixeLzk=,K9VZHZYkCcio5As3cytt583CxKc=
-4,-55,/axIzfTAJOaOr8ozPNRCCixeLzk=,K9VZHZYkCcio5As3cytt583CxKc=
-2,-53,aMo2DJyD5HfWzzCITEAcebLGY2w=,K9VZHZYkCcio5As3cytt583CxKc=
-3,-54,/axIzfTAJOaOr8ozPNRCCixeLzk=,K9VZHZYkCcio5As3cytt583CxKc=
-8,-55,aMo2DJyD5HfWzzCITEAcebLGY2w=,K9VZHZYkCcio5As3cytt583CxKc=
-1,-56,aMo2DJyD5HfWzzCITEAcebLGY2w=,K9VZHZYkCcio5As3cytt583CxKc=
-2,-56,roXF6541mvdTwj2zFamiCKpPqKo=,K9VZHZYkCcio5As3cytt583CxKc=
-1,-51,aMo2DJyD5HfWzzCITEAcebLGY2w=,K9VZHZYkCcio5As3cytt583CxKc=
-9,-59,/axIzfTAJOaOr8ozPNRCCixeLzk=,wi+z4sIdjFoukKyQDi62UPpS8Z4=
-10,-59,/axIzfTAJOaOr8ozPNRCCixeLzk=,wi+z4sIdjFoukKyQDi62UPpS8Z4=
-11,-59,/axIzfTAJOaOr8ozPNRCCixeLzk=,wi+z4sIdjFoukKyQDi62UPpS8Z4=
-9,-54,aMo2DJyD5HfWzzCITEAcebLGY2w=,W0DYpxccuQFBJ8oIkpXKe75jTLw=
-10,-54,aMo2DJyD5HfWzzCITEAcebLGY2w=,W0DYpxccuQFBJ8oIkpXKe75jTLw=
-6,-57,/axIzfTAJOaOr8ozPNRCCixeLzk=,JYJ/o20T383y1BxYmAR5wYNhzvY=
-2,-49,roXF6541mvdTwj2zFamiCKpPqKo=,K9VZHZYkCcio5As3cytt583CxKc=
-7,-57,vLWmcLkgoSMLl2t4fykiFpB6gfM=,JYJ/o20T383y1BxYmAR5wYNhzvY=
-2,-51,roXF6541mvdTwj2zFamiCKpPqKo=,K9VZHZYkCcio5As3cytt583CxKc=
-5,-55,/axIzfTAJOaOr8ozPNRCCixeLzk=,K9VZHZYkCcio5As3cytt583CxKc=
-3,-51,roXF6541mvdTwj2zFamiCKpPqKo=,K9VZHZYkCcio5As3cytt583CxKc=
-4,-51,roXF6541mvdTwj2zFamiCKpPqKo=,K9VZHZYkCcio5As3cytt583CxKc=
-3,-49,roXF6541mvdTwj2zFamiCKpPqKo=,K9VZHZYkCcio5As3cytt583CxKc=
-6,-55,/axIzfTAJOaOr8ozPNRCCixeLzk=,K9VZHZYkCcio5As3cytt583CxKc=
-3,-56,roXF6541mvdTwj2zFamiCKpPqKo=,K9VZHZYkCcio5As3cytt583CxKc=
-9,-51,roXF6541mvdTwj2zFamiCKpPqKo=,W0DYpxccuQFBJ8oIkpXKe75jTLw=
-4,-56,roXF6541mvdTwj2zFamiCKpPqKo=,K9VZHZYkCcio5As3cytt583CxKc=
-4,-49,/axIzfTAJOaOr8ozPNRCCixeLzk=,K9VZHZYkCcio5As3cytt583CxKc=
-5,-51,roXF6541mvdTwj2zFamiCKpPqKo=,K9VZHZYkCcio5As3cytt583CxKc=
-3,-53,roXF6541mvdTwj2zFamiCKpPqKo=,K9VZHZYkCcio5As3cytt583CxKc=
-4,-54,/axIzfTAJOaOr8ozPNRCCixeLzk=,K9VZHZYkCcio5As3cytt583CxKc=
-5,-56,/axIzfTAJOaOr8ozPNRCCixeLzk=,K9VZHZYkCcio5As3cytt583CxKc=
-10,-51,/axIzfTAJOaOr8ozPNRCCixeLzk=,W0DYpxccuQFBJ8oIkpXKe75jTLw=
-5,-54,/axIzfTAJOaOr8ozPNRCCixeLzk=,K9VZHZYkCcio5As3cytt583CxKc=
-6,-54,vLWmcLkgoSMLl2t4fykiFpB6gfM=,K9VZHZYkCcio5As3cytt583CxKc=
-4,-53,roXF6541mvdTwj2zFamiCKpPqKo=,K9VZHZYkCcio5As3cytt583CxKc=
-6,-56,vLWmcLkgoSMLl2t4fykiFpB6gfM=,K9VZHZYkCcio5As3cytt583CxKc=
-7,-56,vLWmcLkgoSMLl2t4fykiFpB6gfM=,K9VZHZYkCcio5As3cytt583CxKc=
-8,-56,vLWmcLkgoSMLl2t4fykiFpB6gfM=,K9VZHZYkCcio5As3cytt583CxKc=
-6,-51,roXF6541mvdTwj2zFamiCKpPqKo=,K9VZHZYkCcio5As3cytt583CxKc=
-8,-57,vLWmcLkgoSMLl2t4fykiFpB6gfM=,JYJ/o20T383y1BxYmAR5wYNhzvY=
-11,-51,/axIzfTAJOaOr8ozPNRCCixeLzk=,W0DYpxccuQFBJ8oIkpXKe75jTLw=
-7,-51,roXF6541mvdTwj2zFamiCKpPqKo=,K9VZHZYkCcio5As3cytt583CxKc=
-5,-53,roXF6541mvdTwj2zFamiCKpPqKo=,K9VZHZYkCcio5As3cytt583CxKc=
-8,-51,roXF6541mvdTwj2zFamiCKpPqKo=,K9VZHZYkCcio5As3cytt583CxKc=
-1,-52,roXF6541mvdTwj2zFamiCKpPqKo=,K9VZHZYkCcio5As3cytt583CxKc=
-2,-52,roXF6541mvdTwj2zFamiCKpPqKo=,K9VZHZYkCcio5As3cytt583CxKc=
-3,-52,roXF6541mvdTwj2zFamiCKpPqKo=,K9VZHZYkCcio5As3cytt583CxKc=
-7,-55,/axIzfTAJOaOr8ozPNRCCixeLzk=,K9VZHZYkCcio5As3cytt583CxKc=
-9,-52,aMo2DJyD5HfWzzCITEAcebLGY2w=,W0DYpxccuQFBJ8oIkpXKe75jTLw=
-9,-50,aMo2DJyD5HfWzzCITEAcebLGY2w=,W0DYpxccuQFBJ8oIkpXKe75jTLw=
-10,-50,aMo2DJyD5HfWzzCITEAcebLGY2w=,W0DYpxccuQFBJ8oIkpXKe75jTLw=
-1,-57,vLWmcLkgoSMLl2t4fykiFpB6gfM=,JYJ/o20T383y1BxYmAR5wYNhzvY=
-4,-52,roXF6541mvdTwj2zFamiCKpPqKo=,K9VZHZYkCcio5As3cytt583CxKc=
-2,-57,vLWmcLkgoSMLl2t4fykiFpB6gfM=,JYJ/o20T383y1BxYmAR5wYNhzvY=
-10,-52,aMo2DJyD5HfWzzCITEAcebLGY2w=,W0DYpxccuQFBJ8oIkpXKe75jTLw=
-31,-37,3xiywMQ8B7Mik2CFiZqpD0SRhLo=,Gnj/8EGMT8F8zbT2+05eieIgzHs=
-31,-34,H6GYmQrp2uehWzeAyBJyvh8LxKg=,Gnj/8EGMT8F8zbT2+05eieIgzHs=
-32,-34,H6GYmQrp2uehWzeAyBJyvh8LxKg=,Gnj/8EGMT8F8zbT2+05eieIgzHs=
-28,-35,3xiywMQ8B7Mik2CFiZqpD0SRhLo=,Gnj/8EGMT8F8zbT2+05eieIgzHs=
-29,-35,H6GYmQrp2uehWzeAyBJyvh8LxKg=,Gnj/8EGMT8F8zbT2+05eieIgzHs=
-32,-37,3xiywMQ8B7Mik2CFiZqpD0SRhLo=,Gnj/8EGMT8F8zbT2+05eieIgzHs=
-31,-40,H6GYmQrp2uehWzeAyBJyvh8LxKg=,Gnj/8EGMT8F8zbT2+05eieIgzHs=
-32,-40,3xiywMQ8B7Mik2CFiZqpD0SRhLo=,Gnj/8EGMT8F8zbT2+05eieIgzHs=
-28,-38,3xiywMQ8B7Mik2CFiZqpD0SRhLo=,Gnj/8EGMT8F8zbT2+05eieIgzHs=
-29,-38,H6GYmQrp2uehWzeAyBJyvh8LxKg=,Gnj/8EGMT8F8zbT2+05eieIgzHs=
-30,-38,3xiywMQ8B7Mik2CFiZqpD0SRhLo=,Gnj/8EGMT8F8zbT2+05eieIgzHs=
-31,-38,3xiywMQ8B7Mik2CFiZqpD0SRhLo=,Gnj/8EGMT8F8zbT2+05eieIgzHs=
-32,-38,3xiywMQ8B7Mik2CFiZqpD0SRhLo=,Gnj/8EGMT8F8zbT2+05eieIgzHs=
-30,-35,H6GYmQrp2uehWzeAyBJyvh8LxKg=,Gnj/8EGMT8F8zbT2+05eieIgzHs=
-31,-35,H6GYmQrp2uehWzeAyBJyvh8LxKg=,Gnj/8EGMT8F8zbT2+05eieIgzHs=
-32,-35,H6GYmQrp2uehWzeAyBJyvh8LxKg=,Gnj/8EGMT8F8zbT2+05eieIgzHs=
-25,-35,3xiywMQ8B7Mik2CFiZqpD0SRhLo=,Gnj/8EGMT8F8zbT2+05eieIgzHs=
-28,-39,3xiywMQ8B7Mik2CFiZqpD0SRhLo=,Gnj/8EGMT8F8zbT2+05eieIgzHs=
-26,-35,ALi91s4xlTMQTPC444oHSLhypwk=,Gnj/8EGMT8F8zbT2+05eieIgzHs=
-29,-39,3xiywMQ8B7Mik2CFiZqpD0SRhLo=,Gnj/8EGMT8F8zbT2+05eieIgzHs=
-27,-35,ALi91s4xlTMQTPC444oHSLhypwk=,Gnj/8EGMT8F8zbT2+05eieIgzHs=
-28,-36,3xiywMQ8B7Mik2CFiZqpD0SRhLo=,Gnj/8EGMT8F8zbT2+05eieIgzHs=
-22,-34,3xiywMQ8B7Mik2CFiZqpD0SRhLo=,5YK59gToYmANi5oe+YOAyLs0XOs=
-30,-39,H6GYmQrp2uehWzeAyBJyvh8LxKg=,Gnj/8EGMT8F8zbT2+05eieIgzHs=
-23,-34,3xiywMQ8B7Mik2CFiZqpD0SRhLo=,5YK59gToYmANi5oe+YOAyLs0XOs=
-31,-39,H6GYmQrp2uehWzeAyBJyvh8LxKg=,Gnj/8EGMT8F8zbT2+05eieIgzHs=
-24,-34,3xiywMQ8B7Mik2CFiZqpD0SRhLo=,5YK59gToYmANi5oe+YOAyLs0XOs=
-32,-39,H6GYmQrp2uehWzeAyBJyvh8LxKg=,Gnj/8EGMT8F8zbT2+05eieIgzHs=
-25,-38,ALi91s4xlTMQTPC444oHSLhypwk=,Gnj/8EGMT8F8zbT2+05eieIgzHs=
-26,-38,ALi91s4xlTMQTPC444oHSLhypwk=,Gnj/8EGMT8F8zbT2+05eieIgzHs=
-29,-36,3xiywMQ8B7Mik2CFiZqpD0SRhLo=,Gnj/8EGMT8F8zbT2+05eieIgzHs=
-23,-38,3xiywMQ8B7Mik2CFiZqpD0SRhLo=,5YK59gToYmANi5oe+YOAyLs0XOs=
-28,-34,3xiywMQ8B7Mik2CFiZqpD0SRhLo=,Gnj/8EGMT8F8zbT2+05eieIgzHs=
-27,-38,ALi91s4xlTMQTPC444oHSLhypwk=,Gnj/8EGMT8F8zbT2+05eieIgzHs=
-30,-36,3xiywMQ8B7Mik2CFiZqpD0SRhLo=,Gnj/8EGMT8F8zbT2+05eieIgzHs=
-24,-39,3xiywMQ8B7Mik2CFiZqpD0SRhLo=,5YK59gToYmANi5oe+YOAyLs0XOs=
-31,-36,3xiywMQ8B7Mik2CFiZqpD0SRhLo=,Gnj/8EGMT8F8zbT2+05eieIgzHs=
-17,-40,3xiywMQ8B7Mik2CFiZqpD0SRhLo=,5YK59gToYmANi5oe+YOAyLs0XOs=
-32,-36,3xiywMQ8B7Mik2CFiZqpD0SRhLo=,Gnj/8EGMT8F8zbT2+05eieIgzHs=
-18,-40,3xiywMQ8B7Mik2CFiZqpD0SRhLo=,5YK59gToYmANi5oe+YOAyLs0XOs=
-28,-33,3xiywMQ8B7Mik2CFiZqpD0SRhLo=,Gnj/8EGMT8F8zbT2+05eieIgzHs=
-29,-34,3xiywMQ8B7Mik2CFiZqpD0SRhLo=,Gnj/8EGMT8F8zbT2+05eieIgzHs=
-17,-33,3xiywMQ8B7Mik2CFiZqpD0SRhLo=,5YK59gToYmANi5oe+YOAyLs0XOs=
-28,-37,3xiywMQ8B7Mik2CFiZqpD0SRhLo=,Gnj/8EGMT8F8zbT2+05eieIgzHs=
-17,-35,3xiywMQ8B7Mik2CFiZqpD0SRhLo=,5YK59gToYmANi5oe+YOAyLs0XOs=
-28,-40,H6GYmQrp2uehWzeAyBJyvh8LxKg=,Gnj/8EGMT8F8zbT2+05eieIgzHs=
-18,-35,3xiywMQ8B7Mik2CFiZqpD0SRhLo=,5YK59gToYmANi5oe+YOAyLs0XOs=
-29,-33,3xiywMQ8B7Mik2CFiZqpD0SRhLo=,Gnj/8EGMT8F8zbT2+05eieIgzHs=
-19,-35,3xiywMQ8B7Mik2CFiZqpD0SRhLo=,5YK59gToYmANi5oe+YOAyLs0XOs=
-30,-33,3xiywMQ8B7Mik2CFiZqpD0SRhLo=,Gnj/8EGMT8F8zbT2+05eieIgzHs=
-25,-34,3xiywMQ8B7Mik2CFiZqpD0SRhLo=,Gnj/8EGMT8F8zbT2+05eieIgzHs=
-30,-34,3xiywMQ8B7Mik2CFiZqpD0SRhLo=,Gnj/8EGMT8F8zbT2+05eieIgzHs=
-26,-34,ALi91s4xlTMQTPC444oHSLhypwk=,Gnj/8EGMT8F8zbT2+05eieIgzHs=
-31,-33,3xiywMQ8B7Mik2CFiZqpD0SRhLo=,Gnj/8EGMT8F8zbT2+05eieIgzHs=
-24,-38,3xiywMQ8B7Mik2CFiZqpD0SRhLo=,5YK59gToYmANi5oe+YOAyLs0XOs=
-29,-40,H6GYmQrp2uehWzeAyBJyvh8LxKg=,Gnj/8EGMT8F8zbT2+05eieIgzHs=
-17,-39,3xiywMQ8B7Mik2CFiZqpD0SRhLo=,5YK59gToYmANi5oe+YOAyLs0XOs=
-30,-40,H6GYmQrp2uehWzeAyBJyvh8LxKg=,Gnj/8EGMT8F8zbT2+05eieIgzHs=
-20,-35,3xiywMQ8B7Mik2CFiZqpD0SRhLo=,5YK59gToYmANi5oe+YOAyLs0XOs=
-25,-39,ALi91s4xlTMQTPC444oHSLhypwk=,Gnj/8EGMT8F8zbT2+05eieIgzHs=
-29,-37,3xiywMQ8B7Mik2CFiZqpD0SRhLo=,Gnj/8EGMT8F8zbT2+05eieIgzHs=
-30,-37,3xiywMQ8B7Mik2CFiZqpD0SRhLo=,Gnj/8EGMT8F8zbT2+05eieIgzHs=
-21,-35,3xiywMQ8B7Mik2CFiZqpD0SRhLo=,5YK59gToYmANi5oe+YOAyLs0XOs=
-32,-33,3xiywMQ8B7Mik2CFiZqpD0SRhLo=,Gnj/8EGMT8F8zbT2+05eieIgzHs=
-22,-35,3xiywMQ8B7Mik2CFiZqpD0SRhLo=,5YK59gToYmANi5oe+YOAyLs0XOs=
-23,-35,3xiywMQ8B7Mik2CFiZqpD0SRhLo=,5YK59gToYmANi5oe+YOAyLs0XOs=
-24,-35,ALi91s4xlTMQTPC444oHSLhypwk=,5YK59gToYmANi5oe+YOAyLs0XOs=
-18,-39,3xiywMQ8B7Mik2CFiZqpD0SRhLo=,5YK59gToYmANi5oe+YOAyLs0XOs=
-19,-39,3xiywMQ8B7Mik2CFiZqpD0SRhLo=,5YK59gToYmANi5oe+YOAyLs0XOs=
-20,-39,ALi91s4xlTMQTPC444oHSLhypwk=,5YK59gToYmANi5oe+YOAyLs0XOs=
-26,-39,ALi91s4xlTMQTPC444oHSLhypwk=,Gnj/8EGMT8F8zbT2+05eieIgzHs=
-27,-39,ALi91s4xlTMQTPC444oHSLhypwk=,Gnj/8EGMT8F8zbT2+05eieIgzHs=
-21,-39,ALi91s4xlTMQTPC444oHSLhypwk=,5YK59gToYmANi5oe+YOAyLs0XOs=
-27,-34,ALi91s4xlTMQTPC444oHSLhypwk=,Gnj/8EGMT8F8zbT2+05eieIgzHs=
-18,-33,3xiywMQ8B7Mik2CFiZqpD0SRhLo=,5YK59gToYmANi5oe+YOAyLs0XOs=
-19,-33,3xiywMQ8B7Mik2CFiZqpD0SRhLo=,5YK59gToYmANi5oe+YOAyLs0XOs=
-20,-33,3xiywMQ8B7Mik2CFiZqpD0SRhLo=,5YK59gToYmANi5oe+YOAyLs0XOs=
-25,-36,3xiywMQ8B7Mik2CFiZqpD0SRhLo=,Gnj/8EGMT8F8zbT2+05eieIgzHs=
-26,-36,3xiywMQ8B7Mik2CFiZqpD0SRhLo=,Gnj/8EGMT8F8zbT2+05eieIgzHs=
-17,-36,ALi91s4xlTMQTPC444oHSLhypwk=,5YK59gToYmANi5oe+YOAyLs0XOs=
-27,-36,3xiywMQ8B7Mik2CFiZqpD0SRhLo=,Gnj/8EGMT8F8zbT2+05eieIgzHs=
-18,-36,ALi91s4xlTMQTPC444oHSLhypwk=,5YK59gToYmANi5oe+YOAyLs0XOs=
-21,-33,3xiywMQ8B7Mik2CFiZqpD0SRhLo=,5YK59gToYmANi5oe+YOAyLs0XOs=
-19,-36,ALi91s4xlTMQTPC444oHSLhypwk=,5YK59gToYmANi5oe+YOAyLs0XOs=
-20,-36,ALi91s4xlTMQTPC444oHSLhypwk=,5YK59gToYmANi5oe+YOAyLs0XOs=
-22,-37,3xiywMQ8B7Mik2CFiZqpD0SRhLo=,5YK59gToYmANi5oe+YOAyLs0XOs=
-23,-37,3xiywMQ8B7Mik2CFiZqpD0SRhLo=,5YK59gToYmANi5oe+YOAyLs0XOs=
-19,-40,3xiywMQ8B7Mik2CFiZqpD0SRhLo=,5YK59gToYmANi5oe+YOAyLs0XOs=
-21,-36,ALi91s4xlTMQTPC444oHSLhypwk=,5YK59gToYmANi5oe+YOAyLs0XOs=
-22,-36,ALi91s4xlTMQTPC444oHSLhypwk=,5YK59gToYmANi5oe+YOAyLs0XOs=
-23,-36,ALi91s4xlTMQTPC444oHSLhypwk=,5YK59gToYmANi5oe+YOAyLs0XOs=
-24,-37,3xiywMQ8B7Mik2CFiZqpD0SRhLo=,5YK59gToYmANi5oe+YOAyLs0XOs=
-17,-38,3xiywMQ8B7Mik2CFiZqpD0SRhLo=,5YK59gToYmANi5oe+YOAyLs0XOs=
-24,-36,ALi91s4xlTMQTPC444oHSLhypwk=,5YK59gToYmANi5oe+YOAyLs0XOs=
-17,-37,ALi91s4xlTMQTPC444oHSLhypwk=,5YK59gToYmANi5oe+YOAyLs0XOs=
-18,-37,ALi91s4xlTMQTPC444oHSLhypwk=,5YK59gToYmANi5oe+YOAyLs0XOs=
-22,-33,ALi91s4xlTMQTPC444oHSLhypwk=,5YK59gToYmANi5oe+YOAyLs0XOs=
-23,-33,ALi91s4xlTMQTPC444oHSLhypwk=,5YK59gToYmANi5oe+YOAyLs0XOs=
-20,-40,3xiywMQ8B7Mik2CFiZqpD0SRhLo=,5YK59gToYmANi5oe+YOAyLs0XOs=
-25,-40,3xiywMQ8B7Mik2CFiZqpD0SRhLo=,Gnj/8EGMT8F8zbT2+05eieIgzHs=
-25,-33,ALi91s4xlTMQTPC444oHSLhypwk=,Gnj/8EGMT8F8zbT2+05eieIgzHs=
-21,-40,3xiywMQ8B7Mik2CFiZqpD0SRhLo=,5YK59gToYmANi5oe+YOAyLs0XOs=
-26,-40,3xiywMQ8B7Mik2CFiZqpD0SRhLo=,Gnj/8EGMT8F8zbT2+05eieIgzHs=
-26,-33,ALi91s4xlTMQTPC444oHSLhypwk=,Gnj/8EGMT8F8zbT2+05eieIgzHs=
-27,-33,ALi91s4xlTMQTPC444oHSLhypwk=,Gnj/8EGMT8F8zbT2+05eieIgzHs=
-27,-40,3xiywMQ8B7Mik2CFiZqpD0SRhLo=,Gnj/8EGMT8F8zbT2+05eieIgzHs=
-22,-39,ALi91s4xlTMQTPC444oHSLhypwk=,5YK59gToYmANi5oe+YOAyLs0XOs=
-24,-33,ALi91s4xlTMQTPC444oHSLhypwk=,5YK59gToYmANi5oe+YOAyLs0XOs=
-23,-39,ALi91s4xlTMQTPC444oHSLhypwk=,5YK59gToYmANi5oe+YOAyLs0XOs=
-17,-34,ALi91s4xlTMQTPC444oHSLhypwk=,5YK59gToYmANi5oe+YOAyLs0XOs=
-18,-34,ALi91s4xlTMQTPC444oHSLhypwk=,5YK59gToYmANi5oe+YOAyLs0XOs=
-19,-37,ALi91s4xlTMQTPC444oHSLhypwk=,5YK59gToYmANi5oe+YOAyLs0XOs=
-20,-37,ALi91s4xlTMQTPC444oHSLhypwk=,5YK59gToYmANi5oe+YOAyLs0XOs=
-25,-37,ALi91s4xlTMQTPC444oHSLhypwk=,Gnj/8EGMT8F8zbT2+05eieIgzHs=
-26,-37,ALi91s4xlTMQTPC444oHSLhypwk=,Gnj/8EGMT8F8zbT2+05eieIgzHs=
-27,-37,ALi91s4xlTMQTPC444oHSLhypwk=,Gnj/8EGMT8F8zbT2+05eieIgzHs=
-21,-37,ALi91s4xlTMQTPC444oHSLhypwk=,5YK59gToYmANi5oe+YOAyLs0XOs=
-18,-38,3xiywMQ8B7Mik2CFiZqpD0SRhLo=,5YK59gToYmANi5oe+YOAyLs0XOs=
-19,-38,3xiywMQ8B7Mik2CFiZqpD0SRhLo=,5YK59gToYmANi5oe+YOAyLs0XOs=
-20,-38,3xiywMQ8B7Mik2CFiZqpD0SRhLo=,5YK59gToYmANi5oe+YOAyLs0XOs=
-19,-34,ALi91s4xlTMQTPC444oHSLhypwk=,5YK59gToYmANi5oe+YOAyLs0XOs=
-21,-38,ALi91s4xlTMQTPC444oHSLhypwk=,5YK59gToYmANi5oe+YOAyLs0XOs=
-20,-34,ALi91s4xlTMQTPC444oHSLhypwk=,5YK59gToYmANi5oe+YOAyLs0XOs=
-22,-40,ALi91s4xlTMQTPC444oHSLhypwk=,5YK59gToYmANi5oe+YOAyLs0XOs=
-21,-34,ALi91s4xlTMQTPC444oHSLhypwk=,5YK59gToYmANi5oe+YOAyLs0XOs=
-22,-38,ALi91s4xlTMQTPC444oHSLhypwk=,5YK59gToYmANi5oe+YOAyLs0XOs=
-23,-40,ALi91s4xlTMQTPC444oHSLhypwk=,5YK59gToYmANi5oe+YOAyLs0XOs=
-24,-40,ALi91s4xlTMQTPC444oHSLhypwk=,5YK59gToYmANi5oe+YOAyLs0XOs=
