-28,14,ZIUtNvtXslqoVt70FZ77UTWIBqU=,KmRbRbcsXX1III1x8Of95OzEULk=
-29,14,ZIUtNvtXslqoVt70FZ77UTWIBqU=,KmRbRbcsXX1III1x8Of95OzEULk=
-28,13,ZIUtNvtXslqoVt70FZ77UTWIBqU=,KmRbRbcsXX1III1x8Of95OzEULk=
-29,13,ZIUtNvtXslqoVt70FZ77UTWIBqU=,KmRbRbcsXX1III1x8Of95OzEULk=
-28,12,ZIUtNvtXslqoVt70FZ77UTWIBqU=,KmRbRbcsXX1III1x8Of95OzEULk=
-29,12,ZIUtNvtXslqoVt70FZ77UTWIBqU=,KmRbRbcsXX1III1x8Of95OzEULk=
-28,11,ZIUtNvtXslqoVt70FZ77UTWIBqU=,KmRbRbcsXX1III1x8Of95OzEULk=
-29,11,ZIUtNvtXslqoVt70FZ77UTWIBqU=,KmRbRbcsXX1III1x8Of95OzEULk=
-28,15,ZIUtNvtXslqoVt70FZ77UTWIBqU=,KmRbRbcsXX1III1x8Of95OzEULk=
-29,15,ZIUtNvtXslqoVt70FZ77UTWIBqU=,KmRbRbcsXX1III1x8Of95OzEULk=
-32,15,ZIUtNvtXslqoVt70FZ77UTWIBqU=,KmRbRbcsXX1III1x8Of95OzEULk=
-30,14,ZIUtNvtXslqoVt70FZ77UTWIBqU=,KmRbRbcsXX1III1x8Of95OzEULk=
-31,14,ZIUtNvtXslqoVt70FZ77UTWIBqU=,KmRbRbcsXX1III1x8Of95OzEULk=
-32,14,ZIUtNvtXslqoVt70FZ77UTWIBqU=,KmRbRbcsXX1III1x8Of95OzEULk=
-30,13,ZIUtNvtXslqoVt70FZ77UTWIBqU=,KmRbRbcsXX1III1x8Of95OzEULk=
-31,13,ZIUtNvtXslqoVt70FZ77UTWIBqU=,KmRbRbcsXX1III1x8Of95OzEULk=
-32,13,ZIUtNvtXslqoVt70FZ77UTWIBqU=,KmRbRbcsXX1III1x8Of95OzEULk=
-30,12,ZIUtNvtXslqoVt70FZ77UTWIBqU=,KmRbRbcsXX1III1x8Of95OzEULk=
-31,12,ZIUtNvtXslqoVt70FZ77UTWIBqU=,KmRbRbcsXX1III1x8Of95OzEULk=
-32,12,ZIUtNvtXslqoVt70FZ77UTWIBqU=,KmRbRbcsXX1III1x8Of95OzEULk=
-30,11,ZIUtNvtXslqoVt70FZ77UTWIBqU=,KmRbRbcsXX1III1x8Of95OzEULk=
-31,11,ZIUtNvtXslqoVt70FZ77UTWIBqU=,KmRbRbcsXX1III1x8Of95OzEULk=
-32,11,ZIUtNvtXslqoVt70FZ77UTWIBqU=,KmRbRbcsXX1III1x8Of95OzEULk=
-30,15,ZIUtNvtXslqoVt70FZ77UTWIBqU=,KmRbRbcsXX1III1x8Of95OzEULk=
-31,15,ZIUtNvtXslqoVt70FZ77UTWIBqU=,KmRbRbcsXX1III1x8Of95OzEULk=
-17,13,Yqd4F8DtQs0URTfBTxuVPTSIRqM=,Jx9wQs8ltVTCMGpLkJuTZEl3gnU=
-18,13,Yqd4F8DtQs0URTfBTxuVPTSIRqM=,Jx9wQs8ltVTCMGpLkJuTZEl3gnU=
-19,13,Yqd4F8DtQs0URTfBTxuVPTSIRqM=,Jx9wQs8ltVTCMGpLkJuTZEl3gnU=
-20,13,Yqd4F8DtQs0URTfBTxuVPTSIRqM=,Jx9wQs8ltVTCMGpLkJuTZEl3gnU=
-21,13,Yqd4F8DtQs0URTfBTxuVPTSIRqM=,Jx9wQs8ltVTCMGpLkJuTZEl3gnU=
-25,14,Yqd4F8DtQs0URTfBTxuVPTSIRqM=,KmRbRbcsXX1III1x8Of95OzEULk=
-26,14,Yqd4F8DtQs0URTfBTxuVPTSIRqM=,KmRbRbcsXX1III1x8Of95OzEULk=
-27,14,Yqd4F8DtQs0URTfBTxuVPTSIRqM=,KmRbRbcsXX1III1x8Of95OzEULk=
-22,13,Yqd4F8DtQs0URTfBTxuVPTSIRqM=,Jx9wQs8ltVTCMGpLkJuTZEl3gnU=
-23,13,iGXkwsHDnGgcrLSLvkKXcWBFzWU=,Jx9wQs8ltVTCMGpLkJuTZEl3gnU=
-25,13,iGXkwsHDnGgcrLSLvkKXcWBFzWU=,KmRbRbcsXX1III1x8Of95OzEULk=
-26,13,iGXkwsHDnGgcrLSLvkKXcWBFzWU=,KmRbRbcsXX1III1x8Of95OzEULk=
-27,13,iGXkwsHDnGgcrLSLvkKXcWBFzWU=,KmRbRbcsXX1III1x8Of95OzEULk=
-25,12,iGXkwsHDnGgcrLSLvkKXcWBFzWU=,KmRbRbcsXX1III1x8Of95OzEULk=
-26,12,iGXkwsHDnGgcrLSLvkKXcWBFzWU=,KmRbRbcsXX1III1x8Of95OzEULk=
-27,12,iGXkwsHDnGgcrLSLvkKXcWBFzWU=,KmRbRbcsXX1III1x8Of95OzEULk=
-25,11,iGXkwsHDnGgcrLSLvkKXcWBFzWU=,KmRbRbcsXX1III1x8Of95OzEULk=
-24,13,iGXkwsHDnGgcrLSLvkKXcWBFzWU=,Jx9wQs8ltVTCMGpLkJuTZEl3gnU=
-18,4,iGXkwsHDnGgcrLSLvkKXcWBFzWU=,BUdX6oEeB3fdJEnFfJ7Szx9c5hA=
-17,12,iGXkwsHDnGgcrLSLvkKXcWBFzWU=,Jx9wQs8ltVTCMGpLkJuTZEl3gnU=
-26,11,iGXkwsHDnGgcrLSLvkKXcWBFzWU=,KmRbRbcsXX1III1x8Of95OzEULk=
-19,4,iGXkwsHDnGgcrLSLvkKXcWBFzWU=,BUdX6oEeB3fdJEnFfJ7Szx9c5hA=
-27,11,iGXkwsHDnGgcrLSLvkKXcWBFzWU=,KmRbRbcsXX1III1x8Of95OzEULk=
-18,12,iGXkwsHDnGgcrLSLvkKXcWBFzWU=,Jx9wQs8ltVTCMGpLkJuTZEl3gnU=
-19,12,iGXkwsHDnGgcrLSLvkKXcWBFzWU=,Jx9wQs8ltVTCMGpLkJuTZEl3gnU=
-20,12,iGXkwsHDnGgcrLSLvkKXcWBFzWU=,Jx9wQs8ltVTCMGpLkJuTZEl3gnU=
-20,4,iGXkwsHDnGgcrLSLvkKXcWBFzWU=,BUdX6oEeB3fdJEnFfJ7Szx9c5hA=
-21,12,iGXkwsHDnGgcrLSLvkKXcWBFzWU=,Jx9wQs8ltVTCMGpLkJuTZEl3gnU=
-21,4,iGXkwsHDnGgcrLSLvkKXcWBFzWU=,BUdX6oEeB3fdJEnFfJ7Szx9c5hA=
-22,4,iGXkwsHDnGgcrLSLvkKXcWBFzWU=,BUdX6oEeB3fdJEnFfJ7Szx9c5hA=
-22,12,iGXkwsHDnGgcrLSLvkKXcWBFzWU=,Jx9wQs8ltVTCMGpLkJuTZEl3gnU=
-17,3,iGXkwsHDnGgcrLSLvkKXcWBFzWU=,BUdX6oEeB3fdJEnFfJ7Szx9c5hA=
-18,3,iGXkwsHDnGgcrLSLvkKXcWBFzWU=,BUdX6oEeB3fdJEnFfJ7Szx9c5hA=
-23,4,iGXkwsHDnGgcrLSLvkKXcWBFzWU=,BUdX6oEeB3fdJEnFfJ7Szx9c5hA=
-23,12,ITr/tG6xjTBO3Wi3zLsd11DyU+k=,Jx9wQs8ltVTCMGpLkJuTZEl3gnU=
-19,3,ITr/tG6xjTBO3Wi3zLsd11DyU+k=,BUdX6oEeB3fdJEnFfJ7Szx9c5hA=
-24,4,ITr/tG6xjTBO3Wi3zLsd11DyU+k=,BUdX6oEeB3fdJEnFfJ7Szx9c5hA=
-24,12,ITr/tG6xjTBO3Wi3zLsd11DyU+k=,Jx9wQs8ltVTCMGpLkJuTZEl3gnU=
-20,3,ITr/tG6xjTBO3Wi3zLsd11DyU+k=,BUdX6oEeB3fdJEnFfJ7Szx9c5hA=
-22,3,ITr/tG6xjTBO3Wi3zLsd11DyU+k=,BUdX6oEeB3fdJEnFfJ7Szx9c5hA=
-21,3,ITr/tG6xjTBO3Wi3zLsd11DyU+k=,BUdX6oEeB3fdJEnFfJ7Szx9c5hA=
-23,3,ITr/tG6xjTBO3Wi3zLsd11DyU+k=,BUdX6oEeB3fdJEnFfJ7Szx9c5hA=
-17,11,ITr/tG6xjTBO3Wi3zLsd11DyU+k=,Jx9wQs8ltVTCMGpLkJuTZEl3gnU=
-17,2,ITr/tG6xjTBO3Wi3zLsd11DyU+k=,BUdX6oEeB3fdJEnFfJ7Szx9c5hA=
-24,3,ITr/tG6xjTBO3Wi3zLsd11DyU+k=,BUdX6oEeB3fdJEnFfJ7Szx9c5hA=
-18,11,ITr/tG6xjTBO3Wi3zLsd11DyU+k=,Jx9wQs8ltVTCMGpLkJuTZEl3gnU=
-18,2,ITr/tG6xjTBO3Wi3zLsd11DyU+k=,BUdX6oEeB3fdJEnFfJ7Szx9c5hA=
-25,10,ITr/tG6xjTBO3Wi3zLsd11DyU+k=,KmRbRbcsXX1III1x8Of95OzEULk=
-19,11,ITr/tG6xjTBO3Wi3zLsd11DyU+k=,Jx9wQs8ltVTCMGpLkJuTZEl3gnU=
-26,10,ITr/tG6xjTBO3Wi3zLsd11DyU+k=,KmRbRbcsXX1III1x8Of95OzEULk=
-20,11,ITr/tG6xjTBO3Wi3zLsd11DyU+k=,Jx9wQs8ltVTCMGpLkJuTZEl3gnU=
-19,2,ITr/tG6xjTBO3Wi3zLsd11DyU+k=,BUdX6oEeB3fdJEnFfJ7Szx9c5hA=
-27,10,ITr/tG6xjTBO3Wi3zLsd11DyU+k=,KmRbRbcsXX1III1x8Of95OzEULk=
-21,11,ITr/tG6xjTBO3Wi3zLsd11DyU+k=,Jx9wQs8ltVTCMGpLkJuTZEl3gnU=
-20,2,ITr/tG6xjTBO3Wi3zLsd11DyU+k=,BUdX6oEeB3fdJEnFfJ7Szx9c5hA=
-28,10,ITr/tG6xjTBO3Wi3zLsd11DyU+k=,KmRbRbcsXX1III1x8Of95OzEULk=
-29,10,ITr/tG6xjTBO3Wi3zLsd11DyU+k=,KmRbRbcsXX1III1x8Of95OzEULk=
-30,10,ITr/tG6xjTBO3Wi3zLsd11DyU+k=,KmRbRbcsXX1III1x8Of95OzEULk=
-21,2,ITr/tG6xjTBO3Wi3zLsd11DyU+k=,BUdX6oEeB3fdJEnFfJ7Szx9c5hA=
-22,11,ITr/tG6xjTBO3Wi3zLsd11DyU+k=,Jx9wQs8ltVTCMGpLkJuTZEl3gnU=
-31,10,ITr/tG6xjTBO3Wi3zLsd11DyU+k=,KmRbRbcsXX1III1x8Of95OzEULk=
-32,10,ITr/tG6xjTBO3Wi3zLsd11DyU+k=,KmRbRbcsXX1III1x8Of95OzEULk=
-23,11,ITr/tG6xjTBO3Wi3zLsd11DyU+k=,Jx9wQs8ltVTCMGpLkJuTZEl3gnU=
-17,1,ITr/tG6xjTBO3Wi3zLsd11DyU+k=,BUdX6oEeB3fdJEnFfJ7Szx9c5hA=
-25,9,ITr/tG6xjTBO3Wi3zLsd11DyU+k=,KmRbRbcsXX1III1x8Of95OzEULk=
-26,9,ITr/tG6xjTBO3Wi3zLsd11DyU+k=,KmRbRbcsXX1III1x8Of95OzEULk=
-24,11,ITr/tG6xjTBO3Wi3zLsd11DyU+k=,Jx9wQs8ltVTCMGpLkJuTZEl3gnU=
-18,1,ITr/tG6xjTBO3Wi3zLsd11DyU+k=,BUdX6oEeB3fdJEnFfJ7Szx9c5hA=
-27,9,ITr/tG6xjTBO3Wi3zLsd11DyU+k=,KmRbRbcsXX1III1x8Of95OzEULk=
-28,9,ITr/tG6xjTBO3Wi3zLsd11DyU+k=,KmRbRbcsXX1III1x8Of95OzEULk=
-29,9,62PX6iZ/50AI7P/UlfkW295ID0s=,KmRbRbcsXX1III1x8Of95OzEULk=
-17,15,62PX6iZ/50AI7P/UlfkW295ID0s=,Jx9wQs8ltVTCMGpLkJuTZEl3gnU=
-19,1,62PX6iZ/50AI7P/UlfkW295ID0s=,BUdX6oEeB3fdJEnFfJ7Szx9c5hA=
-30,9,62PX6iZ/50AI7P/UlfkW295ID0s=,KmRbRbcsXX1III1x8Of95OzEULk=
-18,15,62PX6iZ/50AI7P/UlfkW295ID0s=,Jx9wQs8ltVTCMGpLkJuTZEl3gnU=
-31,9,62PX6iZ/50AI7P/UlfkW295ID0s=,KmRbRbcsXX1III1x8Of95OzEULk=
-19,15,62PX6iZ/50AI7P/UlfkW295ID0s=,Jx9wQs8ltVTCMGpLkJuTZEl3gnU=
-32,9,62PX6iZ/50AI7P/UlfkW295ID0s=,KmRbRbcsXX1III1x8Of95OzEULk=
-20,15,62PX6iZ/50AI7P/UlfkW295ID0s=,Jx9wQs8ltVTCMGpLkJuTZEl3gnU=
-20,1,62PX6iZ/50AI7P/UlfkW295ID0s=,BUdX6oEeB3fdJEnFfJ7Szx9c5hA=
-25,8,62PX6iZ/50AI7P/UlfkW295ID0s=,KmRbRbcsXX1III1x8Of95OzEULk=
-21,15,62PX6iZ/50AI7P/UlfkW295ID0s=,Jx9wQs8ltVTCMGpLkJuTZEl3gnU=
-21,1,62PX6iZ/50AI7P/UlfkW295ID0s=,BUdX6oEeB3fdJEnFfJ7Szx9c5hA=
-26,8,62PX6iZ/50AI7P/UlfkW295ID0s=,KmRbRbcsXX1III1x8Of95OzEULk=
-22,15,62PX6iZ/50AI7P/UlfkW295ID0s=,Jx9wQs8ltVTCMGpLkJuTZEl3gnU=
-17,0,62PX6iZ/50AI7P/UlfkW295ID0s=,BUdX6oEeB3fdJEnFfJ7Szx9c5hA=
-27,8,62PX6iZ/50AI7P/UlfkW295ID0s=,KmRbRbcsXX1III1x8Of95OzEULk=
-23,15,62PX6iZ/50AI7P/UlfkW295ID0s=,Jx9wQs8ltVTCMGpLkJuTZEl3gnU=
-22,2,62PX6iZ/50AI7P/UlfkW295ID0s=,BUdX6oEeB3fdJEnFfJ7Szx9c5hA=
-17,10,62PX6iZ/50AI7P/UlfkW295ID0s=,Jx9wQs8ltVTCMGpLkJuTZEl3gnU=
-28,8,62PX6iZ/50AI7P/UlfkW295ID0s=,KmRbRbcsXX1III1x8Of95OzEULk=
-24,15,62PX6iZ/50AI7P/UlfkW295ID0s=,Jx9wQs8ltVTCMGpLkJuTZEl3gnU=
-29,8,62PX6iZ/50AI7P/UlfkW295ID0s=,KmRbRbcsXX1III1x8Of95OzEULk=
-18,0,62PX6iZ/50AI7P/UlfkW295ID0s=,BUdX6oEeB3fdJEnFfJ7Szx9c5hA=
-17,14,62PX6iZ/50AI7P/UlfkW295ID0s=,Jx9wQs8ltVTCMGpLkJuTZEl3gnU=
-18,14,62PX6iZ/50AI7P/UlfkW295ID0s=,Jx9wQs8ltVTCMGpLkJuTZEl3gnU=
-19,14,62PX6iZ/50AI7P/UlfkW295ID0s=,Jx9wQs8ltVTCMGpLkJuTZEl3gnU=
-30,8,62PX6iZ/50AI7P/UlfkW295ID0s=,KmRbRbcsXX1III1x8Of95OzEULk=
-19,0,62PX6iZ/50AI7P/UlfkW295ID0s=,BUdX6oEeB3fdJEnFfJ7Szx9c5hA=
-20,14,62PX6iZ/50AI7P/UlfkW295ID0s=,Jx9wQs8ltVTCMGpLkJuTZEl3gnU=
-31,8,62PX6iZ/50AI7P/UlfkW295ID0s=,KmRbRbcsXX1III1x8Of95OzEULk=
-17,7,62PX6iZ/50AI7P/UlfkW295ID0s=,BUdX6oEeB3fdJEnFfJ7Szx9c5hA=
-32,8,62PX6iZ/50AI7P/UlfkW295ID0s=,KmRbRbcsXX1III1x8Of95OzEULk=
-21,14,62PX6iZ/50AI7P/UlfkW295ID0s=,Jx9wQs8ltVTCMGpLkJuTZEl3gnU=
-25,7,xMJRzlBCAWDM2Lbs8wjlrYBwPG4=,2mf7rgB6bO+McxhPiIS6RiaeygA=
-18,7,xMJRzlBCAWDM2Lbs8wjlrYBwPG4=,BUdX6oEeB3fdJEnFfJ7Szx9c5hA=
-22,14,xMJRzlBCAWDM2Lbs8wjlrYBwPG4=,Jx9wQs8ltVTCMGpLkJuTZEl3gnU=
-26,7,xMJRzlBCAWDM2Lbs8wjlrYBwPG4=,2mf7rgB6bO+McxhPiIS6RiaeygA=
-23,14,xMJRzlBCAWDM2Lbs8wjlrYBwPG4=,Jx9wQs8ltVTCMGpLkJuTZEl3gnU=
-19,7,xMJRzlBCAWDM2Lbs8wjlrYBwPG4=,BUdX6oEeB3fdJEnFfJ7Szx9c5hA=
-25,15,xMJRzlBCAWDM2Lbs8wjlrYBwPG4=,KmRbRbcsXX1III1x8Of95OzEULk=
-26,15,xMJRzlBCAWDM2Lbs8wjlrYBwPG4=,KmRbRbcsXX1III1x8Of95OzEULk=
-27,15,xMJRzlBCAWDM2Lbs8wjlrYBwPG4=,KmRbRbcsXX1III1x8Of95OzEULk=
-27,7,xMJRzlBCAWDM2Lbs8wjlrYBwPG4=,2mf7rgB6bO+McxhPiIS6RiaeygA=
-20,7,xMJRzlBCAWDM2Lbs8wjlrYBwPG4=,BUdX6oEeB3fdJEnFfJ7Szx9c5hA=
-24,14,xMJRzlBCAWDM2Lbs8wjlrYBwPG4=,Jx9wQs8ltVTCMGpLkJuTZEl3gnU=
-28,7,xMJRzlBCAWDM2Lbs8wjlrYBwPG4=,2mf7rgB6bO+McxhPiIS6RiaeygA=
-20,0,xMJRzlBCAWDM2Lbs8wjlrYBwPG4=,BUdX6oEeB3fdJEnFfJ7Szx9c5hA=
-29,7,xMJRzlBCAWDM2Lbs8wjlrYBwPG4=,2mf7rgB6bO+McxhPiIS6RiaeygA=
-21,0,xMJRzlBCAWDM2Lbs8wjlrYBwPG4=,BUdX6oEeB3fdJEnFfJ7Szx9c5hA=
-30,7,xMJRzlBCAWDM2Lbs8wjlrYBwPG4=,2mf7rgB6bO+McxhPiIS6RiaeygA=
-21,7,xMJRzlBCAWDM2Lbs8wjlrYBwPG4=,BUdX6oEeB3fdJEnFfJ7Szx9c5hA=
-31,7,xMJRzlBCAWDM2Lbs8wjlrYBwPG4=,2mf7rgB6bO+McxhPiIS6RiaeygA=
-17,6,xMJRzlBCAWDM2Lbs8wjlrYBwPG4=,BUdX6oEeB3fdJEnFfJ7Szx9c5hA=
-32,7,xMJRzlBCAWDM2Lbs8wjlrYBwPG4=,2mf7rgB6bO+McxhPiIS6RiaeygA=
-18,6,xMJRzlBCAWDM2Lbs8wjlrYBwPG4=,BUdX6oEeB3fdJEnFfJ7Szx9c5hA=
-25,6,xMJRzlBCAWDM2Lbs8wjlrYBwPG4=,2mf7rgB6bO+McxhPiIS6RiaeygA=
-19,6,ssyEkOkcFbBtlvN3QmwXFNDfP8k=,BUdX6oEeB3fdJEnFfJ7Szx9c5hA=
-26,6,ssyEkOkcFbBtlvN3QmwXFNDfP8k=,2mf7rgB6bO+McxhPiIS6RiaeygA=
-27,6,ssyEkOkcFbBtlvN3QmwXFNDfP8k=,2mf7rgB6bO+McxhPiIS6RiaeygA=
-20,6,ssyEkOkcFbBtlvN3QmwXFNDfP8k=,BUdX6oEeB3fdJEnFfJ7Szx9c5hA=
-28,6,ssyEkOkcFbBtlvN3QmwXFNDfP8k=,2mf7rgB6bO+McxhPiIS6RiaeygA=
-21,6,ssyEkOkcFbBtlvN3QmwXFNDfP8k=,BUdX6oEeB3fdJEnFfJ7Szx9c5hA=
-23,2,ssyEkOkcFbBtlvN3QmwXFNDfP8k=,BUdX6oEeB3fdJEnFfJ7Szx9c5hA=
-18,10,ssyEkOkcFbBtlvN3QmwXFNDfP8k=,Jx9wQs8ltVTCMGpLkJuTZEl3gnU=
-19,10,ssyEkOkcFbBtlvN3QmwXFNDfP8k=,Jx9wQs8ltVTCMGpLkJuTZEl3gnU=
-20,10,ssyEkOkcFbBtlvN3QmwXFNDfP8k=,Jx9wQs8ltVTCMGpLkJuTZEl3gnU=
-21,10,ssyEkOkcFbBtlvN3QmwXFNDfP8k=,Jx9wQs8ltVTCMGpLkJuTZEl3gnU=
-29,6,ssyEkOkcFbBtlvN3QmwXFNDfP8k=,2mf7rgB6bO+McxhPiIS6RiaeygA=
-17,5,ssyEkOkcFbBtlvN3QmwXFNDfP8k=,BUdX6oEeB3fdJEnFfJ7Szx9c5hA=
-18,5,ssyEkOkcFbBtlvN3QmwXFNDfP8k=,BUdX6oEeB3fdJEnFfJ7Szx9c5hA=
-30,6,ssyEkOkcFbBtlvN3QmwXFNDfP8k=,2mf7rgB6bO+McxhPiIS6RiaeygA=
-31,6,ssyEkOkcFbBtlvN3QmwXFNDfP8k=,2mf7rgB6bO+McxhPiIS6RiaeygA=
-17,9,ssyEkOkcFbBtlvN3QmwXFNDfP8k=,Jx9wQs8ltVTCMGpLkJuTZEl3gnU=
-18,9,ssyEkOkcFbBtlvN3QmwXFNDfP8k=,Jx9wQs8ltVTCMGpLkJuTZEl3gnU=
-32,6,ssyEkOkcFbBtlvN3QmwXFNDfP8k=,2mf7rgB6bO+McxhPiIS6RiaeygA=
-19,9,iBWQWnX4W2AFELVcyu3fRlLP/5k=,Jx9wQs8ltVTCMGpLkJuTZEl3gnU=
-25,5,iBWQWnX4W2AFELVcyu3fRlLP/5k=,2mf7rgB6bO+McxhPiIS6RiaeygA=
-24,2,iBWQWnX4W2AFELVcyu3fRlLP/5k=,BUdX6oEeB3fdJEnFfJ7Szx9c5hA=
-20,9,iBWQWnX4W2AFELVcyu3fRlLP/5k=,Jx9wQs8ltVTCMGpLkJuTZEl3gnU=
-26,5,iBWQWnX4W2AFELVcyu3fRlLP/5k=,2mf7rgB6bO+McxhPiIS6RiaeygA=
-21,9,iBWQWnX4W2AFELVcyu3fRlLP/5k=,Jx9wQs8ltVTCMGpLkJuTZEl3gnU=
-27,5,iBWQWnX4W2AFELVcyu3fRlLP/5k=,2mf7rgB6bO+McxhPiIS6RiaeygA=
-28,5,iBWQWnX4W2AFELVcyu3fRlLP/5k=,2mf7rgB6bO+McxhPiIS6RiaeygA=
-19,5,iBWQWnX4W2AFELVcyu3fRlLP/5k=,BUdX6oEeB3fdJEnFfJ7Szx9c5hA=
-29,5,iBWQWnX4W2AFELVcyu3fRlLP/5k=,2mf7rgB6bO+McxhPiIS6RiaeygA=
-17,8,iBWQWnX4W2AFELVcyu3fRlLP/5k=,Jx9wQs8ltVTCMGpLkJuTZEl3gnU=
-30,5,iBWQWnX4W2AFELVcyu3fRlLP/5k=,2mf7rgB6bO+McxhPiIS6RiaeygA=
-18,8,iBWQWnX4W2AFELVcyu3fRlLP/5k=,Jx9wQs8ltVTCMGpLkJuTZEl3gnU=
-31,5,iBWQWnX4W2AFELVcyu3fRlLP/5k=,2mf7rgB6bO+McxhPiIS6RiaeygA=
-19,8,iBWQWnX4W2AFELVcyu3fRlLP/5k=,Jx9wQs8ltVTCMGpLkJuTZEl3gnU=
-32,5,iBWQWnX4W2AFELVcyu3fRlLP/5k=,2mf7rgB6bO+McxhPiIS6RiaeygA=
-20,8,iBWQWnX4W2AFELVcyu3fRlLP/5k=,Jx9wQs8ltVTCMGpLkJuTZEl3gnU=
-25,4,iBWQWnX4W2AFELVcyu3fRlLP/5k=,2mf7rgB6bO+McxhPiIS6RiaeygA=
-21,8,iBWQWnX4W2AFELVcyu3fRlLP/5k=,Jx9wQs8ltVTCMGpLkJuTZEl3gnU=
-26,4,iBWQWnX4W2AFELVcyu3fRlLP/5k=,2mf7rgB6bO+McxhPiIS6RiaeygA=
-27,4,yeB8jj/TiQ766aIkeMgZTuaLsNE=,2mf7rgB6bO+McxhPiIS6RiaeygA=
-20,5,yeB8jj/TiQ766aIkeMgZTuaLsNE=,BUdX6oEeB3fdJEnFfJ7Szx9c5hA=
-28,4,yeB8jj/TiQ766aIkeMgZTuaLsNE=,2mf7rgB6bO+McxhPiIS6RiaeygA=
-21,5,yeB8jj/TiQ766aIkeMgZTuaLsNE=,BUdX6oEeB3fdJEnFfJ7Szx9c5hA=
-17,4,yeB8jj/TiQ766aIkeMgZTuaLsNE=,BUdX6oEeB3fdJEnFfJ7Szx9c5hA=
-29,4,yeB8jj/TiQ766aIkeMgZTuaLsNE=,2mf7rgB6bO+McxhPiIS6RiaeygA=
-30,4,yeB8jj/TiQ766aIkeMgZTuaLsNE=,2mf7rgB6bO+McxhPiIS6RiaeygA=
-31,4,yeB8jj/TiQ766aIkeMgZTuaLsNE=,2mf7rgB6bO+McxhPiIS6RiaeygA=
-32,4,yeB8jj/TiQ766aIkeMgZTuaLsNE=,2mf7rgB6bO+McxhPiIS6RiaeygA=
-25,3,yeB8jj/TiQ766aIkeMgZTuaLsNE=,2mf7rgB6bO+McxhPiIS6RiaeygA=
-26,3,yeB8jj/TiQ766aIkeMgZTuaLsNE=,2mf7rgB6bO+McxhPiIS6RiaeygA=
-27,3,yeB8jj/TiQ766aIkeMgZTuaLsNE=,2mf7rgB6bO+McxhPiIS6RiaeygA=
-28,3,yeB8jj/TiQ766aIkeMgZTuaLsNE=,2mf7rgB6bO+McxhPiIS6RiaeygA=
-22,1,yeB8jj/TiQ766aIkeMgZTuaLsNE=,BUdX6oEeB3fdJEnFfJ7Szx9c5hA=
-23,1,yeB8jj/TiQ766aIkeMgZTuaLsNE=,BUdX6oEeB3fdJEnFfJ7Szx9c5hA=
-24,1,yeB8jj/TiQ766aIkeMgZTuaLsNE=,BUdX6oEeB3fdJEnFfJ7Szx9c5hA=
-22,0,yeB8jj/TiQ766aIkeMgZTuaLsNE=,BUdX6oEeB3fdJEnFfJ7Szx9c5hA=
-23,0,yeB8jj/TiQ766aIkeMgZTuaLsNE=,BUdX6oEeB3fdJEnFfJ7Szx9c5hA=
-24,0,yeB8jj/TiQ766aIkeMgZTuaLsNE=,BUdX6oEeB3fdJEnFfJ7Szx9c5hA=
-22,7,yeB8jj/TiQ766aIkeMgZTuaLsNE=,BUdX6oEeB3fdJEnFfJ7Szx9c5hA=
-23,7,yeB8jj/TiQ766aIkeMgZTuaLsNE=,BUdX6oEeB3fdJEnFfJ7Szx9c5hA=
-29,3,yeB8jj/TiQ766aIkeMgZTuaLsNE=,2mf7rgB6bO+McxhPiIS6RiaeygA=
-24,7,yeB8jj/TiQ766aIkeMgZTuaLsNE=,BUdX6oEeB3fdJEnFfJ7Szx9c5hA=
-22,6,yeB8jj/TiQ766aIkeMgZTuaLsNE=,BUdX6oEeB3fdJEnFfJ7Szx9c5hA=
-23,6,yeB8jj/TiQ766aIkeMgZTuaLsNE=,BUdX6oEeB3fdJEnFfJ7Szx9c5hA=
-30,3,yeB8jj/TiQ766aIkeMgZTuaLsNE=,2mf7rgB6bO+McxhPiIS6RiaeygA=
-31,3,yeB8jj/TiQ766aIkeMgZTuaLsNE=,2mf7rgB6bO+McxhPiIS6RiaeygA=
-24,6,p39T6WrVVEPmpkBsI6K7JpuwORc=,BUdX6oEeB3fdJEnFfJ7Szx9c5hA=
-22,10,p39T6WrVVEPmpkBsI6K7JpuwORc=,Jx9wQs8ltVTCMGpLkJuTZEl3gnU=
-23,10,p39T6WrVVEPmpkBsI6K7JpuwORc=,Jx9wQs8ltVTCMGpLkJuTZEl3gnU=
-24,10,p39T6WrVVEPmpkBsI6K7JpuwORc=,Jx9wQs8ltVTCMGpLkJuTZEl3gnU=
-22,9,p39T6WrVVEPmpkBsI6K7JpuwORc=,Jx9wQs8ltVTCMGpLkJuTZEl3gnU=
-23,9,p39T6WrVVEPmpkBsI6K7JpuwORc=,Jx9wQs8ltVTCMGpLkJuTZEl3gnU=
-32,3,p39T6WrVVEPmpkBsI6K7JpuwORc=,2mf7rgB6bO+McxhPiIS6RiaeygA=
-25,2,p39T6WrVVEPmpkBsI6K7JpuwORc=,2mf7rgB6bO+McxhPiIS6RiaeygA=
-26,2,p39T6WrVVEPmpkBsI6K7JpuwORc=,2mf7rgB6bO+McxhPiIS6RiaeygA=
-27,2,p39T6WrVVEPmpkBsI6K7JpuwORc=,2mf7rgB6bO+McxhPiIS6RiaeygA=
-24,9,p39T6WrVVEPmpkBsI6K7JpuwORc=,Jx9wQs8ltVTCMGpLkJuTZEl3gnU=
-28,2,p39T6WrVVEPmpkBsI6K7JpuwORc=,2mf7rgB6bO+McxhPiIS6RiaeygA=
-29,2,p39T6WrVVEPmpkBsI6K7JpuwORc=,2mf7rgB6bO+McxhPiIS6RiaeygA=
-30,2,p39T6WrVVEPmpkBsI6K7JpuwORc=,2mf7rgB6bO+McxhPiIS6RiaeygA=
-31,2,p39T6WrVVEPmpkBsI6K7JpuwORc=,2mf7rgB6bO+McxhPiIS6RiaeygA=
-32,2,p39T6WrVVEPmpkBsI6K7JpuwORc=,2mf7rgB6bO+McxhPiIS6RiaeygA=
-22,8,p39T6WrVVEPmpkBsI6K7JpuwORc=,Jx9wQs8ltVTCMGpLkJuTZEl3gnU=
-23,8,p39T6WrVVEPmpkBsI6K7JpuwORc=,Jx9wQs8ltVTCMGpLkJuTZEl3gnU=
-24,8,p39T6WrVVEPmpkBsI6K7JpuwORc=,Jx9wQs8ltVTCMGpLkJuTZEl3gnU=
-25,1,p39T6WrVVEPmpkBsI6K7JpuwORc=,2mf7rgB6bO+McxhPiIS6RiaeygA=
-26,1,p39T6WrVVEPmpkBsI6K7JpuwORc=,2mf7rgB6bO+McxhPiIS6RiaeygA=
-27,1,p39T6WrVVEPmpkBsI6K7JpuwORc=,2mf7rgB6bO+McxhPiIS6RiaeygA=
-28,1,p39T6WrVVEPmpkBsI6K7JpuwORc=,2mf7rgB6bO+McxhPiIS6RiaeygA=
-29,1,p39T6WrVVEPmpkBsI6K7JpuwORc=,2mf7rgB6bO+McxhPiIS6RiaeygA=
-30,1,p39T6WrVVEPmpkBsI6K7JpuwORc=,2mf7rgB6bO+McxhPiIS6RiaeygA=
-31,1,p39T6WrVVEPmpkBsI6K7JpuwORc=,2mf7rgB6bO+McxhPiIS6RiaeygA=
-32,1,XJv+UKxeVhRVP3I0Vi+XRVYhzKw=,2mf7rgB6bO+McxhPiIS6RiaeygA=
-25,0,XJv+UKxeVhRVP3I0Vi+XRVYhzKw=,2mf7rgB6bO+McxhPiIS6RiaeygA=
-26,0,XJv+UKxeVhRVP3I0Vi+XRVYhzKw=,2mf7rgB6bO+McxhPiIS6RiaeygA=
-27,0,XJv+UKxeVhRVP3I0Vi+XRVYhzKw=,2mf7rgB6bO+McxhPiIS6RiaeygA=
-22,5,XJv+UKxeVhRVP3I0Vi+XRVYhzKw=,BUdX6oEeB3fdJEnFfJ7Szx9c5hA=
-28,0,XJv+UKxeVhRVP3I0Vi+XRVYhzKw=,2mf7rgB6bO+McxhPiIS6RiaeygA=
-23,5,XJv+UKxeVhRVP3I0Vi+XRVYhzKw=,BUdX6oEeB3fdJEnFfJ7Szx9c5hA=
-24,5,XJv+UKxeVhRVP3I0Vi+XRVYhzKw=,BUdX6oEeB3fdJEnFfJ7Szx9c5hA=
-29,0,XJv+UKxeVhRVP3I0Vi+XRVYhzKw=,2mf7rgB6bO+McxhPiIS6RiaeygA=
-30,0,XJv+UKxeVhRVP3I0Vi+XRVYhzKw=,2mf7rgB6bO+McxhPiIS6RiaeygA=
-31,0,XJv+UKxeVhRVP3I0Vi+XRVYhzKw=,2mf7rgB6bO+McxhPiIS6RiaeygA=
-32,0,XJv+UKxeVhRVP3I0Vi+XRVYhzKw=,2mf7rgB6bO+McxhPiIS6RiaeygA=
-32,20,XJv+UKxeVhRVP3I0Vi+XRVYhzKw=,HGjeN1cpJImA5WzCg8kkqLpISF0=
-28,20,XJv+UKxeVhRVP3I0Vi+XRVYhzKw=,HGjeN1cpJImA5WzCg8kkqLpISF0=
-28,19,XJv+UKxeVhRVP3I0Vi+XRVYhzKw=,HGjeN1cpJImA5WzCg8kkqLpISF0=
-29,19,XJv+UKxeVhRVP3I0Vi+XRVYhzKw=,HGjeN1cpJImA5WzCg8kkqLpISF0=
-30,19,XJv+UKxeVhRVP3I0Vi+XRVYhzKw=,HGjeN1cpJImA5WzCg8kkqLpISF0=
-31,19,XJv+UKxeVhRVP3I0Vi+XRVYhzKw=,HGjeN1cpJImA5WzCg8kkqLpISF0=
-32,19,XJv+UKxeVhRVP3I0Vi+XRVYhzKw=,HGjeN1cpJImA5WzCg8kkqLpISF0=
-29,20,XJv+UKxeVhRVP3I0Vi+XRVYhzKw=,HGjeN1cpJImA5WzCg8kkqLpISF0=
-30,20,XJv+UKxeVhRVP3I0Vi+XRVYhzKw=,HGjeN1cpJImA5WzCg8kkqLpISF0=
-31,20,XJv+UKxeVhRVP3I0Vi+XRVYhzKw=,HGjeN1cpJImA5WzCg8kkqLpISF0=
-28,18,XJv+UKxeVhRVP3I0Vi+XRVYhzKw=,HGjeN1cpJImA5WzCg8kkqLpISF0=
-29,18,XJv+UKxeVhRVP3I0Vi+XRVYhzKw=,HGjeN1cpJImA5WzCg8kkqLpISF0=
-30,18,XJv+UKxeVhRVP3I0Vi+XRVYhzKw=,HGjeN1cpJImA5WzCg8kkqLpISF0=
-31,18,XJv+UKxeVhRVP3I0Vi+XRVYhzKw=,HGjeN1cpJImA5WzCg8kkqLpISF0=
-32,18,XJv+UKxeVhRVP3I0Vi+XRVYhzKw=,HGjeN1cpJImA5WzCg8kkqLpISF0=
-28,17,XJv+UKxeVhRVP3I0Vi+XRVYhzKw=,HGjeN1cpJImA5WzCg8kkqLpISF0=
-29,17,WvIz7QU4mRVfXiReuC6v285f8Ao=,HGjeN1cpJImA5WzCg8kkqLpISF0=
-30,17,WvIz7QU4mRVfXiReuC6v285f8Ao=,HGjeN1cpJImA5WzCg8kkqLpISF0=
-31,17,WvIz7QU4mRVfXiReuC6v285f8Ao=,HGjeN1cpJImA5WzCg8kkqLpISF0=
-32,17,WvIz7QU4mRVfXiReuC6v285f8Ao=,HGjeN1cpJImA5WzCg8kkqLpISF0=
-28,16,WvIz7QU4mRVfXiReuC6v285f8Ao=,HGjeN1cpJImA5WzCg8kkqLpISF0=
-28,23,WvIz7QU4mRVfXiReuC6v285f8Ao=,HGjeN1cpJImA5WzCg8kkqLpISF0=
-29,16,WvIz7QU4mRVfXiReuC6v285f8Ao=,HGjeN1cpJImA5WzCg8kkqLpISF0=
-29,23,WvIz7QU4mRVfXiReuC6v285f8Ao=,HGjeN1cpJImA5WzCg8kkqLpISF0=
-30,16,WvIz7QU4mRVfXiReuC6v285f8Ao=,HGjeN1cpJImA5WzCg8kkqLpISF0=
-31,16,WvIz7QU4mRVfXiReuC6v285f8Ao=,HGjeN1cpJImA5WzCg8kkqLpISF0=
-32,23,WvIz7QU4mRVfXiReuC6v285f8Ao=,HGjeN1cpJImA5WzCg8kkqLpISF0=
-32,16,WvIz7QU4mRVfXiReuC6v285f8Ao=,HGjeN1cpJImA5WzCg8kkqLpISF0=
-28,22,WvIz7QU4mRVfXiReuC6v285f8Ao=,HGjeN1cpJImA5WzCg8kkqLpISF0=
-29,22,WvIz7QU4mRVfXiReuC6v285f8Ao=,HGjeN1cpJImA5WzCg8kkqLpISF0=
-30,22,WvIz7QU4mRVfXiReuC6v285f8Ao=,HGjeN1cpJImA5WzCg8kkqLpISF0=
-31,22,WvIz7QU4mRVfXiReuC6v285f8Ao=,HGjeN1cpJImA5WzCg8kkqLpISF0=
-32,22,WvIz7QU4mRVfXiReuC6v285f8Ao=,HGjeN1cpJImA5WzCg8kkqLpISF0=
-28,21,WvIz7QU4mRVfXiReuC6v285f8Ao=,HGjeN1cpJImA5WzCg8kkqLpISF0=
-29,21,WvIz7QU4mRVfXiReuC6v285f8Ao=,HGjeN1cpJImA5WzCg8kkqLpISF0=
-30,21,WvIz7QU4mRVfXiReuC6v285f8Ao=,HGjeN1cpJImA5WzCg8kkqLpISF0=
-31,21,WvIz7QU4mRVfXiReuC6v285f8Ao=,HGjeN1cpJImA5WzCg8kkqLpISF0=
-32,21,WvIz7QU4mRVfXiReuC6v285f8Ao=,HGjeN1cpJImA5WzCg8kkqLpISF0=
-30,23,WvIz7QU4mRVfXiReuC6v285f8Ao=,HGjeN1cpJImA5WzCg8kkqLpISF0=
-31,23,WvIz7QU4mRVfXiReuC6v285f8Ao=,HGjeN1cpJImA5WzCg8kkqLpISF0=
-17,16,oUZtEh2lE3zwdnsFOj2iXimB5HI=,lqnQ5N2fi5YDVRSWEF0aABQ8aZM=
-18,16,oUZtEh2lE3zwdnsFOj2iXimB5HI=,lqnQ5N2fi5YDVRSWEF0aABQ8aZM=
-19,16,oUZtEh2lE3zwdnsFOj2iXimB5HI=,lqnQ5N2fi5YDVRSWEF0aABQ8aZM=
-20,16,oUZtEh2lE3zwdnsFOj2iXimB5HI=,lqnQ5N2fi5YDVRSWEF0aABQ8aZM=
-21,16,oUZtEh2lE3zwdnsFOj2iXimB5HI=,lqnQ5N2fi5YDVRSWEF0aABQ8aZM=
-22,16,oUZtEh2lE3zwdnsFOj2iXimB5HI=,lqnQ5N2fi5YDVRSWEF0aABQ8aZM=
-23,16,oUZtEh2lE3zwdnsFOj2iXimB5HI=,lqnQ5N2fi5YDVRSWEF0aABQ8aZM=
-24,16,oUZtEh2lE3zwdnsFOj2iXimB5HI=,lqnQ5N2fi5YDVRSWEF0aABQ8aZM=
-25,23,oUZtEh2lE3zwdnsFOj2iXimB5HI=,HGjeN1cpJImA5WzCg8kkqLpISF0=
-26,23,oUZtEh2lE3zwdnsFOj2iXimB5HI=,HGjeN1cpJImA5WzCg8kkqLpISF0=
-27,23,oUZtEh2lE3zwdnsFOj2iXimB5HI=,HGjeN1cpJImA5WzCg8kkqLpISF0=
-17,23,oUZtEh2lE3zwdnsFOj2iXimB5HI=,lqnQ5N2fi5YDVRSWEF0aABQ8aZM=
-18,23,oUZtEh2lE3zwdnsFOj2iXimB5HI=,lqnQ5N2fi5YDVRSWEF0aABQ8aZM=
-19,23,oUZtEh2lE3zwdnsFOj2iXimB5HI=,lqnQ5N2fi5YDVRSWEF0aABQ8aZM=
-25,22,oUZtEh2lE3zwdnsFOj2iXimB5HI=,HGjeN1cpJImA5WzCg8kkqLpISF0=
-26,22,oUZtEh2lE3zwdnsFOj2iXimB5HI=,HGjeN1cpJImA5WzCg8kkqLpISF0=
-20,23,oUZtEh2lE3zwdnsFOj2iXimB5HI=,lqnQ5N2fi5YDVRSWEF0aABQ8aZM=
-21,23,oUZtEh2lE3zwdnsFOj2iXimB5HI=,lqnQ5N2fi5YDVRSWEF0aABQ8aZM=
-22,23,oUZtEh2lE3zwdnsFOj2iXimB5HI=,lqnQ5N2fi5YDVRSWEF0aABQ8aZM=
-23,23,oUZtEh2lE3zwdnsFOj2iXimB5HI=,lqnQ5N2fi5YDVRSWEF0aABQ8aZM=
-24,23,oUZtEh2lE3zwdnsFOj2iXimB5HI=,lqnQ5N2fi5YDVRSWEF0aABQ8aZM=
-27,22,oUZtEh2lE3zwdnsFOj2iXimB5HI=,HGjeN1cpJImA5WzCg8kkqLpISF0=
-17,22,oUZtEh2lE3zwdnsFOj2iXimB5HI=,lqnQ5N2fi5YDVRSWEF0aABQ8aZM=
-18,22,oUZtEh2lE3zwdnsFOj2iXimB5HI=,lqnQ5N2fi5YDVRSWEF0aABQ8aZM=
-19,22,oUZtEh2lE3zwdnsFOj2iXimB5HI=,lqnQ5N2fi5YDVRSWEF0aABQ8aZM=
-20,22,oUZtEh2lE3zwdnsFOj2iXimB5HI=,lqnQ5N2fi5YDVRSWEF0aABQ8aZM=
-21,22,oUZtEh2lE3zwdnsFOj2iXimB5HI=,lqnQ5N2fi5YDVRSWEF0aABQ8aZM=
-22,22,oUZtEh2lE3zwdnsFOj2iXimB5HI=,lqnQ5N2fi5YDVRSWEF0aABQ8aZM=
-23,22,oUZtEh2lE3zwdnsFOj2iXimB5HI=,lqnQ5N2fi5YDVRSWEF0aABQ8aZM=
-24,22,oUZtEh2lE3zwdnsFOj2iXimB5HI=,lqnQ5N2fi5YDVRSWEF0aABQ8aZM=
-17,21,oUZtEh2lE3zwdnsFOj2iXimB5HI=,lqnQ5N2fi5YDVRSWEF0aABQ8aZM=
-18,21,oUZtEh2lE3zwdnsFOj2iXimB5HI=,lqnQ5N2fi5YDVRSWEF0aABQ8aZM=
-25,21,oUZtEh2lE3zwdnsFOj2iXimB5HI=,HGjeN1cpJImA5WzCg8kkqLpISF0=
-26,21,oUZtEh2lE3zwdnsFOj2iXimB5HI=,HGjeN1cpJImA5WzCg8kkqLpISF0=
-27,21,oUZtEh2lE3zwdnsFOj2iXimB5HI=,HGjeN1cpJImA5WzCg8kkqLpISF0=
-19,21,oUZtEh2lE3zwdnsFOj2iXimB5HI=,lqnQ5N2fi5YDVRSWEF0aABQ8aZM=
-20,21,oUZtEh2lE3zwdnsFOj2iXimB5HI=,lqnQ5N2fi5YDVRSWEF0aABQ8aZM=
-21,21,oUZtEh2lE3zwdnsFOj2iXimB5HI=,lqnQ5N2fi5YDVRSWEF0aABQ8aZM=
-22,21,oUZtEh2lE3zwdnsFOj2iXimB5HI=,lqnQ5N2fi5YDVRSWEF0aABQ8aZM=
-25,19,oUZtEh2lE3zwdnsFOj2iXimB5HI=,HGjeN1cpJImA5WzCg8kkqLpISF0=
-23,21,oUZtEh2lE3zwdnsFOj2iXimB5HI=,lqnQ5N2fi5YDVRSWEF0aABQ8aZM=
-24,21,oUZtEh2lE3zwdnsFOj2iXimB5HI=,lqnQ5N2fi5YDVRSWEF0aABQ8aZM=
-26,19,SP2Q93yVqGR2UBg5NGbsa8Bmgzo=,HGjeN1cpJImA5WzCg8kkqLpISF0=
-17,20,SP2Q93yVqGR2UBg5NGbsa8Bmgzo=,lqnQ5N2fi5YDVRSWEF0aABQ8aZM=
-18,20,SP2Q93yVqGR2UBg5NGbsa8Bmgzo=,lqnQ5N2fi5YDVRSWEF0aABQ8aZM=
-19,20,SP2Q93yVqGR2UBg5NGbsa8Bmgzo=,lqnQ5N2fi5YDVRSWEF0aABQ8aZM=
-20,20,SP2Q93yVqGR2UBg5NGbsa8Bmgzo=,lqnQ5N2fi5YDVRSWEF0aABQ8aZM=
-25,20,SP2Q93yVqGR2UBg5NGbsa8Bmgzo=,HGjeN1cpJImA5WzCg8kkqLpISF0=
-21,20,SP2Q93yVqGR2UBg5NGbsa8Bmgzo=,lqnQ5N2fi5YDVRSWEF0aABQ8aZM=
-22,20,SP2Q93yVqGR2UBg5NGbsa8Bmgzo=,lqnQ5N2fi5YDVRSWEF0aABQ8aZM=
-23,20,SP2Q93yVqGR2UBg5NGbsa8Bmgzo=,lqnQ5N2fi5YDVRSWEF0aABQ8aZM=
-24,20,SP2Q93yVqGR2UBg5NGbsa8Bmgzo=,lqnQ5N2fi5YDVRSWEF0aABQ8aZM=
-17,19,SP2Q93yVqGR2UBg5NGbsa8Bmgzo=,lqnQ5N2fi5YDVRSWEF0aABQ8aZM=
-26,20,SP2Q93yVqGR2UBg5NGbsa8Bmgzo=,HGjeN1cpJImA5WzCg8kkqLpISF0=
-27,20,SP2Q93yVqGR2UBg5NGbsa8Bmgzo=,HGjeN1cpJImA5WzCg8kkqLpISF0=
-18,19,SP2Q93yVqGR2UBg5NGbsa8Bmgzo=,lqnQ5N2fi5YDVRSWEF0aABQ8aZM=
-19,19,SP2Q93yVqGR2UBg5NGbsa8Bmgzo=,lqnQ5N2fi5YDVRSWEF0aABQ8aZM=
-20,19,SP2Q93yVqGR2UBg5NGbsa8Bmgzo=,lqnQ5N2fi5YDVRSWEF0aABQ8aZM=
-21,19,SP2Q93yVqGR2UBg5NGbsa8Bmgzo=,lqnQ5N2fi5YDVRSWEF0aABQ8aZM=
-27,19,SP2Q93yVqGR2UBg5NGbsa8Bmgzo=,HGjeN1cpJImA5WzCg8kkqLpISF0=
-22,19,SP2Q93yVqGR2UBg5NGbsa8Bmgzo=,lqnQ5N2fi5YDVRSWEF0aABQ8aZM=
-23,19,zCtnK1we/FjmafUIOjM7+mTKMpA=,lqnQ5N2fi5YDVRSWEF0aABQ8aZM=
-24,19,zCtnK1we/FjmafUIOjM7+mTKMpA=,lqnQ5N2fi5YDVRSWEF0aABQ8aZM=
-17,18,zCtnK1we/FjmafUIOjM7+mTKMpA=,lqnQ5N2fi5YDVRSWEF0aABQ8aZM=
-18,18,zCtnK1we/FjmafUIOjM7+mTKMpA=,lqnQ5N2fi5YDVRSWEF0aABQ8aZM=
-19,18,zCtnK1we/FjmafUIOjM7+mTKMpA=,lqnQ5N2fi5YDVRSWEF0aABQ8aZM=
-20,18,zCtnK1we/FjmafUIOjM7+mTKMpA=,lqnQ5N2fi5YDVRSWEF0aABQ8aZM=
-21,18,zCtnK1we/FjmafUIOjM7+mTKMpA=,lqnQ5N2fi5YDVRSWEF0aABQ8aZM=
-22,18,zCtnK1we/FjmafUIOjM7+mTKMpA=,lqnQ5N2fi5YDVRSWEF0aABQ8aZM=
-23,18,zCtnK1we/FjmafUIOjM7+mTKMpA=,lqnQ5N2fi5YDVRSWEF0aABQ8aZM=
-24,18,zCtnK1we/FjmafUIOjM7+mTKMpA=,lqnQ5N2fi5YDVRSWEF0aABQ8aZM=
-17,17,zCtnK1we/FjmafUIOjM7+mTKMpA=,lqnQ5N2fi5YDVRSWEF0aABQ8aZM=
-25,18,zCtnK1we/FjmafUIOjM7+mTKMpA=,HGjeN1cpJImA5WzCg8kkqLpISF0=
-26,18,zCtnK1we/FjmafUIOjM7+mTKMpA=,HGjeN1cpJImA5WzCg8kkqLpISF0=
-27,18,zCtnK1we/FjmafUIOjM7+mTKMpA=,HGjeN1cpJImA5WzCg8kkqLpISF0=
-18,17,zCtnK1we/FjmafUIOjM7+mTKMpA=,lqnQ5N2fi5YDVRSWEF0aABQ8aZM=
-19,17,zCtnK1we/FjmafUIOjM7+mTKMpA=,lqnQ5N2fi5YDVRSWEF0aABQ8aZM=
-20,17,IdAlBIxzgiDYZJAowVr9M0UdIWU=,lqnQ5N2fi5YDVRSWEF0aABQ8aZM=
-21,17,IdAlBIxzgiDYZJAowVr9M0UdIWU=,lqnQ5N2fi5YDVRSWEF0aABQ8aZM=
-25,17,IdAlBIxzgiDYZJAowVr9M0UdIWU=,HGjeN1cpJImA5WzCg8kkqLpISF0=
-26,17,IdAlBIxzgiDYZJAowVr9M0UdIWU=,HGjeN1cpJImA5WzCg8kkqLpISF0=
-27,17,IdAlBIxzgiDYZJAowVr9M0UdIWU=,HGjeN1cpJImA5WzCg8kkqLpISF0=
-25,16,IdAlBIxzgiDYZJAowVr9M0UdIWU=,HGjeN1cpJImA5WzCg8kkqLpISF0=
-26,16,IdAlBIxzgiDYZJAowVr9M0UdIWU=,HGjeN1cpJImA5WzCg8kkqLpISF0=
-27,16,IdAlBIxzgiDYZJAowVr9M0UdIWU=,HGjeN1cpJImA5WzCg8kkqLpISF0=
-22,17,IdAlBIxzgiDYZJAowVr9M0UdIWU=,lqnQ5N2fi5YDVRSWEF0aABQ8aZM=
-23,17,IdAlBIxzgiDYZJAowVr9M0UdIWU=,lqnQ5N2fi5YDVRSWEF0aABQ8aZM=
-24,17,IdAlBIxzgiDYZJAowVr9M0UdIWU=,lqnQ5N2fi5YDVRSWEF0aABQ8aZM=
-1,19,8+zJK8ePvSNob33Rl4S/dUpcBgY=,Te6WeDb4xfIxNyL/1RJw0LdQXNQ=
-2,19,8+zJK8ePvSNob33Rl4S/dUpcBgY=,Te6WeDb4xfIxNyL/1RJw0LdQXNQ=
-3,19,8+zJK8ePvSNob33Rl4S/dUpcBgY=,Te6WeDb4xfIxNyL/1RJw0LdQXNQ=
-4,19,8+zJK8ePvSNob33Rl4S/dUpcBgY=,Te6WeDb4xfIxNyL/1RJw0LdQXNQ=
-5,19,8+zJK8ePvSNob33Rl4S/dUpcBgY=,Te6WeDb4xfIxNyL/1RJw0LdQXNQ=
-1,18,8+zJK8ePvSNob33Rl4S/dUpcBgY=,Te6WeDb4xfIxNyL/1RJw0LdQXNQ=
-2,18,8+zJK8ePvSNob33Rl4S/dUpcBgY=,Te6WeDb4xfIxNyL/1RJw0LdQXNQ=
-3,18,8+zJK8ePvSNob33Rl4S/dUpcBgY=,Te6WeDb4xfIxNyL/1RJw0LdQXNQ=
-4,18,8+zJK8ePvSNob33Rl4S/dUpcBgY=,Te6WeDb4xfIxNyL/1RJw0LdQXNQ=
-5,18,8+zJK8ePvSNob33Rl4S/dUpcBgY=,Te6WeDb4xfIxNyL/1RJw0LdQXNQ=
-1,17,8+zJK8ePvSNob33Rl4S/dUpcBgY=,Te6WeDb4xfIxNyL/1RJw0LdQXNQ=
-2,17,8+zJK8ePvSNob33Rl4S/dUpcBgY=,Te6WeDb4xfIxNyL/1RJw0LdQXNQ=
-3,17,8+zJK8ePvSNob33Rl4S/dUpcBgY=,Te6WeDb4xfIxNyL/1RJw0LdQXNQ=
-4,17,8+zJK8ePvSNob33Rl4S/dUpcBgY=,Te6WeDb4xfIxNyL/1RJw0LdQXNQ=
-5,17,8+zJK8ePvSNob33Rl4S/dUpcBgY=,Te6WeDb4xfIxNyL/1RJw0LdQXNQ=
-1,16,8+zJK8ePvSNob33Rl4S/dUpcBgY=,Te6WeDb4xfIxNyL/1RJw0LdQXNQ=
-2,16,8+zJK8ePvSNob33Rl4S/dUpcBgY=,Te6WeDb4xfIxNyL/1RJw0LdQXNQ=
-3,16,8+zJK8ePvSNob33Rl4S/dUpcBgY=,Te6WeDb4xfIxNyL/1RJw0LdQXNQ=
-4,16,8+zJK8ePvSNob33Rl4S/dUpcBgY=,Te6WeDb4xfIxNyL/1RJw0LdQXNQ=
-5,16,8+zJK8ePvSNob33Rl4S/dUpcBgY=,Te6WeDb4xfIxNyL/1RJw0LdQXNQ=
-1,20,ZEHCCOyo3zRGm9iaOpoTGdSBhe4=,Te6WeDb4xfIxNyL/1RJw0LdQXNQ=
-2,20,ZEHCCOyo3zRGm9iaOpoTGdSBhe4=,Te6WeDb4xfIxNyL/1RJw0LdQXNQ=
-3,20,ZEHCCOyo3zRGm9iaOpoTGdSBhe4=,Te6WeDb4xfIxNyL/1RJw0LdQXNQ=
-4,20,ZEHCCOyo3zRGm9iaOpoTGdSBhe4=,Te6WeDb4xfIxNyL/1RJw0LdQXNQ=
-5,20,ZEHCCOyo3zRGm9iaOpoTGdSBhe4=,Te6WeDb4xfIxNyL/1RJw0LdQXNQ=
-1,23,ZEHCCOyo3zRGm9iaOpoTGdSBhe4=,Te6WeDb4xfIxNyL/1RJw0LdQXNQ=
-2,23,ZEHCCOyo3zRGm9iaOpoTGdSBhe4=,Te6WeDb4xfIxNyL/1RJw0LdQXNQ=
-3,23,ZEHCCOyo3zRGm9iaOpoTGdSBhe4=,Te6WeDb4xfIxNyL/1RJw0LdQXNQ=
-4,23,ZEHCCOyo3zRGm9iaOpoTGdSBhe4=,Te6WeDb4xfIxNyL/1RJw0LdQXNQ=
-5,23,ZEHCCOyo3zRGm9iaOpoTGdSBhe4=,Te6WeDb4xfIxNyL/1RJw0LdQXNQ=
-8,20,ZEHCCOyo3zRGm9iaOpoTGdSBhe4=,Te6WeDb4xfIxNyL/1RJw0LdQXNQ=
-1,21,ZEHCCOyo3zRGm9iaOpoTGdSBhe4=,Te6WeDb4xfIxNyL/1RJw0LdQXNQ=
-6,19,ZEHCCOyo3zRGm9iaOpoTGdSBhe4=,Te6WeDb4xfIxNyL/1RJw0LdQXNQ=
-2,21,ZEHCCOyo3zRGm9iaOpoTGdSBhe4=,Te6WeDb4xfIxNyL/1RJw0LdQXNQ=
-7,19,ZEHCCOyo3zRGm9iaOpoTGdSBhe4=,Te6WeDb4xfIxNyL/1RJw0LdQXNQ=
-3,21,ZEHCCOyo3zRGm9iaOpoTGdSBhe4=,Te6WeDb4xfIxNyL/1RJw0LdQXNQ=
-8,19,ZEHCCOyo3zRGm9iaOpoTGdSBhe4=,Te6WeDb4xfIxNyL/1RJw0LdQXNQ=
-4,21,ZEHCCOyo3zRGm9iaOpoTGdSBhe4=,Te6WeDb4xfIxNyL/1RJw0LdQXNQ=
-6,18,ZEHCCOyo3zRGm9iaOpoTGdSBhe4=,Te6WeDb4xfIxNyL/1RJw0LdQXNQ=
-5,21,ZEHCCOyo3zRGm9iaOpoTGdSBhe4=,Te6WeDb4xfIxNyL/1RJw0LdQXNQ=
-7,18,ZEHCCOyo3zRGm9iaOpoTGdSBhe4=,Te6WeDb4xfIxNyL/1RJw0LdQXNQ=
-1,22,ZEHCCOyo3zRGm9iaOpoTGdSBhe4=,Te6WeDb4xfIxNyL/1RJw0LdQXNQ=
-8,18,ZEHCCOyo3zRGm9iaOpoTGdSBhe4=,Te6WeDb4xfIxNyL/1RJw0LdQXNQ=
-2,22,ZEHCCOyo3zRGm9iaOpoTGdSBhe4=,Te6WeDb4xfIxNyL/1RJw0LdQXNQ=
-6,17,ZEHCCOyo3zRGm9iaOpoTGdSBhe4=,Te6WeDb4xfIxNyL/1RJw0LdQXNQ=
-3,22,ZEHCCOyo3zRGm9iaOpoTGdSBhe4=,Te6WeDb4xfIxNyL/1RJw0LdQXNQ=
-7,17,ZEHCCOyo3zRGm9iaOpoTGdSBhe4=,Te6WeDb4xfIxNyL/1RJw0LdQXNQ=
-4,22,ZEHCCOyo3zRGm9iaOpoTGdSBhe4=,Te6WeDb4xfIxNyL/1RJw0LdQXNQ=
-8,17,ZEHCCOyo3zRGm9iaOpoTGdSBhe4=,Te6WeDb4xfIxNyL/1RJw0LdQXNQ=
-5,22,ZEHCCOyo3zRGm9iaOpoTGdSBhe4=,Te6WeDb4xfIxNyL/1RJw0LdQXNQ=
-6,16,ZEHCCOyo3zRGm9iaOpoTGdSBhe4=,Te6WeDb4xfIxNyL/1RJw0LdQXNQ=
-7,16,ZEHCCOyo3zRGm9iaOpoTGdSBhe4=,Te6WeDb4xfIxNyL/1RJw0LdQXNQ=
-8,16,ZEHCCOyo3zRGm9iaOpoTGdSBhe4=,Te6WeDb4xfIxNyL/1RJw0LdQXNQ=
-9,23,ZEHCCOyo3zRGm9iaOpoTGdSBhe4=,nGmnv1EhZ2VdEyfOtQClHj6Idck=
-10,23,ZEHCCOyo3zRGm9iaOpoTGdSBhe4=,nGmnv1EhZ2VdEyfOtQClHj6Idck=
-11,23,ZEHCCOyo3zRGm9iaOpoTGdSBhe4=,nGmnv1EhZ2VdEyfOtQClHj6Idck=
-12,23,ZEHCCOyo3zRGm9iaOpoTGdSBhe4=,nGmnv1EhZ2VdEyfOtQClHj6Idck=
-13,23,ZEHCCOyo3zRGm9iaOpoTGdSBhe4=,nGmnv1EhZ2VdEyfOtQClHj6Idck=
-15,18,ZEHCCOyo3zRGm9iaOpoTGdSBhe4=,nGmnv1EhZ2VdEyfOtQClHj6Idck=
-16,18,ZEHCCOyo3zRGm9iaOpoTGdSBhe4=,nGmnv1EhZ2VdEyfOtQClHj6Idck=
-9,17,ZEHCCOyo3zRGm9iaOpoTGdSBhe4=,nGmnv1EhZ2VdEyfOtQClHj6Idck=
-14,23,ZEHCCOyo3zRGm9iaOpoTGdSBhe4=,nGmnv1EhZ2VdEyfOtQClHj6Idck=
-15,23,ZEHCCOyo3zRGm9iaOpoTGdSBhe4=,nGmnv1EhZ2VdEyfOtQClHj6Idck=
-16,23,ZEHCCOyo3zRGm9iaOpoTGdSBhe4=,nGmnv1EhZ2VdEyfOtQClHj6Idck=
-9,22,ZEHCCOyo3zRGm9iaOpoTGdSBhe4=,nGmnv1EhZ2VdEyfOtQClHj6Idck=
-10,22,ZEHCCOyo3zRGm9iaOpoTGdSBhe4=,nGmnv1EhZ2VdEyfOtQClHj6Idck=
-10,17,ZEHCCOyo3zRGm9iaOpoTGdSBhe4=,nGmnv1EhZ2VdEyfOtQClHj6Idck=
-11,17,ZEHCCOyo3zRGm9iaOpoTGdSBhe4=,nGmnv1EhZ2VdEyfOtQClHj6Idck=
-12,17,ZEHCCOyo3zRGm9iaOpoTGdSBhe4=,nGmnv1EhZ2VdEyfOtQClHj6Idck=
-11,22,ZEHCCOyo3zRGm9iaOpoTGdSBhe4=,nGmnv1EhZ2VdEyfOtQClHj6Idck=
-12,22,ZEHCCOyo3zRGm9iaOpoTGdSBhe4=,nGmnv1EhZ2VdEyfOtQClHj6Idck=
-13,22,ZEHCCOyo3zRGm9iaOpoTGdSBhe4=,nGmnv1EhZ2VdEyfOtQClHj6Idck=
-14,22,ZEHCCOyo3zRGm9iaOpoTGdSBhe4=,nGmnv1EhZ2VdEyfOtQClHj6Idck=
-15,22,ZEHCCOyo3zRGm9iaOpoTGdSBhe4=,nGmnv1EhZ2VdEyfOtQClHj6Idck=
-13,17,ZEHCCOyo3zRGm9iaOpoTGdSBhe4=,nGmnv1EhZ2VdEyfOtQClHj6Idck=
-14,17,ZEHCCOyo3zRGm9iaOpoTGdSBhe4=,nGmnv1EhZ2VdEyfOtQClHj6Idck=
-15,17,ZEHCCOyo3zRGm9iaOpoTGdSBhe4=,nGmnv1EhZ2VdEyfOtQClHj6Idck=
-16,22,ZEHCCOyo3zRGm9iaOpoTGdSBhe4=,nGmnv1EhZ2VdEyfOtQClHj6Idck=
-9,21,ZEHCCOyo3zRGm9iaOpoTGdSBhe4=,nGmnv1EhZ2VdEyfOtQClHj6Idck=
-10,21,ZEHCCOyo3zRGm9iaOpoTGdSBhe4=,nGmnv1EhZ2VdEyfOtQClHj6Idck=
-11,21,ZEHCCOyo3zRGm9iaOpoTGdSBhe4=,nGmnv1EhZ2VdEyfOtQClHj6Idck=
-12,21,ZEHCCOyo3zRGm9iaOpoTGdSBhe4=,nGmnv1EhZ2VdEyfOtQClHj6Idck=
-10,20,ZEHCCOyo3zRGm9iaOpoTGdSBhe4=,nGmnv1EhZ2VdEyfOtQClHj6Idck=
-11,20,ZEHCCOyo3zRGm9iaOpoTGdSBhe4=,nGmnv1EhZ2VdEyfOtQClHj6Idck=
-12,20,ZEHCCOyo3zRGm9iaOpoTGdSBhe4=,nGmnv1EhZ2VdEyfOtQClHj6Idck=
-13,21,ZEHCCOyo3zRGm9iaOpoTGdSBhe4=,nGmnv1EhZ2VdEyfOtQClHj6Idck=
-14,21,ZEHCCOyo3zRGm9iaOpoTGdSBhe4=,nGmnv1EhZ2VdEyfOtQClHj6Idck=
-15,21,ZEHCCOyo3zRGm9iaOpoTGdSBhe4=,nGmnv1EhZ2VdEyfOtQClHj6Idck=
-16,21,ZEHCCOyo3zRGm9iaOpoTGdSBhe4=,nGmnv1EhZ2VdEyfOtQClHj6Idck=
-9,20,ZEHCCOyo3zRGm9iaOpoTGdSBhe4=,nGmnv1EhZ2VdEyfOtQClHj6Idck=
-13,20,ZEHCCOyo3zRGm9iaOpoTGdSBhe4=,nGmnv1EhZ2VdEyfOtQClHj6Idck=
-14,20,ZEHCCOyo3zRGm9iaOpoTGdSBhe4=,nGmnv1EhZ2VdEyfOtQClHj6Idck=
-15,20,vy5MzBid0Fr0VR35KJNgaOshrfY=,nGmnv1EhZ2VdEyfOtQClHj6Idck=
-16,20,vy5MzBid0Fr0VR35KJNgaOshrfY=,nGmnv1EhZ2VdEyfOtQClHj6Idck=
-9,19,vy5MzBid0Fr0VR35KJNgaOshrfY=,nGmnv1EhZ2VdEyfOtQClHj6Idck=
-10,19,vy5MzBid0Fr0VR35KJNgaOshrfY=,nGmnv1EhZ2VdEyfOtQClHj6Idck=
-11,19,vy5MzBid0Fr0VR35KJNgaOshrfY=,nGmnv1EhZ2VdEyfOtQClHj6Idck=
-12,19,vy5MzBid0Fr0VR35KJNgaOshrfY=,nGmnv1EhZ2VdEyfOtQClHj6Idck=
-16,17,vy5MzBid0Fr0VR35KJNgaOshrfY=,nGmnv1EhZ2VdEyfOtQClHj6Idck=
-6,23,vy5MzBid0Fr0VR35KJNgaOshrfY=,Te6WeDb4xfIxNyL/1RJw0LdQXNQ=
-9,16,vy5MzBid0Fr0VR35KJNgaOshrfY=,nGmnv1EhZ2VdEyfOtQClHj6Idck=
-10,16,vy5MzBid0Fr0VR35KJNgaOshrfY=,nGmnv1EhZ2VdEyfOtQClHj6Idck=
-13,19,vy5MzBid0Fr0VR35KJNgaOshrfY=,nGmnv1EhZ2VdEyfOtQClHj6Idck=
-14,19,vy5MzBid0Fr0VR35KJNgaOshrfY=,nGmnv1EhZ2VdEyfOtQClHj6Idck=
-15,19,vy5MzBid0Fr0VR35KJNgaOshrfY=,nGmnv1EhZ2VdEyfOtQClHj6Idck=
-16,19,vy5MzBid0Fr0VR35KJNgaOshrfY=,nGmnv1EhZ2VdEyfOtQClHj6Idck=
-9,18,vy5MzBid0Fr0VR35KJNgaOshrfY=,nGmnv1EhZ2VdEyfOtQClHj6Idck=
-11,16,vy5MzBid0Fr0VR35KJNgaOshrfY=,nGmnv1EhZ2VdEyfOtQClHj6Idck=
-12,16,vy5MzBid0Fr0VR35KJNgaOshrfY=,nGmnv1EhZ2VdEyfOtQClHj6Idck=
-13,16,vy5MzBid0Fr0VR35KJNgaOshrfY=,nGmnv1EhZ2VdEyfOtQClHj6Idck=
-7,23,vy5MzBid0Fr0VR35KJNgaOshrfY=,Te6WeDb4xfIxNyL/1RJw0LdQXNQ=
-8,23,vy5MzBid0Fr0VR35KJNgaOshrfY=,Te6WeDb4xfIxNyL/1RJw0LdQXNQ=
-10,18,vy5MzBid0Fr0VR35KJNgaOshrfY=,nGmnv1EhZ2VdEyfOtQClHj6Idck=
-11,18,vy5MzBid0Fr0VR35KJNgaOshrfY=,nGmnv1EhZ2VdEyfOtQClHj6Idck=
-12,18,vy5MzBid0Fr0VR35KJNgaOshrfY=,nGmnv1EhZ2VdEyfOtQClHj6Idck=
-13,18,vy5MzBid0Fr0VR35KJNgaOshrfY=,nGmnv1EhZ2VdEyfOtQClHj6Idck=
-14,18,vy5MzBid0Fr0VR35KJNgaOshrfY=,nGmnv1EhZ2VdEyfOtQClHj6Idck=
-6,21,vy5MzBid0Fr0VR35KJNgaOshrfY=,Te6WeDb4xfIxNyL/1RJw0LdQXNQ=
-7,21,vy5MzBid0Fr0VR35KJNgaOshrfY=,Te6WeDb4xfIxNyL/1RJw0LdQXNQ=
-8,21,vy5MzBid0Fr0VR35KJNgaOshrfY=,Te6WeDb4xfIxNyL/1RJw0LdQXNQ=
-14,16,vy5MzBid0Fr0VR35KJNgaOshrfY=,nGmnv1EhZ2VdEyfOtQClHj6Idck=
-15,16,vy5MzBid0Fr0VR35KJNgaOshrfY=,nGmnv1EhZ2VdEyfOtQClHj6Idck=
-16,16,vy5MzBid0Fr0VR35KJNgaOshrfY=,nGmnv1EhZ2VdEyfOtQClHj6Idck=
-6,20,vy5MzBid0Fr0VR35KJNgaOshrfY=,Te6WeDb4xfIxNyL/1RJw0LdQXNQ=
-6,22,vy5MzBid0Fr0VR35KJNgaOshrfY=,Te6WeDb4xfIxNyL/1RJw0LdQXNQ=
-7,22,vy5MzBid0Fr0VR35KJNgaOshrfY=,Te6WeDb4xfIxNyL/1RJw0LdQXNQ=
-8,22,vy5MzBid0Fr0VR35KJNgaOshrfY=,Te6WeDb4xfIxNyL/1RJw0LdQXNQ=
-7,20,vy5MzBid0Fr0VR35KJNgaOshrfY=,Te6WeDb4xfIxNyL/1RJw0LdQXNQ=
-2,12,nGtW454aTMoMRVw01SY34izcK9A=,vXAVbk4kGLSrAqe/WZGb7vM3yI4=
-1,15,nGtW454aTMoMRVw01SY34izcK9A=,vXAVbk4kGLSrAqe/WZGb7vM3yI4=
-2,15,nGtW454aTMoMRVw01SY34izcK9A=,vXAVbk4kGLSrAqe/WZGb7vM3yI4=
-3,15,nGtW454aTMoMRVw01SY34izcK9A=,vXAVbk4kGLSrAqe/WZGb7vM3yI4=
-4,15,nGtW454aTMoMRVw01SY34izcK9A=,vXAVbk4kGLSrAqe/WZGb7vM3yI4=
-5,15,nGtW454aTMoMRVw01SY34izcK9A=,vXAVbk4kGLSrAqe/WZGb7vM3yI4=
-3,12,nGtW454aTMoMRVw01SY34izcK9A=,vXAVbk4kGLSrAqe/WZGb7vM3yI4=
-4,12,nGtW454aTMoMRVw01SY34izcK9A=,vXAVbk4kGLSrAqe/WZGb7vM3yI4=
-5,12,nGtW454aTMoMRVw01SY34izcK9A=,vXAVbk4kGLSrAqe/WZGb7vM3yI4=
-1,11,nGtW454aTMoMRVw01SY34izcK9A=,vXAVbk4kGLSrAqe/WZGb7vM3yI4=
-2,11,dJgqwf7k+JSWcu10DrCLntvjakA=,vXAVbk4kGLSrAqe/WZGb7vM3yI4=
-12,4,dJgqwf7k+JSWcu10DrCLntvjakA=,m0tO0Slg1s2y8uGPc/m4VRWXn10=
-10,12,dJgqwf7k+JSWcu10DrCLntvjakA=,zb8EnDxlHHkxCG7QBLmlBpAW1kg=
-3,11,dJgqwf7k+JSWcu10DrCLntvjakA=,vXAVbk4kGLSrAqe/WZGb7vM3yI4=
-13,4,dJgqwf7k+JSWcu10DrCLntvjakA=,m0tO0Slg1s2y8uGPc/m4VRWXn10=
-11,12,dJgqwf7k+JSWcu10DrCLntvjakA=,zb8EnDxlHHkxCG7QBLmlBpAW1kg=
-12,12,dJgqwf7k+JSWcu10DrCLntvjakA=,zb8EnDxlHHkxCG7QBLmlBpAW1kg=
-14,4,dJgqwf7k+JSWcu10DrCLntvjakA=,m0tO0Slg1s2y8uGPc/m4VRWXn10=
-4,11,dJgqwf7k+JSWcu10DrCLntvjakA=,vXAVbk4kGLSrAqe/WZGb7vM3yI4=
-1,7,dJgqwf7k+JSWcu10DrCLntvjakA=,ykihQSdVQ7KmRn7vMU224A736JE=
-15,4,f4M4R7QdUFrPA2OAD6hZFVd7TM0=,m0tO0Slg1s2y8uGPc/m4VRWXn10=
-2,4,f4M4R7QdUFrPA2OAD6hZFVd7TM0=,ykihQSdVQ7KmRn7vMU224A736JE=
-5,11,f4M4R7QdUFrPA2OAD6hZFVd7TM0=,vXAVbk4kGLSrAqe/WZGb7vM3yI4=
-13,12,f4M4R7QdUFrPA2OAD6hZFVd7TM0=,zb8EnDxlHHkxCG7QBLmlBpAW1kg=
-1,14,f4M4R7QdUFrPA2OAD6hZFVd7TM0=,vXAVbk4kGLSrAqe/WZGb7vM3yI4=
-16,4,f4M4R7QdUFrPA2OAD6hZFVd7TM0=,m0tO0Slg1s2y8uGPc/m4VRWXn10=
-2,14,f4M4R7QdUFrPA2OAD6hZFVd7TM0=,vXAVbk4kGLSrAqe/WZGb7vM3yI4=
-3,14,f4M4R7QdUFrPA2OAD6hZFVd7TM0=,vXAVbk4kGLSrAqe/WZGb7vM3yI4=
-3,4,f4M4R7QdUFrPA2OAD6hZFVd7TM0=,ykihQSdVQ7KmRn7vMU224A736JE=
-14,12,f4M4R7QdUFrPA2OAD6hZFVd7TM0=,zb8EnDxlHHkxCG7QBLmlBpAW1kg=
-4,14,f4M4R7QdUFrPA2OAD6hZFVd7TM0=,vXAVbk4kGLSrAqe/WZGb7vM3yI4=
-12,3,f4M4R7QdUFrPA2OAD6hZFVd7TM0=,m0tO0Slg1s2y8uGPc/m4VRWXn10=
-5,14,f4M4R7QdUFrPA2OAD6hZFVd7TM0=,vXAVbk4kGLSrAqe/WZGb7vM3yI4=
-15,12,f4M4R7QdUFrPA2OAD6hZFVd7TM0=,zb8EnDxlHHkxCG7QBLmlBpAW1kg=
-4,4,f4M4R7QdUFrPA2OAD6hZFVd7TM0=,ykihQSdVQ7KmRn7vMU224A736JE=
-13,3,f4M4R7QdUFrPA2OAD6hZFVd7TM0=,m0tO0Slg1s2y8uGPc/m4VRWXn10=
-1,13,f4M4R7QdUFrPA2OAD6hZFVd7TM0=,vXAVbk4kGLSrAqe/WZGb7vM3yI4=
-2,13,f4M4R7QdUFrPA2OAD6hZFVd7TM0=,vXAVbk4kGLSrAqe/WZGb7vM3yI4=
-16,12,f4M4R7QdUFrPA2OAD6hZFVd7TM0=,zb8EnDxlHHkxCG7QBLmlBpAW1kg=
-14,3,f4M4R7QdUFrPA2OAD6hZFVd7TM0=,m0tO0Slg1s2y8uGPc/m4VRWXn10=
-2,7,f4M4R7QdUFrPA2OAD6hZFVd7TM0=,ykihQSdVQ7KmRn7vMU224A736JE=
-15,3,Y3GeRvkNs0afq7E0YAfmtP6LdDA=,m0tO0Slg1s2y8uGPc/m4VRWXn10=
-3,13,Y3GeRvkNs0afq7E0YAfmtP6LdDA=,vXAVbk4kGLSrAqe/WZGb7vM3yI4=
-3,7,Y3GeRvkNs0afq7E0YAfmtP6LdDA=,ykihQSdVQ7KmRn7vMU224A736JE=
-9,11,Y3GeRvkNs0afq7E0YAfmtP6LdDA=,zb8EnDxlHHkxCG7QBLmlBpAW1kg=
-4,13,Y3GeRvkNs0afq7E0YAfmtP6LdDA=,vXAVbk4kGLSrAqe/WZGb7vM3yI4=
-16,3,Y3GeRvkNs0afq7E0YAfmtP6LdDA=,m0tO0Slg1s2y8uGPc/m4VRWXn10=
-10,11,Y3GeRvkNs0afq7E0YAfmtP6LdDA=,zb8EnDxlHHkxCG7QBLmlBpAW1kg=
-4,7,Y3GeRvkNs0afq7E0YAfmtP6LdDA=,ykihQSdVQ7KmRn7vMU224A736JE=
-5,13,Y3GeRvkNs0afq7E0YAfmtP6LdDA=,vXAVbk4kGLSrAqe/WZGb7vM3yI4=
-1,12,Y3GeRvkNs0afq7E0YAfmtP6LdDA=,vXAVbk4kGLSrAqe/WZGb7vM3yI4=
-12,2,Y3GeRvkNs0afq7E0YAfmtP6LdDA=,m0tO0Slg1s2y8uGPc/m4VRWXn10=
-11,11,Y3GeRvkNs0afq7E0YAfmtP6LdDA=,zb8EnDxlHHkxCG7QBLmlBpAW1kg=
-5,7,Y3GeRvkNs0afq7E0YAfmtP6LdDA=,ykihQSdVQ7KmRn7vMU224A736JE=
-13,2,Y3GeRvkNs0afq7E0YAfmtP6LdDA=,m0tO0Slg1s2y8uGPc/m4VRWXn10=
-12,11,Y3GeRvkNs0afq7E0YAfmtP6LdDA=,zb8EnDxlHHkxCG7QBLmlBpAW1kg=
-5,4,Y3GeRvkNs0afq7E0YAfmtP6LdDA=,ykihQSdVQ7KmRn7vMU224A736JE=
-14,2,Y3GeRvkNs0afq7E0YAfmtP6LdDA=,m0tO0Slg1s2y8uGPc/m4VRWXn10=
-6,4,Y3GeRvkNs0afq7E0YAfmtP6LdDA=,ykihQSdVQ7KmRn7vMU224A736JE=
-13,11,Y3GeRvkNs0afq7E0YAfmtP6LdDA=,zb8EnDxlHHkxCG7QBLmlBpAW1kg=
-7,4,Y3GeRvkNs0afq7E0YAfmtP6LdDA=,ykihQSdVQ7KmRn7vMU224A736JE=
-15,2,Y3GeRvkNs0afq7E0YAfmtP6LdDA=,m0tO0Slg1s2y8uGPc/m4VRWXn10=
-14,11,Y3GeRvkNs0afq7E0YAfmtP6LdDA=,zb8EnDxlHHkxCG7QBLmlBpAW1kg=
-15,11,gylezwCT8Q3aY8OTMwv4kSYL3W0=,zb8EnDxlHHkxCG7QBLmlBpAW1kg=
-8,4,gylezwCT8Q3aY8OTMwv4kSYL3W0=,ykihQSdVQ7KmRn7vMU224A736JE=
-16,2,gylezwCT8Q3aY8OTMwv4kSYL3W0=,m0tO0Slg1s2y8uGPc/m4VRWXn10=
-16,11,gylezwCT8Q3aY8OTMwv4kSYL3W0=,zb8EnDxlHHkxCG7QBLmlBpAW1kg=
-9,10,gylezwCT8Q3aY8OTMwv4kSYL3W0=,zb8EnDxlHHkxCG7QBLmlBpAW1kg=
-12,1,gylezwCT8Q3aY8OTMwv4kSYL3W0=,m0tO0Slg1s2y8uGPc/m4VRWXn10=
-12,10,gylezwCT8Q3aY8OTMwv4kSYL3W0=,zb8EnDxlHHkxCG7QBLmlBpAW1kg=
-10,10,gylezwCT8Q3aY8OTMwv4kSYL3W0=,zb8EnDxlHHkxCG7QBLmlBpAW1kg=
-13,1,gylezwCT8Q3aY8OTMwv4kSYL3W0=,m0tO0Slg1s2y8uGPc/m4VRWXn10=
-11,10,uwpQkdfseBuXUdLyTl76OJRDjXw=,zb8EnDxlHHkxCG7QBLmlBpAW1kg=
-14,1,uwpQkdfseBuXUdLyTl76OJRDjXw=,m0tO0Slg1s2y8uGPc/m4VRWXn10=
-13,10,uwpQkdfseBuXUdLyTl76OJRDjXw=,zb8EnDxlHHkxCG7QBLmlBpAW1kg=
-1,3,uwpQkdfseBuXUdLyTl76OJRDjXw=,ykihQSdVQ7KmRn7vMU224A736JE=
-15,1,uwpQkdfseBuXUdLyTl76OJRDjXw=,m0tO0Slg1s2y8uGPc/m4VRWXn10=
-14,10,uwpQkdfseBuXUdLyTl76OJRDjXw=,zb8EnDxlHHkxCG7QBLmlBpAW1kg=
-15,10,uwpQkdfseBuXUdLyTl76OJRDjXw=,zb8EnDxlHHkxCG7QBLmlBpAW1kg=
-16,1,uwpQkdfseBuXUdLyTl76OJRDjXw=,m0tO0Slg1s2y8uGPc/m4VRWXn10=
-2,3,uwpQkdfseBuXUdLyTl76OJRDjXw=,ykihQSdVQ7KmRn7vMU224A736JE=
-9,9,uwpQkdfseBuXUdLyTl76OJRDjXw=,zb8EnDxlHHkxCG7QBLmlBpAW1kg=
-16,10,uwpQkdfseBuXUdLyTl76OJRDjXw=,zb8EnDxlHHkxCG7QBLmlBpAW1kg=
-12,0,uwpQkdfseBuXUdLyTl76OJRDjXw=,m0tO0Slg1s2y8uGPc/m4VRWXn10=
-6,12,uwpQkdfseBuXUdLyTl76OJRDjXw=,vXAVbk4kGLSrAqe/WZGb7vM3yI4=
-6,7,uwpQkdfseBuXUdLyTl76OJRDjXw=,ykihQSdVQ7KmRn7vMU224A736JE=
-13,0,uwpQkdfseBuXUdLyTl76OJRDjXw=,m0tO0Slg1s2y8uGPc/m4VRWXn10=
-10,9,uwpQkdfseBuXUdLyTl76OJRDjXw=,zb8EnDxlHHkxCG7QBLmlBpAW1kg=
-7,12,uwpQkdfseBuXUdLyTl76OJRDjXw=,vXAVbk4kGLSrAqe/WZGb7vM3yI4=
-14,0,uwpQkdfseBuXUdLyTl76OJRDjXw=,m0tO0Slg1s2y8uGPc/m4VRWXn10=
-11,9,l6aLtCnqIaUI+zONlsKJXVQwQ+s=,zb8EnDxlHHkxCG7QBLmlBpAW1kg=
-8,12,l6aLtCnqIaUI+zONlsKJXVQwQ+s=,vXAVbk4kGLSrAqe/WZGb7vM3yI4=
-15,0,l6aLtCnqIaUI+zONlsKJXVQwQ+s=,m0tO0Slg1s2y8uGPc/m4VRWXn10=
-12,9,l6aLtCnqIaUI+zONlsKJXVQwQ+s=,zb8EnDxlHHkxCG7QBLmlBpAW1kg=
-16,0,l6aLtCnqIaUI+zONlsKJXVQwQ+s=,m0tO0Slg1s2y8uGPc/m4VRWXn10=
-7,7,l6aLtCnqIaUI+zONlsKJXVQwQ+s=,ykihQSdVQ7KmRn7vMU224A736JE=
-13,9,l6aLtCnqIaUI+zONlsKJXVQwQ+s=,zb8EnDxlHHkxCG7QBLmlBpAW1kg=
-9,8,l6aLtCnqIaUI+zONlsKJXVQwQ+s=,zb8EnDxlHHkxCG7QBLmlBpAW1kg=
-10,8,l6aLtCnqIaUI+zONlsKJXVQwQ+s=,zb8EnDxlHHkxCG7QBLmlBpAW1kg=
-6,11,l6aLtCnqIaUI+zONlsKJXVQwQ+s=,vXAVbk4kGLSrAqe/WZGb7vM3yI4=
-14,9,l6aLtCnqIaUI+zONlsKJXVQwQ+s=,zb8EnDxlHHkxCG7QBLmlBpAW1kg=
-9,7,l6aLtCnqIaUI+zONlsKJXVQwQ+s=,m0tO0Slg1s2y8uGPc/m4VRWXn10=
-1,10,l6aLtCnqIaUI+zONlsKJXVQwQ+s=,vXAVbk4kGLSrAqe/WZGb7vM3yI4=
-7,11,l6aLtCnqIaUI+zONlsKJXVQwQ+s=,vXAVbk4kGLSrAqe/WZGb7vM3yI4=
-10,7,l6aLtCnqIaUI+zONlsKJXVQwQ+s=,m0tO0Slg1s2y8uGPc/m4VRWXn10=
-8,11,l6aLtCnqIaUI+zONlsKJXVQwQ+s=,vXAVbk4kGLSrAqe/WZGb7vM3yI4=
-15,9,l6aLtCnqIaUI+zONlsKJXVQwQ+s=,zb8EnDxlHHkxCG7QBLmlBpAW1kg=
-2,10,l6aLtCnqIaUI+zONlsKJXVQwQ+s=,vXAVbk4kGLSrAqe/WZGb7vM3yI4=
-16,9,l6aLtCnqIaUI+zONlsKJXVQwQ+s=,zb8EnDxlHHkxCG7QBLmlBpAW1kg=
-3,10,l6aLtCnqIaUI+zONlsKJXVQwQ+s=,vXAVbk4kGLSrAqe/WZGb7vM3yI4=
-12,7,l6aLtCnqIaUI+zONlsKJXVQwQ+s=,m0tO0Slg1s2y8uGPc/m4VRWXn10=
-11,7,l6aLtCnqIaUI+zONlsKJXVQwQ+s=,m0tO0Slg1s2y8uGPc/m4VRWXn10=
-13,7,l6aLtCnqIaUI+zONlsKJXVQwQ+s=,m0tO0Slg1s2y8uGPc/m4VRWXn10=
-4,10,l6aLtCnqIaUI+zONlsKJXVQwQ+s=,vXAVbk4kGLSrAqe/WZGb7vM3yI4=
-9,15,l6aLtCnqIaUI+zONlsKJXVQwQ+s=,zb8EnDxlHHkxCG7QBLmlBpAW1kg=
-10,15,l6aLtCnqIaUI+zONlsKJXVQwQ+s=,zb8EnDxlHHkxCG7QBLmlBpAW1kg=
-14,7,l6aLtCnqIaUI+zONlsKJXVQwQ+s=,m0tO0Slg1s2y8uGPc/m4VRWXn10=
-5,10,l6aLtCnqIaUI+zONlsKJXVQwQ+s=,vXAVbk4kGLSrAqe/WZGb7vM3yI4=
-15,7,l6aLtCnqIaUI+zONlsKJXVQwQ+s=,m0tO0Slg1s2y8uGPc/m4VRWXn10=
-11,8,Ery1C9YT7wAVFa2F0aXfv7P38Vo=,zb8EnDxlHHkxCG7QBLmlBpAW1kg=
-16,7,Ery1C9YT7wAVFa2F0aXfv7P38Vo=,m0tO0Slg1s2y8uGPc/m4VRWXn10=
-12,8,Ery1C9YT7wAVFa2F0aXfv7P38Vo=,zb8EnDxlHHkxCG7QBLmlBpAW1kg=
-13,8,Ery1C9YT7wAVFa2F0aXfv7P38Vo=,zb8EnDxlHHkxCG7QBLmlBpAW1kg=
-8,7,Ery1C9YT7wAVFa2F0aXfv7P38Vo=,ykihQSdVQ7KmRn7vMU224A736JE=
-11,15,Ery1C9YT7wAVFa2F0aXfv7P38Vo=,zb8EnDxlHHkxCG7QBLmlBpAW1kg=
-1,6,Ery1C9YT7wAVFa2F0aXfv7P38Vo=,ykihQSdVQ7KmRn7vMU224A736JE=
-2,6,Ery1C9YT7wAVFa2F0aXfv7P38Vo=,ykihQSdVQ7KmRn7vMU224A736JE=
-12,6,Ery1C9YT7wAVFa2F0aXfv7P38Vo=,m0tO0Slg1s2y8uGPc/m4VRWXn10=
-13,6,Ery1C9YT7wAVFa2F0aXfv7P38Vo=,m0tO0Slg1s2y8uGPc/m4VRWXn10=
-14,6,Ery1C9YT7wAVFa2F0aXfv7P38Vo=,m0tO0Slg1s2y8uGPc/m4VRWXn10=
-15,6,Ery1C9YT7wAVFa2F0aXfv7P38Vo=,m0tO0Slg1s2y8uGPc/m4VRWXn10=
-6,10,Ery1C9YT7wAVFa2F0aXfv7P38Vo=,vXAVbk4kGLSrAqe/WZGb7vM3yI4=
-12,15,Ery1C9YT7wAVFa2F0aXfv7P38Vo=,zb8EnDxlHHkxCG7QBLmlBpAW1kg=
-13,15,Ery1C9YT7wAVFa2F0aXfv7P38Vo=,zb8EnDxlHHkxCG7QBLmlBpAW1kg=
-7,10,Ery1C9YT7wAVFa2F0aXfv7P38Vo=,vXAVbk4kGLSrAqe/WZGb7vM3yI4=
-14,15,Ery1C9YT7wAVFa2F0aXfv7P38Vo=,zb8EnDxlHHkxCG7QBLmlBpAW1kg=
-6,15,Ery1C9YT7wAVFa2F0aXfv7P38Vo=,vXAVbk4kGLSrAqe/WZGb7vM3yI4=
-7,15,Ery1C9YT7wAVFa2F0aXfv7P38Vo=,vXAVbk4kGLSrAqe/WZGb7vM3yI4=
-16,6,Ery1C9YT7wAVFa2F0aXfv7P38Vo=,m0tO0Slg1s2y8uGPc/m4VRWXn10=
-8,10,Ery1C9YT7wAVFa2F0aXfv7P38Vo=,vXAVbk4kGLSrAqe/WZGb7vM3yI4=
-1,9,Ery1C9YT7wAVFa2F0aXfv7P38Vo=,vXAVbk4kGLSrAqe/WZGb7vM3yI4=
-12,5,Ery1C9YT7wAVFa2F0aXfv7P38Vo=,m0tO0Slg1s2y8uGPc/m4VRWXn10=
-14,8,Ery1C9YT7wAVFa2F0aXfv7P38Vo=,zb8EnDxlHHkxCG7QBLmlBpAW1kg=
-2,9,Ery1C9YT7wAVFa2F0aXfv7P38Vo=,vXAVbk4kGLSrAqe/WZGb7vM3yI4=
-15,8,Ery1C9YT7wAVFa2F0aXfv7P38Vo=,zb8EnDxlHHkxCG7QBLmlBpAW1kg=
-9,6,xtRnq88y2gVHHHf4TnTsZh4kxkY=,m0tO0Slg1s2y8uGPc/m4VRWXn10=
-15,15,xtRnq88y2gVHHHf4TnTsZh4kxkY=,zb8EnDxlHHkxCG7QBLmlBpAW1kg=
-13,5,xtRnq88y2gVHHHf4TnTsZh4kxkY=,m0tO0Slg1s2y8uGPc/m4VRWXn10=
-10,6,xtRnq88y2gVHHHf4TnTsZh4kxkY=,m0tO0Slg1s2y8uGPc/m4VRWXn10=
-14,5,xtRnq88y2gVHHHf4TnTsZh4kxkY=,m0tO0Slg1s2y8uGPc/m4VRWXn10=
-3,9,xtRnq88y2gVHHHf4TnTsZh4kxkY=,vXAVbk4kGLSrAqe/WZGb7vM3yI4=
-8,15,xtRnq88y2gVHHHf4TnTsZh4kxkY=,vXAVbk4kGLSrAqe/WZGb7vM3yI4=
-15,5,xtRnq88y2gVHHHf4TnTsZh4kxkY=,m0tO0Slg1s2y8uGPc/m4VRWXn10=
-16,5,xtRnq88y2gVHHHf4TnTsZh4kxkY=,m0tO0Slg1s2y8uGPc/m4VRWXn10=
-4,9,xtRnq88y2gVHHHf4TnTsZh4kxkY=,vXAVbk4kGLSrAqe/WZGb7vM3yI4=
-5,9,xtRnq88y2gVHHHf4TnTsZh4kxkY=,vXAVbk4kGLSrAqe/WZGb7vM3yI4=
-16,8,xtRnq88y2gVHHHf4TnTsZh4kxkY=,zb8EnDxlHHkxCG7QBLmlBpAW1kg=
-16,15,xtRnq88y2gVHHHf4TnTsZh4kxkY=,zb8EnDxlHHkxCG7QBLmlBpAW1kg=
-6,9,xtRnq88y2gVHHHf4TnTsZh4kxkY=,vXAVbk4kGLSrAqe/WZGb7vM3yI4=
-9,14,xtRnq88y2gVHHHf4TnTsZh4kxkY=,zb8EnDxlHHkxCG7QBLmlBpAW1kg=
-10,14,xtRnq88y2gVHHHf4TnTsZh4kxkY=,zb8EnDxlHHkxCG7QBLmlBpAW1kg=
-11,6,xtRnq88y2gVHHHf4TnTsZh4kxkY=,m0tO0Slg1s2y8uGPc/m4VRWXn10=
-11,14,xtRnq88y2gVHHHf4TnTsZh4kxkY=,zb8EnDxlHHkxCG7QBLmlBpAW1kg=
-7,9,xtRnq88y2gVHHHf4TnTsZh4kxkY=,vXAVbk4kGLSrAqe/WZGb7vM3yI4=
-8,9,xtRnq88y2gVHHHf4TnTsZh4kxkY=,vXAVbk4kGLSrAqe/WZGb7vM3yI4=
-12,14,xtRnq88y2gVHHHf4TnTsZh4kxkY=,zb8EnDxlHHkxCG7QBLmlBpAW1kg=
-1,8,j9H/T5vX3q77XImJ6Uoau2+8ZRs=,vXAVbk4kGLSrAqe/WZGb7vM3yI4=
-13,14,j9H/T5vX3q77XImJ6Uoau2+8ZRs=,zb8EnDxlHHkxCG7QBLmlBpAW1kg=
-2,8,j9H/T5vX3q77XImJ6Uoau2+8ZRs=,vXAVbk4kGLSrAqe/WZGb7vM3yI4=
-14,14,j9H/T5vX3q77XImJ6Uoau2+8ZRs=,zb8EnDxlHHkxCG7QBLmlBpAW1kg=
-15,14,j9H/T5vX3q77XImJ6Uoau2+8ZRs=,zb8EnDxlHHkxCG7QBLmlBpAW1kg=
-3,6,j9H/T5vX3q77XImJ6Uoau2+8ZRs=,ykihQSdVQ7KmRn7vMU224A736JE=
-16,14,j9H/T5vX3q77XImJ6Uoau2+8ZRs=,zb8EnDxlHHkxCG7QBLmlBpAW1kg=
-3,8,j9H/T5vX3q77XImJ6Uoau2+8ZRs=,vXAVbk4kGLSrAqe/WZGb7vM3yI4=
-9,13,j9H/T5vX3q77XImJ6Uoau2+8ZRs=,zb8EnDxlHHkxCG7QBLmlBpAW1kg=
-4,6,j9H/T5vX3q77XImJ6Uoau2+8ZRs=,ykihQSdVQ7KmRn7vMU224A736JE=
-10,13,j9H/T5vX3q77XImJ6Uoau2+8ZRs=,zb8EnDxlHHkxCG7QBLmlBpAW1kg=
-5,6,j9H/T5vX3q77XImJ6Uoau2+8ZRs=,ykihQSdVQ7KmRn7vMU224A736JE=
-9,5,j9H/T5vX3q77XImJ6Uoau2+8ZRs=,m0tO0Slg1s2y8uGPc/m4VRWXn10=
-11,13,j9H/T5vX3q77XImJ6Uoau2+8ZRs=,zb8EnDxlHHkxCG7QBLmlBpAW1kg=
-10,5,j9H/T5vX3q77XImJ6Uoau2+8ZRs=,m0tO0Slg1s2y8uGPc/m4VRWXn10=
-12,13,j9H/T5vX3q77XImJ6Uoau2+8ZRs=,zb8EnDxlHHkxCG7QBLmlBpAW1kg=
-4,8,j9H/T5vX3q77XImJ6Uoau2+8ZRs=,vXAVbk4kGLSrAqe/WZGb7vM3yI4=
-13,13,j9H/T5vX3q77XImJ6Uoau2+8ZRs=,zb8EnDxlHHkxCG7QBLmlBpAW1kg=
-11,5,j9H/T5vX3q77XImJ6Uoau2+8ZRs=,m0tO0Slg1s2y8uGPc/m4VRWXn10=
-14,13,j9H/T5vX3q77XImJ6Uoau2+8ZRs=,zb8EnDxlHHkxCG7QBLmlBpAW1kg=
-6,14,j9H/T5vX3q77XImJ6Uoau2+8ZRs=,vXAVbk4kGLSrAqe/WZGb7vM3yI4=
-7,14,j9H/T5vX3q77XImJ6Uoau2+8ZRs=,vXAVbk4kGLSrAqe/WZGb7vM3yI4=
-8,14,j9H/T5vX3q77XImJ6Uoau2+8ZRs=,vXAVbk4kGLSrAqe/WZGb7vM3yI4=
-6,6,j9H/T5vX3q77XImJ6Uoau2+8ZRs=,ykihQSdVQ7KmRn7vMU224A736JE=
-15,13,j9H/T5vX3q77XImJ6Uoau2+8ZRs=,zb8EnDxlHHkxCG7QBLmlBpAW1kg=
-16,13,Nx/m54QvlcTW1E244T9G2ubCd0A=,zb8EnDxlHHkxCG7QBLmlBpAW1kg=
-5,8,Nx/m54QvlcTW1E244T9G2ubCd0A=,vXAVbk4kGLSrAqe/WZGb7vM3yI4=
-6,13,Nx/m54QvlcTW1E244T9G2ubCd0A=,vXAVbk4kGLSrAqe/WZGb7vM3yI4=
-6,8,Nx/m54QvlcTW1E244T9G2ubCd0A=,vXAVbk4kGLSrAqe/WZGb7vM3yI4=
-7,13,Nx/m54QvlcTW1E244T9G2ubCd0A=,vXAVbk4kGLSrAqe/WZGb7vM3yI4=
-7,8,Nx/m54QvlcTW1E244T9G2ubCd0A=,vXAVbk4kGLSrAqe/WZGb7vM3yI4=
-9,12,Nx/m54QvlcTW1E244T9G2ubCd0A=,zb8EnDxlHHkxCG7QBLmlBpAW1kg=
-8,8,Nx/m54QvlcTW1E244T9G2ubCd0A=,vXAVbk4kGLSrAqe/WZGb7vM3yI4=
-8,13,Nx/m54QvlcTW1E244T9G2ubCd0A=,vXAVbk4kGLSrAqe/WZGb7vM3yI4=
-7,6,Nx/m54QvlcTW1E244T9G2ubCd0A=,ykihQSdVQ7KmRn7vMU224A736JE=
-9,4,Nx/m54QvlcTW1E244T9G2ubCd0A=,m0tO0Slg1s2y8uGPc/m4VRWXn10=
-10,4,Nx/m54QvlcTW1E244T9G2ubCd0A=,m0tO0Slg1s2y8uGPc/m4VRWXn10=
-11,4,Nx/m54QvlcTW1E244T9G2ubCd0A=,m0tO0Slg1s2y8uGPc/m4VRWXn10=
-3,3,Nx/m54QvlcTW1E244T9G2ubCd0A=,ykihQSdVQ7KmRn7vMU224A736JE=
-4,3,Nx/m54QvlcTW1E244T9G2ubCd0A=,ykihQSdVQ7KmRn7vMU224A736JE=
-5,3,Nx/m54QvlcTW1E244T9G2ubCd0A=,ykihQSdVQ7KmRn7vMU224A736JE=
-6,3,Nx/m54QvlcTW1E244T9G2ubCd0A=,ykihQSdVQ7KmRn7vMU224A736JE=
-7,3,LQh0CkhodwKWu/UdtMgIMLfp/Mg=,ykihQSdVQ7KmRn7vMU224A736JE=
-9,3,LQh0CkhodwKWu/UdtMgIMLfp/Mg=,m0tO0Slg1s2y8uGPc/m4VRWXn10=
-10,3,LQh0CkhodwKWu/UdtMgIMLfp/Mg=,m0tO0Slg1s2y8uGPc/m4VRWXn10=
-8,3,LQh0CkhodwKWu/UdtMgIMLfp/Mg=,ykihQSdVQ7KmRn7vMU224A736JE=
-11,3,LQh0CkhodwKWu/UdtMgIMLfp/Mg=,m0tO0Slg1s2y8uGPc/m4VRWXn10=
-8,6,LQh0CkhodwKWu/UdtMgIMLfp/Mg=,ykihQSdVQ7KmRn7vMU224A736JE=
-1,5,LQh0CkhodwKWu/UdtMgIMLfp/Mg=,ykihQSdVQ7KmRn7vMU224A736JE=
-2,5,LQh0CkhodwKWu/UdtMgIMLfp/Mg=,ykihQSdVQ7KmRn7vMU224A736JE=
-3,5,LQh0CkhodwKWu/UdtMgIMLfp/Mg=,ykihQSdVQ7KmRn7vMU224A736JE=
-1,2,LQh0CkhodwKWu/UdtMgIMLfp/Mg=,ykihQSdVQ7KmRn7vMU224A736JE=
-2,2,LQh0CkhodwKWu/UdtMgIMLfp/Mg=,ykihQSdVQ7KmRn7vMU224A736JE=
-4,5,LQh0CkhodwKWu/UdtMgIMLfp/Mg=,ykihQSdVQ7KmRn7vMU224A736JE=
-3,2,LQh0CkhodwKWu/UdtMgIMLfp/Mg=,ykihQSdVQ7KmRn7vMU224A736JE=
-4,2,HZV0HMFiwrydcMZsVjv1KKLvXT4=,ykihQSdVQ7KmRn7vMU224A736JE=
-5,2,HZV0HMFiwrydcMZsVjv1KKLvXT4=,ykihQSdVQ7KmRn7vMU224A736JE=
-5,5,HZV0HMFiwrydcMZsVjv1KKLvXT4=,ykihQSdVQ7KmRn7vMU224A736JE=
-6,5,HZV0HMFiwrydcMZsVjv1KKLvXT4=,ykihQSdVQ7KmRn7vMU224A736JE=
-7,5,HZV0HMFiwrydcMZsVjv1KKLvXT4=,ykihQSdVQ7KmRn7vMU224A736JE=
-6,2,HZV0HMFiwrydcMZsVjv1KKLvXT4=,ykihQSdVQ7KmRn7vMU224A736JE=
-8,5,HZV0HMFiwrydcMZsVjv1KKLvXT4=,ykihQSdVQ7KmRn7vMU224A736JE=
-7,2,HZV0HMFiwrydcMZsVjv1KKLvXT4=,ykihQSdVQ7KmRn7vMU224A736JE=
-8,2,HZV0HMFiwrydcMZsVjv1KKLvXT4=,ykihQSdVQ7KmRn7vMU224A736JE=
-1,1,HZV0HMFiwrydcMZsVjv1KKLvXT4=,ykihQSdVQ7KmRn7vMU224A736JE=
-9,2,HZV0HMFiwrydcMZsVjv1KKLvXT4=,m0tO0Slg1s2y8uGPc/m4VRWXn10=
-2,1,HZV0HMFiwrydcMZsVjv1KKLvXT4=,ykihQSdVQ7KmRn7vMU224A736JE=
-3,1,HZV0HMFiwrydcMZsVjv1KKLvXT4=,ykihQSdVQ7KmRn7vMU224A736JE=
-10,2,HZV0HMFiwrydcMZsVjv1KKLvXT4=,m0tO0Slg1s2y8uGPc/m4VRWXn10=
-4,1,HZV0HMFiwrydcMZsVjv1KKLvXT4=,ykihQSdVQ7KmRn7vMU224A736JE=
-5,1,HZV0HMFiwrydcMZsVjv1KKLvXT4=,ykihQSdVQ7KmRn7vMU224A736JE=
-6,1,lAnJDA2ce+YPvI0OhPc6/jH4oik=,ykihQSdVQ7KmRn7vMU224A736JE=
-7,1,lAnJDA2ce+YPvI0OhPc6/jH4oik=,ykihQSdVQ7KmRn7vMU224A736JE=
-8,1,lAnJDA2ce+YPvI0OhPc6/jH4oik=,ykihQSdVQ7KmRn7vMU224A736JE=
-1,0,lAnJDA2ce+YPvI0OhPc6/jH4oik=,ykihQSdVQ7KmRn7vMU224A736JE=
-11,2,lAnJDA2ce+YPvI0OhPc6/jH4oik=,m0tO0Slg1s2y8uGPc/m4VRWXn10=
-2,0,lAnJDA2ce+YPvI0OhPc6/jH4oik=,ykihQSdVQ7KmRn7vMU224A736JE=
-3,0,lAnJDA2ce+YPvI0OhPc6/jH4oik=,ykihQSdVQ7KmRn7vMU224A736JE=
-4,0,lAnJDA2ce+YPvI0OhPc6/jH4oik=,ykihQSdVQ7KmRn7vMU224A736JE=
-5,0,lAnJDA2ce+YPvI0OhPc6/jH4oik=,ykihQSdVQ7KmRn7vMU224A736JE=
-6,0,lAnJDA2ce+YPvI0OhPc6/jH4oik=,ykihQSdVQ7KmRn7vMU224A736JE=
-7,0,lAnJDA2ce+YPvI0OhPc6/jH4oik=,ykihQSdVQ7KmRn7vMU224A736JE=
-1,4,lAnJDA2ce+YPvI0OhPc6/jH4oik=,ykihQSdVQ7KmRn7vMU224A736JE=
-9,1,lAnJDA2ce+YPvI0OhPc6/jH4oik=,m0tO0Slg1s2y8uGPc/m4VRWXn10=
-10,1,lAnJDA2ce+YPvI0OhPc6/jH4oik=,m0tO0Slg1s2y8uGPc/m4VRWXn10=
-11,1,lAnJDA2ce+YPvI0OhPc6/jH4oik=,m0tO0Slg1s2y8uGPc/m4VRWXn10=
-8,0,lAnJDA2ce+YPvI0OhPc6/jH4oik=,ykihQSdVQ7KmRn7vMU224A736JE=
-9,0,12RFABByfEdkQABY6cgXNLpCNhI=,m0tO0Slg1s2y8uGPc/m4VRWXn10=
-10,0,12RFABByfEdkQABY6cgXNLpCNhI=,m0tO0Slg1s2y8uGPc/m4VRWXn10=
-11,0,12RFABByfEdkQABY6cgXNLpCNhI=,m0tO0Slg1s2y8uGPc/m4VRWXn10=
