72,12,xBWqN+IUbzcRvfhw2xkpOAJUIiI=,KHGgazU+cvYqGEzSSVlRyEY1+UU=
79,11,xBWqN+IUbzcRvfhw2xkpOAJUIiI=,KHGgazU+cvYqGEzSSVlRyEY1+UU=
78,11,xBWqN+IUbzcRvfhw2xkpOAJUIiI=,KHGgazU+cvYqGEzSSVlRyEY1+UU=
77,11,xBWqN+IUbzcRvfhw2xkpOAJUIiI=,KHGgazU+cvYqGEzSSVlRyEY1+UU=
76,11,xBWqN+IUbzcRvfhw2xkpOAJUIiI=,KHGgazU+cvYqGEzSSVlRyEY1+UU=
75,11,xBWqN+IUbzcRvfhw2xkpOAJUIiI=,KHGgazU+cvYqGEzSSVlRyEY1+UU=
74,11,xBWqN+IUbzcRvfhw2xkpOAJUIiI=,KHGgazU+cvYqGEzSSVlRyEY1+UU=
73,11,xBWqN+IUbzcRvfhw2xkpOAJUIiI=,KHGgazU+cvYqGEzSSVlRyEY1+UU=
79,15,xBWqN+IUbzcRvfhw2xkpOAJUIiI=,KHGgazU+cvYqGEzSSVlRyEY1+UU=
72,11,xBWqN+IUbzcRvfhw2xkpOAJUIiI=,KHGgazU+cvYqGEzSSVlRyEY1+UU=
78,15,xBWqN+IUbzcRvfhw2xkpOAJUIiI=,KHGgazU+cvYqGEzSSVlRyEY1+UU=
79,10,xBWqN+IUbzcRvfhw2xkpOAJUIiI=,KHGgazU+cvYqGEzSSVlRyEY1+UU=
77,15,xBWqN+IUbzcRvfhw2xkpOAJUIiI=,KHGgazU+cvYqGEzSSVlRyEY1+UU=
78,10,xBWqN+IUbzcRvfhw2xkpOAJUIiI=,KHGgazU+cvYqGEzSSVlRyEY1+UU=
76,15,xBWqN+IUbzcRvfhw2xkpOAJUIiI=,KHGgazU+cvYqGEzSSVlRyEY1+UU=
77,10,xBWqN+IUbzcRvfhw2xkpOAJUIiI=,KHGgazU+cvYqGEzSSVlRyEY1+UU=
75,15,xBWqN+IUbzcRvfhw2xkpOAJUIiI=,KHGgazU+cvYqGEzSSVlRyEY1+UU=
76,10,xBWqN+IUbzcRvfhw2xkpOAJUIiI=,KHGgazU+cvYqGEzSSVlRyEY1+UU=
74,15,xBWqN+IUbzcRvfhw2xkpOAJUIiI=,KHGgazU+cvYqGEzSSVlRyEY1+UU=
75,10,xBWqN+IUbzcRvfhw2xkpOAJUIiI=,KHGgazU+cvYqGEzSSVlRyEY1+UU=
73,15,xBWqN+IUbzcRvfhw2xkpOAJUIiI=,KHGgazU+cvYqGEzSSVlRyEY1+UU=
74,10,xBWqN+IUbzcRvfhw2xkpOAJUIiI=,KHGgazU+cvYqGEzSSVlRyEY1+UU=
72,15,xBWqN+IUbzcRvfhw2xkpOAJUIiI=,KHGgazU+cvYqGEzSSVlRyEY1+UU=
73,10,xBWqN+IUbzcRvfhw2xkpOAJUIiI=,KHGgazU+cvYqGEzSSVlRyEY1+UU=
79,14,xBWqN+IUbzcRvfhw2xkpOAJUIiI=,KHGgazU+cvYqGEzSSVlRyEY1+UU=
72,10,xBWqN+IUbzcRvfhw2xkpOAJUIiI=,KHGgazU+cvYqGEzSSVlRyEY1+UU=
78,14,xBWqN+IUbzcRvfhw2xkpOAJUIiI=,KHGgazU+cvYqGEzSSVlRyEY1+UU=
79,9,xBWqN+IUbzcRvfhw2xkpOAJUIiI=,KHGgazU+cvYqGEzSSVlRyEY1+UU=
77,14,xBWqN+IUbzcRvfhw2xkpOAJUIiI=,KHGgazU+cvYqGEzSSVlRyEY1+UU=
78,9,xBWqN+IUbzcRvfhw2xkpOAJUIiI=,KHGgazU+cvYqGEzSSVlRyEY1+UU=
76,14,xBWqN+IUbzcRvfhw2xkpOAJUIiI=,KHGgazU+cvYqGEzSSVlRyEY1+UU=
77,9,xBWqN+IUbzcRvfhw2xkpOAJUIiI=,KHGgazU+cvYqGEzSSVlRyEY1+UU=
75,14,xBWqN+IUbzcRvfhw2xkpOAJUIiI=,KHGgazU+cvYqGEzSSVlRyEY1+UU=
76,9,xBWqN+IUbzcRvfhw2xkpOAJUIiI=,KHGgazU+cvYqGEzSSVlRyEY1+UU=
74,14,xBWqN+IUbzcRvfhw2xkpOAJUIiI=,KHGgazU+cvYqGEzSSVlRyEY1+UU=
75,9,xBWqN+IUbzcRvfhw2xkpOAJUIiI=,KHGgazU+cvYqGEzSSVlRyEY1+UU=
73,14,xBWqN+IUbzcRvfhw2xkpOAJUIiI=,KHGgazU+cvYqGEzSSVlRyEY1+UU=
74,9,xBWqN+IUbzcRvfhw2xkpOAJUIiI=,KHGgazU+cvYqGEzSSVlRyEY1+UU=
72,14,xBWqN+IUbzcRvfhw2xkpOAJUIiI=,KHGgazU+cvYqGEzSSVlRyEY1+UU=
73,9,xBWqN+IUbzcRvfhw2xkpOAJUIiI=,KHGgazU+cvYqGEzSSVlRyEY1+UU=
79,13,xBWqN+IUbzcRvfhw2xkpOAJUIiI=,KHGgazU+cvYqGEzSSVlRyEY1+UU=
72,9,xBWqN+IUbzcRvfhw2xkpOAJUIiI=,KHGgazU+cvYqGEzSSVlRyEY1+UU=
78,13,xBWqN+IUbzcRvfhw2xkpOAJUIiI=,KHGgazU+cvYqGEzSSVlRyEY1+UU=
79,8,qj18pnT7Ep4y+6RfFgHUSe3aFUI=,KHGgazU+cvYqGEzSSVlRyEY1+UU=
77,13,qj18pnT7Ep4y+6RfFgHUSe3aFUI=,KHGgazU+cvYqGEzSSVlRyEY1+UU=
78,8,qj18pnT7Ep4y+6RfFgHUSe3aFUI=,KHGgazU+cvYqGEzSSVlRyEY1+UU=
76,13,qj18pnT7Ep4y+6RfFgHUSe3aFUI=,KHGgazU+cvYqGEzSSVlRyEY1+UU=
77,8,qj18pnT7Ep4y+6RfFgHUSe3aFUI=,KHGgazU+cvYqGEzSSVlRyEY1+UU=
75,13,qj18pnT7Ep4y+6RfFgHUSe3aFUI=,KHGgazU+cvYqGEzSSVlRyEY1+UU=
76,8,qj18pnT7Ep4y+6RfFgHUSe3aFUI=,KHGgazU+cvYqGEzSSVlRyEY1+UU=
74,13,qj18pnT7Ep4y+6RfFgHUSe3aFUI=,KHGgazU+cvYqGEzSSVlRyEY1+UU=
75,8,qj18pnT7Ep4y+6RfFgHUSe3aFUI=,KHGgazU+cvYqGEzSSVlRyEY1+UU=
73,13,qj18pnT7Ep4y+6RfFgHUSe3aFUI=,KHGgazU+cvYqGEzSSVlRyEY1+UU=
74,8,qj18pnT7Ep4y+6RfFgHUSe3aFUI=,KHGgazU+cvYqGEzSSVlRyEY1+UU=
72,13,qj18pnT7Ep4y+6RfFgHUSe3aFUI=,KHGgazU+cvYqGEzSSVlRyEY1+UU=
73,8,qj18pnT7Ep4y+6RfFgHUSe3aFUI=,KHGgazU+cvYqGEzSSVlRyEY1+UU=
79,12,qj18pnT7Ep4y+6RfFgHUSe3aFUI=,KHGgazU+cvYqGEzSSVlRyEY1+UU=
78,12,qj18pnT7Ep4y+6RfFgHUSe3aFUI=,KHGgazU+cvYqGEzSSVlRyEY1+UU=
72,8,qj18pnT7Ep4y+6RfFgHUSe3aFUI=,KHGgazU+cvYqGEzSSVlRyEY1+UU=
77,12,qj18pnT7Ep4y+6RfFgHUSe3aFUI=,KHGgazU+cvYqGEzSSVlRyEY1+UU=
76,12,qj18pnT7Ep4y+6RfFgHUSe3aFUI=,KHGgazU+cvYqGEzSSVlRyEY1+UU=
75,12,qj18pnT7Ep4y+6RfFgHUSe3aFUI=,KHGgazU+cvYqGEzSSVlRyEY1+UU=
74,12,qj18pnT7Ep4y+6RfFgHUSe3aFUI=,KHGgazU+cvYqGEzSSVlRyEY1+UU=
73,12,qj18pnT7Ep4y+6RfFgHUSe3aFUI=,KHGgazU+cvYqGEzSSVlRyEY1+UU=
71,29,Zpg9x2oLCDQF9SBKfVaLRDomOMA=,wUNSWTxatmcRgUUs9jpE5kH/tYg=
70,29,Zpg9x2oLCDQF9SBKfVaLRDomOMA=,wUNSWTxatmcRgUUs9jpE5kH/tYg=
69,29,Zpg9x2oLCDQF9SBKfVaLRDomOMA=,wUNSWTxatmcRgUUs9jpE5kH/tYg=
68,29,Zpg9x2oLCDQF9SBKfVaLRDomOMA=,wUNSWTxatmcRgUUs9jpE5kH/tYg=
67,29,Zpg9x2oLCDQF9SBKfVaLRDomOMA=,wUNSWTxatmcRgUUs9jpE5kH/tYg=
66,29,Zpg9x2oLCDQF9SBKfVaLRDomOMA=,wUNSWTxatmcRgUUs9jpE5kH/tYg=
65,29,Zpg9x2oLCDQF9SBKfVaLRDomOMA=,wUNSWTxatmcRgUUs9jpE5kH/tYg=
78,20,Zpg9x2oLCDQF9SBKfVaLRDomOMA=,QBXoTuR67rIESG9g+Ap0j366CBw=
64,29,Zpg9x2oLCDQF9SBKfVaLRDomOMA=,wUNSWTxatmcRgUUs9jpE5kH/tYg=
79,23,Zpg9x2oLCDQF9SBKfVaLRDomOMA=,QBXoTuR67rIESG9g+Ap0j366CBw=
71,28,Zpg9x2oLCDQF9SBKfVaLRDomOMA=,wUNSWTxatmcRgUUs9jpE5kH/tYg=
78,23,Zpg9x2oLCDQF9SBKfVaLRDomOMA=,QBXoTuR67rIESG9g+Ap0j366CBw=
70,28,Zpg9x2oLCDQF9SBKfVaLRDomOMA=,wUNSWTxatmcRgUUs9jpE5kH/tYg=
77,23,Zpg9x2oLCDQF9SBKfVaLRDomOMA=,QBXoTuR67rIESG9g+Ap0j366CBw=
76,23,Zpg9x2oLCDQF9SBKfVaLRDomOMA=,QBXoTuR67rIESG9g+Ap0j366CBw=
69,28,Zpg9x2oLCDQF9SBKfVaLRDomOMA=,wUNSWTxatmcRgUUs9jpE5kH/tYg=
75,23,Zpg9x2oLCDQF9SBKfVaLRDomOMA=,QBXoTuR67rIESG9g+Ap0j366CBw=
68,28,Zpg9x2oLCDQF9SBKfVaLRDomOMA=,wUNSWTxatmcRgUUs9jpE5kH/tYg=
67,28,Zpg9x2oLCDQF9SBKfVaLRDomOMA=,wUNSWTxatmcRgUUs9jpE5kH/tYg=
77,20,Zpg9x2oLCDQF9SBKfVaLRDomOMA=,QBXoTuR67rIESG9g+Ap0j366CBw=
71,18,Zpg9x2oLCDQF9SBKfVaLRDomOMA=,Sgzg2c6z3s15TvTey5MYdV3/L44=
66,28,Zpg9x2oLCDQF9SBKfVaLRDomOMA=,wUNSWTxatmcRgUUs9jpE5kH/tYg=
76,20,Zpg9x2oLCDQF9SBKfVaLRDomOMA=,QBXoTuR67rIESG9g+Ap0j366CBw=
65,28,qr0nsCnLhw5s3CI0K9p+xWuyxxs=,wUNSWTxatmcRgUUs9jpE5kH/tYg=
70,18,qr0nsCnLhw5s3CI0K9p+xWuyxxs=,Sgzg2c6z3s15TvTey5MYdV3/L44=
75,20,qr0nsCnLhw5s3CI0K9p+xWuyxxs=,QBXoTuR67rIESG9g+Ap0j366CBw=
79,22,qr0nsCnLhw5s3CI0K9p+xWuyxxs=,QBXoTuR67rIESG9g+Ap0j366CBw=
64,28,qr0nsCnLhw5s3CI0K9p+xWuyxxs=,wUNSWTxatmcRgUUs9jpE5kH/tYg=
71,23,qr0nsCnLhw5s3CI0K9p+xWuyxxs=,Sgzg2c6z3s15TvTey5MYdV3/L44=
78,22,qr0nsCnLhw5s3CI0K9p+xWuyxxs=,QBXoTuR67rIESG9g+Ap0j366CBw=
71,27,qr0nsCnLhw5s3CI0K9p+xWuyxxs=,wUNSWTxatmcRgUUs9jpE5kH/tYg=
70,27,qr0nsCnLhw5s3CI0K9p+xWuyxxs=,wUNSWTxatmcRgUUs9jpE5kH/tYg=
69,27,qr0nsCnLhw5s3CI0K9p+xWuyxxs=,wUNSWTxatmcRgUUs9jpE5kH/tYg=
79,17,qr0nsCnLhw5s3CI0K9p+xWuyxxs=,QBXoTuR67rIESG9g+Ap0j366CBw=
70,20,qr0nsCnLhw5s3CI0K9p+xWuyxxs=,Sgzg2c6z3s15TvTey5MYdV3/L44=
68,27,qr0nsCnLhw5s3CI0K9p+xWuyxxs=,wUNSWTxatmcRgUUs9jpE5kH/tYg=
77,22,qr0nsCnLhw5s3CI0K9p+xWuyxxs=,QBXoTuR67rIESG9g+Ap0j366CBw=
67,27,qr0nsCnLhw5s3CI0K9p+xWuyxxs=,wUNSWTxatmcRgUUs9jpE5kH/tYg=
70,23,qr0nsCnLhw5s3CI0K9p+xWuyxxs=,Sgzg2c6z3s15TvTey5MYdV3/L44=
79,19,qr0nsCnLhw5s3CI0K9p+xWuyxxs=,QBXoTuR67rIESG9g+Ap0j366CBw=
66,27,qr0nsCnLhw5s3CI0K9p+xWuyxxs=,wUNSWTxatmcRgUUs9jpE5kH/tYg=
78,19,qr0nsCnLhw5s3CI0K9p+xWuyxxs=,QBXoTuR67rIESG9g+Ap0j366CBw=
65,27,qr0nsCnLhw5s3CI0K9p+xWuyxxs=,wUNSWTxatmcRgUUs9jpE5kH/tYg=
69,20,qr0nsCnLhw5s3CI0K9p+xWuyxxs=,Sgzg2c6z3s15TvTey5MYdV3/L44=
76,22,qr0nsCnLhw5s3CI0K9p+xWuyxxs=,QBXoTuR67rIESG9g+Ap0j366CBw=
64,27,qr0nsCnLhw5s3CI0K9p+xWuyxxs=,wUNSWTxatmcRgUUs9jpE5kH/tYg=
77,19,qr0nsCnLhw5s3CI0K9p+xWuyxxs=,QBXoTuR67rIESG9g+Ap0j366CBw=
69,18,qr0nsCnLhw5s3CI0K9p+xWuyxxs=,Sgzg2c6z3s15TvTey5MYdV3/L44=
70,31,qr0nsCnLhw5s3CI0K9p+xWuyxxs=,wUNSWTxatmcRgUUs9jpE5kH/tYg=
69,31,qr0nsCnLhw5s3CI0K9p+xWuyxxs=,wUNSWTxatmcRgUUs9jpE5kH/tYg=
68,31,qr0nsCnLhw5s3CI0K9p+xWuyxxs=,wUNSWTxatmcRgUUs9jpE5kH/tYg=
67,31,qr0nsCnLhw5s3CI0K9p+xWuyxxs=,wUNSWTxatmcRgUUs9jpE5kH/tYg=
68,20,qr0nsCnLhw5s3CI0K9p+xWuyxxs=,Sgzg2c6z3s15TvTey5MYdV3/L44=
76,19,qr0nsCnLhw5s3CI0K9p+xWuyxxs=,QBXoTuR67rIESG9g+Ap0j366CBw=
66,31,qr0nsCnLhw5s3CI0K9p+xWuyxxs=,wUNSWTxatmcRgUUs9jpE5kH/tYg=
65,31,7kgQI/CN+cQCyTBOu6MpkLwIu6M=,wUNSWTxatmcRgUUs9jpE5kH/tYg=
67,20,7kgQI/CN+cQCyTBOu6MpkLwIu6M=,Sgzg2c6z3s15TvTey5MYdV3/L44=
75,22,7kgQI/CN+cQCyTBOu6MpkLwIu6M=,QBXoTuR67rIESG9g+Ap0j366CBw=
79,16,7kgQI/CN+cQCyTBOu6MpkLwIu6M=,QBXoTuR67rIESG9g+Ap0j366CBw=
64,31,7kgQI/CN+cQCyTBOu6MpkLwIu6M=,wUNSWTxatmcRgUUs9jpE5kH/tYg=
68,18,7kgQI/CN+cQCyTBOu6MpkLwIu6M=,Sgzg2c6z3s15TvTey5MYdV3/L44=
67,18,7kgQI/CN+cQCyTBOu6MpkLwIu6M=,Sgzg2c6z3s15TvTey5MYdV3/L44=
71,30,7kgQI/CN+cQCyTBOu6MpkLwIu6M=,wUNSWTxatmcRgUUs9jpE5kH/tYg=
78,16,7kgQI/CN+cQCyTBOu6MpkLwIu6M=,QBXoTuR67rIESG9g+Ap0j366CBw=
66,20,7kgQI/CN+cQCyTBOu6MpkLwIu6M=,Sgzg2c6z3s15TvTey5MYdV3/L44=
70,30,7kgQI/CN+cQCyTBOu6MpkLwIu6M=,wUNSWTxatmcRgUUs9jpE5kH/tYg=
66,18,7kgQI/CN+cQCyTBOu6MpkLwIu6M=,Sgzg2c6z3s15TvTey5MYdV3/L44=
69,30,7kgQI/CN+cQCyTBOu6MpkLwIu6M=,wUNSWTxatmcRgUUs9jpE5kH/tYg=
75,19,7kgQI/CN+cQCyTBOu6MpkLwIu6M=,QBXoTuR67rIESG9g+Ap0j366CBw=
68,30,7kgQI/CN+cQCyTBOu6MpkLwIu6M=,wUNSWTxatmcRgUUs9jpE5kH/tYg=
69,23,7kgQI/CN+cQCyTBOu6MpkLwIu6M=,Sgzg2c6z3s15TvTey5MYdV3/L44=
78,17,7kgQI/CN+cQCyTBOu6MpkLwIu6M=,QBXoTuR67rIESG9g+Ap0j366CBw=
67,30,7kgQI/CN+cQCyTBOu6MpkLwIu6M=,wUNSWTxatmcRgUUs9jpE5kH/tYg=
65,20,7kgQI/CN+cQCyTBOu6MpkLwIu6M=,Sgzg2c6z3s15TvTey5MYdV3/L44=
71,31,7kgQI/CN+cQCyTBOu6MpkLwIu6M=,wUNSWTxatmcRgUUs9jpE5kH/tYg=
66,30,7kgQI/CN+cQCyTBOu6MpkLwIu6M=,wUNSWTxatmcRgUUs9jpE5kH/tYg=
65,30,7kgQI/CN+cQCyTBOu6MpkLwIu6M=,wUNSWTxatmcRgUUs9jpE5kH/tYg=
77,17,7kgQI/CN+cQCyTBOu6MpkLwIu6M=,QBXoTuR67rIESG9g+Ap0j366CBw=
68,23,7kgQI/CN+cQCyTBOu6MpkLwIu6M=,Sgzg2c6z3s15TvTey5MYdV3/L44=
67,23,7kgQI/CN+cQCyTBOu6MpkLwIu6M=,Sgzg2c6z3s15TvTey5MYdV3/L44=
64,30,7kgQI/CN+cQCyTBOu6MpkLwIu6M=,wUNSWTxatmcRgUUs9jpE5kH/tYg=
79,18,7kgQI/CN+cQCyTBOu6MpkLwIu6M=,QBXoTuR67rIESG9g+Ap0j366CBw=
66,23,7kgQI/CN+cQCyTBOu6MpkLwIu6M=,Sgzg2c6z3s15TvTey5MYdV3/L44=
76,17,7kgQI/CN+cQCyTBOu6MpkLwIu6M=,QBXoTuR67rIESG9g+Ap0j366CBw=
77,16,7kgQI/CN+cQCyTBOu6MpkLwIu6M=,QBXoTuR67rIESG9g+Ap0j366CBw=
65,23,7kgQI/CN+cQCyTBOu6MpkLwIu6M=,Sgzg2c6z3s15TvTey5MYdV3/L44=
64,23,7kgQI/CN+cQCyTBOu6MpkLwIu6M=,Sgzg2c6z3s15TvTey5MYdV3/L44=
76,16,7kgQI/CN+cQCyTBOu6MpkLwIu6M=,QBXoTuR67rIESG9g+Ap0j366CBw=
65,18,7kgQI/CN+cQCyTBOu6MpkLwIu6M=,Sgzg2c6z3s15TvTey5MYdV3/L44=
75,16,7kgQI/CN+cQCyTBOu6MpkLwIu6M=,QBXoTuR67rIESG9g+Ap0j366CBw=
64,18,7kgQI/CN+cQCyTBOu6MpkLwIu6M=,Sgzg2c6z3s15TvTey5MYdV3/L44=
71,17,7kgQI/CN+cQCyTBOu6MpkLwIu6M=,Sgzg2c6z3s15TvTey5MYdV3/L44=
70,17,7kgQI/CN+cQCyTBOu6MpkLwIu6M=,Sgzg2c6z3s15TvTey5MYdV3/L44=
79,21,7kgQI/CN+cQCyTBOu6MpkLwIu6M=,QBXoTuR67rIESG9g+Ap0j366CBw=
78,18,oxeLfM5F8/3GsiaVa9DBIf7V+CM=,QBXoTuR67rIESG9g+Ap0j366CBw=
71,22,oxeLfM5F8/3GsiaVa9DBIf7V+CM=,Sgzg2c6z3s15TvTey5MYdV3/L44=
69,17,oxeLfM5F8/3GsiaVa9DBIf7V+CM=,Sgzg2c6z3s15TvTey5MYdV3/L44=
77,18,oxeLfM5F8/3GsiaVa9DBIf7V+CM=,QBXoTuR67rIESG9g+Ap0j366CBw=
70,22,oxeLfM5F8/3GsiaVa9DBIf7V+CM=,Sgzg2c6z3s15TvTey5MYdV3/L44=
69,22,oxeLfM5F8/3GsiaVa9DBIf7V+CM=,Sgzg2c6z3s15TvTey5MYdV3/L44=
76,18,oxeLfM5F8/3GsiaVa9DBIf7V+CM=,QBXoTuR67rIESG9g+Ap0j366CBw=
68,17,oxeLfM5F8/3GsiaVa9DBIf7V+CM=,Sgzg2c6z3s15TvTey5MYdV3/L44=
75,18,oxeLfM5F8/3GsiaVa9DBIf7V+CM=,QBXoTuR67rIESG9g+Ap0j366CBw=
68,22,oxeLfM5F8/3GsiaVa9DBIf7V+CM=,Sgzg2c6z3s15TvTey5MYdV3/L44=
78,21,oxeLfM5F8/3GsiaVa9DBIf7V+CM=,QBXoTuR67rIESG9g+Ap0j366CBw=
64,20,oxeLfM5F8/3GsiaVa9DBIf7V+CM=,Sgzg2c6z3s15TvTey5MYdV3/L44=
77,21,oxeLfM5F8/3GsiaVa9DBIf7V+CM=,QBXoTuR67rIESG9g+Ap0j366CBw=
76,21,oxeLfM5F8/3GsiaVa9DBIf7V+CM=,QBXoTuR67rIESG9g+Ap0j366CBw=
75,17,oxeLfM5F8/3GsiaVa9DBIf7V+CM=,QBXoTuR67rIESG9g+Ap0j366CBw=
71,19,oxeLfM5F8/3GsiaVa9DBIf7V+CM=,Sgzg2c6z3s15TvTey5MYdV3/L44=
75,21,oxeLfM5F8/3GsiaVa9DBIf7V+CM=,QBXoTuR67rIESG9g+Ap0j366CBw=
70,19,oxeLfM5F8/3GsiaVa9DBIf7V+CM=,Sgzg2c6z3s15TvTey5MYdV3/L44=
67,22,oxeLfM5F8/3GsiaVa9DBIf7V+CM=,Sgzg2c6z3s15TvTey5MYdV3/L44=
79,20,oxeLfM5F8/3GsiaVa9DBIf7V+CM=,QBXoTuR67rIESG9g+Ap0j366CBw=
67,17,oxeLfM5F8/3GsiaVa9DBIf7V+CM=,Sgzg2c6z3s15TvTey5MYdV3/L44=
66,17,oxeLfM5F8/3GsiaVa9DBIf7V+CM=,Sgzg2c6z3s15TvTey5MYdV3/L44=
74,23,oxeLfM5F8/3GsiaVa9DBIf7V+CM=,QBXoTuR67rIESG9g+Ap0j366CBw=
73,23,oxeLfM5F8/3GsiaVa9DBIf7V+CM=,QBXoTuR67rIESG9g+Ap0j366CBw=
66,22,oxeLfM5F8/3GsiaVa9DBIf7V+CM=,Sgzg2c6z3s15TvTey5MYdV3/L44=
72,23,oxeLfM5F8/3GsiaVa9DBIf7V+CM=,QBXoTuR67rIESG9g+Ap0j366CBw=
65,17,oxeLfM5F8/3GsiaVa9DBIf7V+CM=,Sgzg2c6z3s15TvTey5MYdV3/L44=
65,22,G36loZlye/eKJSp29QbVaY1kTj0=,Sgzg2c6z3s15TvTey5MYdV3/L44=
71,26,G36loZlye/eKJSp29QbVaY1kTj0=,wUNSWTxatmcRgUUs9jpE5kH/tYg=
64,17,G36loZlye/eKJSp29QbVaY1kTj0=,Sgzg2c6z3s15TvTey5MYdV3/L44=
71,16,G36loZlye/eKJSp29QbVaY1kTj0=,Sgzg2c6z3s15TvTey5MYdV3/L44=
70,16,G36loZlye/eKJSp29QbVaY1kTj0=,Sgzg2c6z3s15TvTey5MYdV3/L44=
70,26,G36loZlye/eKJSp29QbVaY1kTj0=,wUNSWTxatmcRgUUs9jpE5kH/tYg=
69,16,G36loZlye/eKJSp29QbVaY1kTj0=,Sgzg2c6z3s15TvTey5MYdV3/L44=
68,16,G36loZlye/eKJSp29QbVaY1kTj0=,Sgzg2c6z3s15TvTey5MYdV3/L44=
67,16,G36loZlye/eKJSp29QbVaY1kTj0=,Sgzg2c6z3s15TvTey5MYdV3/L44=
69,26,G36loZlye/eKJSp29QbVaY1kTj0=,wUNSWTxatmcRgUUs9jpE5kH/tYg=
68,26,G36loZlye/eKJSp29QbVaY1kTj0=,wUNSWTxatmcRgUUs9jpE5kH/tYg=
64,22,G36loZlye/eKJSp29QbVaY1kTj0=,Sgzg2c6z3s15TvTey5MYdV3/L44=
71,21,G36loZlye/eKJSp29QbVaY1kTj0=,Sgzg2c6z3s15TvTey5MYdV3/L44=
73,18,G36loZlye/eKJSp29QbVaY1kTj0=,QBXoTuR67rIESG9g+Ap0j366CBw=
72,18,G36loZlye/eKJSp29QbVaY1kTj0=,QBXoTuR67rIESG9g+Ap0j366CBw=
69,19,G36loZlye/eKJSp29QbVaY1kTj0=,Sgzg2c6z3s15TvTey5MYdV3/L44=
68,19,G36loZlye/eKJSp29QbVaY1kTj0=,Sgzg2c6z3s15TvTey5MYdV3/L44=
67,19,G36loZlye/eKJSp29QbVaY1kTj0=,Sgzg2c6z3s15TvTey5MYdV3/L44=
67,26,G36loZlye/eKJSp29QbVaY1kTj0=,wUNSWTxatmcRgUUs9jpE5kH/tYg=
66,26,G36loZlye/eKJSp29QbVaY1kTj0=,wUNSWTxatmcRgUUs9jpE5kH/tYg=
65,26,G36loZlye/eKJSp29QbVaY1kTj0=,wUNSWTxatmcRgUUs9jpE5kH/tYg=
64,26,G36loZlye/eKJSp29QbVaY1kTj0=,wUNSWTxatmcRgUUs9jpE5kH/tYg=
66,16,G36loZlye/eKJSp29QbVaY1kTj0=,Sgzg2c6z3s15TvTey5MYdV3/L44=
65,16,G36loZlye/eKJSp29QbVaY1kTj0=,Sgzg2c6z3s15TvTey5MYdV3/L44=
64,16,G36loZlye/eKJSp29QbVaY1kTj0=,Sgzg2c6z3s15TvTey5MYdV3/L44=
72,20,G36loZlye/eKJSp29QbVaY1kTj0=,QBXoTuR67rIESG9g+Ap0j366CBw=
70,21,G36loZlye/eKJSp29QbVaY1kTj0=,Sgzg2c6z3s15TvTey5MYdV3/L44=
72,17,G36loZlye/eKJSp29QbVaY1kTj0=,QBXoTuR67rIESG9g+Ap0j366CBw=
69,21,rnQABA+8NbyDE0Ov6XOyX2biRdo=,Sgzg2c6z3s15TvTey5MYdV3/L44=
71,25,rnQABA+8NbyDE0Ov6XOyX2biRdo=,wUNSWTxatmcRgUUs9jpE5kH/tYg=
70,25,rnQABA+8NbyDE0Ov6XOyX2biRdo=,wUNSWTxatmcRgUUs9jpE5kH/tYg=
68,21,rnQABA+8NbyDE0Ov6XOyX2biRdo=,Sgzg2c6z3s15TvTey5MYdV3/L44=
67,21,rnQABA+8NbyDE0Ov6XOyX2biRdo=,Sgzg2c6z3s15TvTey5MYdV3/L44=
69,25,rnQABA+8NbyDE0Ov6XOyX2biRdo=,wUNSWTxatmcRgUUs9jpE5kH/tYg=
68,25,rnQABA+8NbyDE0Ov6XOyX2biRdo=,wUNSWTxatmcRgUUs9jpE5kH/tYg=
67,25,rnQABA+8NbyDE0Ov6XOyX2biRdo=,wUNSWTxatmcRgUUs9jpE5kH/tYg=
66,25,rnQABA+8NbyDE0Ov6XOyX2biRdo=,wUNSWTxatmcRgUUs9jpE5kH/tYg=
74,22,rnQABA+8NbyDE0Ov6XOyX2biRdo=,QBXoTuR67rIESG9g+Ap0j366CBw=
65,25,rnQABA+8NbyDE0Ov6XOyX2biRdo=,wUNSWTxatmcRgUUs9jpE5kH/tYg=
74,19,rnQABA+8NbyDE0Ov6XOyX2biRdo=,QBXoTuR67rIESG9g+Ap0j366CBw=
64,25,rnQABA+8NbyDE0Ov6XOyX2biRdo=,wUNSWTxatmcRgUUs9jpE5kH/tYg=
71,24,rnQABA+8NbyDE0Ov6XOyX2biRdo=,wUNSWTxatmcRgUUs9jpE5kH/tYg=
70,24,rnQABA+8NbyDE0Ov6XOyX2biRdo=,wUNSWTxatmcRgUUs9jpE5kH/tYg=
69,24,rnQABA+8NbyDE0Ov6XOyX2biRdo=,wUNSWTxatmcRgUUs9jpE5kH/tYg=
68,24,rnQABA+8NbyDE0Ov6XOyX2biRdo=,wUNSWTxatmcRgUUs9jpE5kH/tYg=
73,19,rnQABA+8NbyDE0Ov6XOyX2biRdo=,QBXoTuR67rIESG9g+Ap0j366CBw=
73,22,rnQABA+8NbyDE0Ov6XOyX2biRdo=,QBXoTuR67rIESG9g+Ap0j366CBw=
67,24,rnQABA+8NbyDE0Ov6XOyX2biRdo=,wUNSWTxatmcRgUUs9jpE5kH/tYg=
72,19,KJdo054D7Mj25L/wXcdBpj9H4ZQ=,QBXoTuR67rIESG9g+Ap0j366CBw=
66,24,KJdo054D7Mj25L/wXcdBpj9H4ZQ=,wUNSWTxatmcRgUUs9jpE5kH/tYg=
65,24,KJdo054D7Mj25L/wXcdBpj9H4ZQ=,wUNSWTxatmcRgUUs9jpE5kH/tYg=
64,24,KJdo054D7Mj25L/wXcdBpj9H4ZQ=,wUNSWTxatmcRgUUs9jpE5kH/tYg=
72,22,KJdo054D7Mj25L/wXcdBpj9H4ZQ=,QBXoTuR67rIESG9g+Ap0j366CBw=
74,18,KJdo054D7Mj25L/wXcdBpj9H4ZQ=,QBXoTuR67rIESG9g+Ap0j366CBw=
74,16,KJdo054D7Mj25L/wXcdBpj9H4ZQ=,QBXoTuR67rIESG9g+Ap0j366CBw=
73,16,KJdo054D7Mj25L/wXcdBpj9H4ZQ=,QBXoTuR67rIESG9g+Ap0j366CBw=
74,17,KJdo054D7Mj25L/wXcdBpj9H4ZQ=,QBXoTuR67rIESG9g+Ap0j366CBw=
72,16,KJdo054D7Mj25L/wXcdBpj9H4ZQ=,QBXoTuR67rIESG9g+Ap0j366CBw=
74,21,KJdo054D7Mj25L/wXcdBpj9H4ZQ=,QBXoTuR67rIESG9g+Ap0j366CBw=
66,19,KJdo054D7Mj25L/wXcdBpj9H4ZQ=,Sgzg2c6z3s15TvTey5MYdV3/L44=
65,19,KJdo054D7Mj25L/wXcdBpj9H4ZQ=,Sgzg2c6z3s15TvTey5MYdV3/L44=
73,17,KJdo054D7Mj25L/wXcdBpj9H4ZQ=,QBXoTuR67rIESG9g+Ap0j366CBw=
73,21,KJdo054D7Mj25L/wXcdBpj9H4ZQ=,QBXoTuR67rIESG9g+Ap0j366CBw=
72,21,KJdo054D7Mj25L/wXcdBpj9H4ZQ=,QBXoTuR67rIESG9g+Ap0j366CBw=
64,19,KJdo054D7Mj25L/wXcdBpj9H4ZQ=,Sgzg2c6z3s15TvTey5MYdV3/L44=
66,21,KJdo054D7Mj25L/wXcdBpj9H4ZQ=,Sgzg2c6z3s15TvTey5MYdV3/L44=
65,21,KJdo054D7Mj25L/wXcdBpj9H4ZQ=,Sgzg2c6z3s15TvTey5MYdV3/L44=
64,21,KJdo054D7Mj25L/wXcdBpj9H4ZQ=,Sgzg2c6z3s15TvTey5MYdV3/L44=
71,20,KJdo054D7Mj25L/wXcdBpj9H4ZQ=,Sgzg2c6z3s15TvTey5MYdV3/L44=
74,20,KJdo054D7Mj25L/wXcdBpj9H4ZQ=,QBXoTuR67rIESG9g+Ap0j366CBw=
73,20,KJdo054D7Mj25L/wXcdBpj9H4ZQ=,QBXoTuR67rIESG9g+Ap0j366CBw=
80,31,QDc9wyG7tYjVxvOKpJlC8EhsYdk=,tqpO+T2j/QQ1d+umWHHviEt5wFM=
87,30,QDc9wyG7tYjVxvOKpJlC8EhsYdk=,tqpO+T2j/QQ1d+umWHHviEt5wFM=
86,30,QDc9wyG7tYjVxvOKpJlC8EhsYdk=,tqpO+T2j/QQ1d+umWHHviEt5wFM=
85,30,QDc9wyG7tYjVxvOKpJlC8EhsYdk=,tqpO+T2j/QQ1d+umWHHviEt5wFM=
84,30,QDc9wyG7tYjVxvOKpJlC8EhsYdk=,tqpO+T2j/QQ1d+umWHHviEt5wFM=
83,30,US5l+XdTJ5czspuSrrxWXTnDZ4k=,tqpO+T2j/QQ1d+umWHHviEt5wFM=
82,30,US5l+XdTJ5czspuSrrxWXTnDZ4k=,tqpO+T2j/QQ1d+umWHHviEt5wFM=
81,30,US5l+XdTJ5czspuSrrxWXTnDZ4k=,tqpO+T2j/QQ1d+umWHHviEt5wFM=
80,30,US5l+XdTJ5czspuSrrxWXTnDZ4k=,tqpO+T2j/QQ1d+umWHHviEt5wFM=
87,29,US5l+XdTJ5czspuSrrxWXTnDZ4k=,tqpO+T2j/QQ1d+umWHHviEt5wFM=
86,29,US5l+XdTJ5czspuSrrxWXTnDZ4k=,tqpO+T2j/QQ1d+umWHHviEt5wFM=
85,29,US5l+XdTJ5czspuSrrxWXTnDZ4k=,tqpO+T2j/QQ1d+umWHHviEt5wFM=
84,29,US5l+XdTJ5czspuSrrxWXTnDZ4k=,tqpO+T2j/QQ1d+umWHHviEt5wFM=
83,29,US5l+XdTJ5czspuSrrxWXTnDZ4k=,tqpO+T2j/QQ1d+umWHHviEt5wFM=
82,29,US5l+XdTJ5czspuSrrxWXTnDZ4k=,tqpO+T2j/QQ1d+umWHHviEt5wFM=
81,29,US5l+XdTJ5czspuSrrxWXTnDZ4k=,tqpO+T2j/QQ1d+umWHHviEt5wFM=
80,29,US5l+XdTJ5czspuSrrxWXTnDZ4k=,tqpO+T2j/QQ1d+umWHHviEt5wFM=
87,28,US5l+XdTJ5czspuSrrxWXTnDZ4k=,tqpO+T2j/QQ1d+umWHHviEt5wFM=
86,28,US5l+XdTJ5czspuSrrxWXTnDZ4k=,tqpO+T2j/QQ1d+umWHHviEt5wFM=
85,28,US5l+XdTJ5czspuSrrxWXTnDZ4k=,tqpO+T2j/QQ1d+umWHHviEt5wFM=
84,28,US5l+XdTJ5czspuSrrxWXTnDZ4k=,tqpO+T2j/QQ1d+umWHHviEt5wFM=
83,28,US5l+XdTJ5czspuSrrxWXTnDZ4k=,tqpO+T2j/QQ1d+umWHHviEt5wFM=
82,28,US5l+XdTJ5czspuSrrxWXTnDZ4k=,tqpO+T2j/QQ1d+umWHHviEt5wFM=
81,28,US5l+XdTJ5czspuSrrxWXTnDZ4k=,tqpO+T2j/QQ1d+umWHHviEt5wFM=
80,28,US5l+XdTJ5czspuSrrxWXTnDZ4k=,tqpO+T2j/QQ1d+umWHHviEt5wFM=
87,27,US5l+XdTJ5czspuSrrxWXTnDZ4k=,tqpO+T2j/QQ1d+umWHHviEt5wFM=
86,27,US5l+XdTJ5czspuSrrxWXTnDZ4k=,tqpO+T2j/QQ1d+umWHHviEt5wFM=
85,27,US5l+XdTJ5czspuSrrxWXTnDZ4k=,tqpO+T2j/QQ1d+umWHHviEt5wFM=
84,27,US5l+XdTJ5czspuSrrxWXTnDZ4k=,tqpO+T2j/QQ1d+umWHHviEt5wFM=
83,27,US5l+XdTJ5czspuSrrxWXTnDZ4k=,tqpO+T2j/QQ1d+umWHHviEt5wFM=
82,27,US5l+XdTJ5czspuSrrxWXTnDZ4k=,tqpO+T2j/QQ1d+umWHHviEt5wFM=
81,27,US5l+XdTJ5czspuSrrxWXTnDZ4k=,tqpO+T2j/QQ1d+umWHHviEt5wFM=
80,27,US5l+XdTJ5czspuSrrxWXTnDZ4k=,tqpO+T2j/QQ1d+umWHHviEt5wFM=
87,31,US5l+XdTJ5czspuSrrxWXTnDZ4k=,tqpO+T2j/QQ1d+umWHHviEt5wFM=
86,31,US5l+XdTJ5czspuSrrxWXTnDZ4k=,tqpO+T2j/QQ1d+umWHHviEt5wFM=
85,31,US5l+XdTJ5czspuSrrxWXTnDZ4k=,tqpO+T2j/QQ1d+umWHHviEt5wFM=
84,31,US5l+XdTJ5czspuSrrxWXTnDZ4k=,tqpO+T2j/QQ1d+umWHHviEt5wFM=
83,31,US5l+XdTJ5czspuSrrxWXTnDZ4k=,tqpO+T2j/QQ1d+umWHHviEt5wFM=
82,31,US5l+XdTJ5czspuSrrxWXTnDZ4k=,tqpO+T2j/QQ1d+umWHHviEt5wFM=
81,31,US5l+XdTJ5czspuSrrxWXTnDZ4k=,tqpO+T2j/QQ1d+umWHHviEt5wFM=
95,21,bBeMbYmCnGbii4NPPR/smaywP6E=,R8jvZbrFLgGMcz6rKTdRSff7G90=
94,21,bBeMbYmCnGbii4NPPR/smaywP6E=,R8jvZbrFLgGMcz6rKTdRSff7G90=
93,21,bBeMbYmCnGbii4NPPR/smaywP6E=,R8jvZbrFLgGMcz6rKTdRSff7G90=
92,21,bBeMbYmCnGbii4NPPR/smaywP6E=,R8jvZbrFLgGMcz6rKTdRSff7G90=
91,21,bBeMbYmCnGbii4NPPR/smaywP6E=,R8jvZbrFLgGMcz6rKTdRSff7G90=
95,20,bBeMbYmCnGbii4NPPR/smaywP6E=,R8jvZbrFLgGMcz6rKTdRSff7G90=
94,20,bBeMbYmCnGbii4NPPR/smaywP6E=,R8jvZbrFLgGMcz6rKTdRSff7G90=
90,21,bBeMbYmCnGbii4NPPR/smaywP6E=,R8jvZbrFLgGMcz6rKTdRSff7G90=
89,21,bBeMbYmCnGbii4NPPR/smaywP6E=,R8jvZbrFLgGMcz6rKTdRSff7G90=
88,21,bBeMbYmCnGbii4NPPR/smaywP6E=,R8jvZbrFLgGMcz6rKTdRSff7G90=
93,20,bBeMbYmCnGbii4NPPR/smaywP6E=,R8jvZbrFLgGMcz6rKTdRSff7G90=
92,20,bBeMbYmCnGbii4NPPR/smaywP6E=,R8jvZbrFLgGMcz6rKTdRSff7G90=
90,20,bBeMbYmCnGbii4NPPR/smaywP6E=,R8jvZbrFLgGMcz6rKTdRSff7G90=
89,20,bBeMbYmCnGbii4NPPR/smaywP6E=,R8jvZbrFLgGMcz6rKTdRSff7G90=
91,20,bBeMbYmCnGbii4NPPR/smaywP6E=,R8jvZbrFLgGMcz6rKTdRSff7G90=
88,20,bBeMbYmCnGbii4NPPR/smaywP6E=,R8jvZbrFLgGMcz6rKTdRSff7G90=
87,26,bBeMbYmCnGbii4NPPR/smaywP6E=,tqpO+T2j/QQ1d+umWHHviEt5wFM=
86,26,tUicZfqxZUZJxEfVGqLPymOnHH4=,tqpO+T2j/QQ1d+umWHHviEt5wFM=
95,19,tUicZfqxZUZJxEfVGqLPymOnHH4=,R8jvZbrFLgGMcz6rKTdRSff7G90=
85,26,tUicZfqxZUZJxEfVGqLPymOnHH4=,tqpO+T2j/QQ1d+umWHHviEt5wFM=
84,26,tUicZfqxZUZJxEfVGqLPymOnHH4=,tqpO+T2j/QQ1d+umWHHviEt5wFM=
83,26,tUicZfqxZUZJxEfVGqLPymOnHH4=,tqpO+T2j/QQ1d+umWHHviEt5wFM=
82,26,tUicZfqxZUZJxEfVGqLPymOnHH4=,tqpO+T2j/QQ1d+umWHHviEt5wFM=
81,26,tUicZfqxZUZJxEfVGqLPymOnHH4=,tqpO+T2j/QQ1d+umWHHviEt5wFM=
94,19,tUicZfqxZUZJxEfVGqLPymOnHH4=,R8jvZbrFLgGMcz6rKTdRSff7G90=
80,26,tUicZfqxZUZJxEfVGqLPymOnHH4=,tqpO+T2j/QQ1d+umWHHviEt5wFM=
87,25,tUicZfqxZUZJxEfVGqLPymOnHH4=,tqpO+T2j/QQ1d+umWHHviEt5wFM=
86,25,tUicZfqxZUZJxEfVGqLPymOnHH4=,tqpO+T2j/QQ1d+umWHHviEt5wFM=
85,25,tUicZfqxZUZJxEfVGqLPymOnHH4=,tqpO+T2j/QQ1d+umWHHviEt5wFM=
84,25,tUicZfqxZUZJxEfVGqLPymOnHH4=,tqpO+T2j/QQ1d+umWHHviEt5wFM=
93,19,tUicZfqxZUZJxEfVGqLPymOnHH4=,R8jvZbrFLgGMcz6rKTdRSff7G90=
83,25,tUicZfqxZUZJxEfVGqLPymOnHH4=,tqpO+T2j/QQ1d+umWHHviEt5wFM=
82,25,tUicZfqxZUZJxEfVGqLPymOnHH4=,tqpO+T2j/QQ1d+umWHHviEt5wFM=
92,19,tUicZfqxZUZJxEfVGqLPymOnHH4=,R8jvZbrFLgGMcz6rKTdRSff7G90=
90,19,tUicZfqxZUZJxEfVGqLPymOnHH4=,R8jvZbrFLgGMcz6rKTdRSff7G90=
89,19,tUicZfqxZUZJxEfVGqLPymOnHH4=,R8jvZbrFLgGMcz6rKTdRSff7G90=
91,19,tUicZfqxZUZJxEfVGqLPymOnHH4=,R8jvZbrFLgGMcz6rKTdRSff7G90=
81,25,tUicZfqxZUZJxEfVGqLPymOnHH4=,tqpO+T2j/QQ1d+umWHHviEt5wFM=
88,19,tUicZfqxZUZJxEfVGqLPymOnHH4=,R8jvZbrFLgGMcz6rKTdRSff7G90=
95,18,tUicZfqxZUZJxEfVGqLPymOnHH4=,R8jvZbrFLgGMcz6rKTdRSff7G90=
80,25,tUicZfqxZUZJxEfVGqLPymOnHH4=,tqpO+T2j/QQ1d+umWHHviEt5wFM=
87,24,tUicZfqxZUZJxEfVGqLPymOnHH4=,tqpO+T2j/QQ1d+umWHHviEt5wFM=
86,24,tUicZfqxZUZJxEfVGqLPymOnHH4=,tqpO+T2j/QQ1d+umWHHviEt5wFM=
85,24,tUicZfqxZUZJxEfVGqLPymOnHH4=,tqpO+T2j/QQ1d+umWHHviEt5wFM=
84,24,tUicZfqxZUZJxEfVGqLPymOnHH4=,tqpO+T2j/QQ1d+umWHHviEt5wFM=
94,18,tUicZfqxZUZJxEfVGqLPymOnHH4=,R8jvZbrFLgGMcz6rKTdRSff7G90=
83,24,tUicZfqxZUZJxEfVGqLPymOnHH4=,tqpO+T2j/QQ1d+umWHHviEt5wFM=
82,24,tUicZfqxZUZJxEfVGqLPymOnHH4=,tqpO+T2j/QQ1d+umWHHviEt5wFM=
93,18,tUicZfqxZUZJxEfVGqLPymOnHH4=,R8jvZbrFLgGMcz6rKTdRSff7G90=
81,24,tUicZfqxZUZJxEfVGqLPymOnHH4=,tqpO+T2j/QQ1d+umWHHviEt5wFM=
80,24,tUicZfqxZUZJxEfVGqLPymOnHH4=,tqpO+T2j/QQ1d+umWHHviEt5wFM=
92,18,tUicZfqxZUZJxEfVGqLPymOnHH4=,R8jvZbrFLgGMcz6rKTdRSff7G90=
90,18,tUicZfqxZUZJxEfVGqLPymOnHH4=,R8jvZbrFLgGMcz6rKTdRSff7G90=
91,18,tUicZfqxZUZJxEfVGqLPymOnHH4=,R8jvZbrFLgGMcz6rKTdRSff7G90=
95,17,tUicZfqxZUZJxEfVGqLPymOnHH4=,R8jvZbrFLgGMcz6rKTdRSff7G90=
89,18,tUicZfqxZUZJxEfVGqLPymOnHH4=,R8jvZbrFLgGMcz6rKTdRSff7G90=
87,23,tUicZfqxZUZJxEfVGqLPymOnHH4=,OJC5pN2o0GH0wfzEEbcf9sJ1P2I=
86,23,tUicZfqxZUZJxEfVGqLPymOnHH4=,OJC5pN2o0GH0wfzEEbcf9sJ1P2I=
94,17,tUicZfqxZUZJxEfVGqLPymOnHH4=,R8jvZbrFLgGMcz6rKTdRSff7G90=
85,23,tUicZfqxZUZJxEfVGqLPymOnHH4=,OJC5pN2o0GH0wfzEEbcf9sJ1P2I=
93,17,tUicZfqxZUZJxEfVGqLPymOnHH4=,R8jvZbrFLgGMcz6rKTdRSff7G90=
84,23,tUicZfqxZUZJxEfVGqLPymOnHH4=,OJC5pN2o0GH0wfzEEbcf9sJ1P2I=
92,17,tUicZfqxZUZJxEfVGqLPymOnHH4=,R8jvZbrFLgGMcz6rKTdRSff7G90=
83,23,tUicZfqxZUZJxEfVGqLPymOnHH4=,OJC5pN2o0GH0wfzEEbcf9sJ1P2I=
91,17,tUicZfqxZUZJxEfVGqLPymOnHH4=,R8jvZbrFLgGMcz6rKTdRSff7G90=
82,23,tUicZfqxZUZJxEfVGqLPymOnHH4=,OJC5pN2o0GH0wfzEEbcf9sJ1P2I=
95,23,tUicZfqxZUZJxEfVGqLPymOnHH4=,R8jvZbrFLgGMcz6rKTdRSff7G90=
81,23,tUicZfqxZUZJxEfVGqLPymOnHH4=,OJC5pN2o0GH0wfzEEbcf9sJ1P2I=
94,23,tUicZfqxZUZJxEfVGqLPymOnHH4=,R8jvZbrFLgGMcz6rKTdRSff7G90=
80,23,tUicZfqxZUZJxEfVGqLPymOnHH4=,OJC5pN2o0GH0wfzEEbcf9sJ1P2I=
93,23,tUicZfqxZUZJxEfVGqLPymOnHH4=,R8jvZbrFLgGMcz6rKTdRSff7G90=
87,22,tUicZfqxZUZJxEfVGqLPymOnHH4=,OJC5pN2o0GH0wfzEEbcf9sJ1P2I=
95,16,tUicZfqxZUZJxEfVGqLPymOnHH4=,R8jvZbrFLgGMcz6rKTdRSff7G90=
92,23,tUicZfqxZUZJxEfVGqLPymOnHH4=,R8jvZbrFLgGMcz6rKTdRSff7G90=
94,16,tUicZfqxZUZJxEfVGqLPymOnHH4=,R8jvZbrFLgGMcz6rKTdRSff7G90=
93,16,tUicZfqxZUZJxEfVGqLPymOnHH4=,R8jvZbrFLgGMcz6rKTdRSff7G90=
92,16,tUicZfqxZUZJxEfVGqLPymOnHH4=,R8jvZbrFLgGMcz6rKTdRSff7G90=
91,16,tUicZfqxZUZJxEfVGqLPymOnHH4=,R8jvZbrFLgGMcz6rKTdRSff7G90=
88,18,tUicZfqxZUZJxEfVGqLPymOnHH4=,R8jvZbrFLgGMcz6rKTdRSff7G90=
91,23,tUicZfqxZUZJxEfVGqLPymOnHH4=,R8jvZbrFLgGMcz6rKTdRSff7G90=
86,22,tUicZfqxZUZJxEfVGqLPymOnHH4=,OJC5pN2o0GH0wfzEEbcf9sJ1P2I=
95,22,tUicZfqxZUZJxEfVGqLPymOnHH4=,R8jvZbrFLgGMcz6rKTdRSff7G90=
94,22,tUicZfqxZUZJxEfVGqLPymOnHH4=,R8jvZbrFLgGMcz6rKTdRSff7G90=
90,17,tUicZfqxZUZJxEfVGqLPymOnHH4=,R8jvZbrFLgGMcz6rKTdRSff7G90=
93,22,tUicZfqxZUZJxEfVGqLPymOnHH4=,R8jvZbrFLgGMcz6rKTdRSff7G90=
92,22,tUicZfqxZUZJxEfVGqLPymOnHH4=,R8jvZbrFLgGMcz6rKTdRSff7G90=
89,17,tUicZfqxZUZJxEfVGqLPymOnHH4=,R8jvZbrFLgGMcz6rKTdRSff7G90=
91,22,tUicZfqxZUZJxEfVGqLPymOnHH4=,R8jvZbrFLgGMcz6rKTdRSff7G90=
85,22,tUicZfqxZUZJxEfVGqLPymOnHH4=,OJC5pN2o0GH0wfzEEbcf9sJ1P2I=
84,22,tUicZfqxZUZJxEfVGqLPymOnHH4=,OJC5pN2o0GH0wfzEEbcf9sJ1P2I=
83,22,tUicZfqxZUZJxEfVGqLPymOnHH4=,OJC5pN2o0GH0wfzEEbcf9sJ1P2I=
82,22,tUicZfqxZUZJxEfVGqLPymOnHH4=,OJC5pN2o0GH0wfzEEbcf9sJ1P2I=
81,22,sTOYB5cAsBO9q26qsGKa48/zi3Q=,OJC5pN2o0GH0wfzEEbcf9sJ1P2I=
80,22,sTOYB5cAsBO9q26qsGKa48/zi3Q=,OJC5pN2o0GH0wfzEEbcf9sJ1P2I=
87,21,sTOYB5cAsBO9q26qsGKa48/zi3Q=,OJC5pN2o0GH0wfzEEbcf9sJ1P2I=
86,21,sTOYB5cAsBO9q26qsGKa48/zi3Q=,OJC5pN2o0GH0wfzEEbcf9sJ1P2I=
88,17,sTOYB5cAsBO9q26qsGKa48/zi3Q=,R8jvZbrFLgGMcz6rKTdRSff7G90=
85,21,sTOYB5cAsBO9q26qsGKa48/zi3Q=,OJC5pN2o0GH0wfzEEbcf9sJ1P2I=
84,21,sTOYB5cAsBO9q26qsGKa48/zi3Q=,OJC5pN2o0GH0wfzEEbcf9sJ1P2I=
83,21,sTOYB5cAsBO9q26qsGKa48/zi3Q=,OJC5pN2o0GH0wfzEEbcf9sJ1P2I=
82,21,sTOYB5cAsBO9q26qsGKa48/zi3Q=,OJC5pN2o0GH0wfzEEbcf9sJ1P2I=
81,21,sTOYB5cAsBO9q26qsGKa48/zi3Q=,OJC5pN2o0GH0wfzEEbcf9sJ1P2I=
80,21,sTOYB5cAsBO9q26qsGKa48/zi3Q=,OJC5pN2o0GH0wfzEEbcf9sJ1P2I=
87,20,sTOYB5cAsBO9q26qsGKa48/zi3Q=,OJC5pN2o0GH0wfzEEbcf9sJ1P2I=
86,20,sTOYB5cAsBO9q26qsGKa48/zi3Q=,OJC5pN2o0GH0wfzEEbcf9sJ1P2I=
85,20,sTOYB5cAsBO9q26qsGKa48/zi3Q=,OJC5pN2o0GH0wfzEEbcf9sJ1P2I=
84,20,sTOYB5cAsBO9q26qsGKa48/zi3Q=,OJC5pN2o0GH0wfzEEbcf9sJ1P2I=
83,20,sTOYB5cAsBO9q26qsGKa48/zi3Q=,OJC5pN2o0GH0wfzEEbcf9sJ1P2I=
90,16,sTOYB5cAsBO9q26qsGKa48/zi3Q=,R8jvZbrFLgGMcz6rKTdRSff7G90=
90,23,sTOYB5cAsBO9q26qsGKa48/zi3Q=,R8jvZbrFLgGMcz6rKTdRSff7G90=
89,23,sTOYB5cAsBO9q26qsGKa48/zi3Q=,R8jvZbrFLgGMcz6rKTdRSff7G90=
82,20,sTOYB5cAsBO9q26qsGKa48/zi3Q=,OJC5pN2o0GH0wfzEEbcf9sJ1P2I=
81,20,sTOYB5cAsBO9q26qsGKa48/zi3Q=,OJC5pN2o0GH0wfzEEbcf9sJ1P2I=
80,20,sTOYB5cAsBO9q26qsGKa48/zi3Q=,OJC5pN2o0GH0wfzEEbcf9sJ1P2I=
87,19,sTOYB5cAsBO9q26qsGKa48/zi3Q=,OJC5pN2o0GH0wfzEEbcf9sJ1P2I=
86,19,sTOYB5cAsBO9q26qsGKa48/zi3Q=,OJC5pN2o0GH0wfzEEbcf9sJ1P2I=
85,19,sTOYB5cAsBO9q26qsGKa48/zi3Q=,OJC5pN2o0GH0wfzEEbcf9sJ1P2I=
84,19,sTOYB5cAsBO9q26qsGKa48/zi3Q=,OJC5pN2o0GH0wfzEEbcf9sJ1P2I=
83,19,sTOYB5cAsBO9q26qsGKa48/zi3Q=,OJC5pN2o0GH0wfzEEbcf9sJ1P2I=
88,23,sTOYB5cAsBO9q26qsGKa48/zi3Q=,R8jvZbrFLgGMcz6rKTdRSff7G90=
89,16,sTOYB5cAsBO9q26qsGKa48/zi3Q=,R8jvZbrFLgGMcz6rKTdRSff7G90=
88,16,sTOYB5cAsBO9q26qsGKa48/zi3Q=,R8jvZbrFLgGMcz6rKTdRSff7G90=
82,19,sTOYB5cAsBO9q26qsGKa48/zi3Q=,OJC5pN2o0GH0wfzEEbcf9sJ1P2I=
81,19,sTOYB5cAsBO9q26qsGKa48/zi3Q=,OJC5pN2o0GH0wfzEEbcf9sJ1P2I=
80,19,sTOYB5cAsBO9q26qsGKa48/zi3Q=,OJC5pN2o0GH0wfzEEbcf9sJ1P2I=
87,18,sTOYB5cAsBO9q26qsGKa48/zi3Q=,OJC5pN2o0GH0wfzEEbcf9sJ1P2I=
86,18,sTOYB5cAsBO9q26qsGKa48/zi3Q=,OJC5pN2o0GH0wfzEEbcf9sJ1P2I=
85,18,sTOYB5cAsBO9q26qsGKa48/zi3Q=,OJC5pN2o0GH0wfzEEbcf9sJ1P2I=
84,18,sTOYB5cAsBO9q26qsGKa48/zi3Q=,OJC5pN2o0GH0wfzEEbcf9sJ1P2I=
83,18,99Fp5iwZ+/EeD8NNpZC84DmiJt4=,OJC5pN2o0GH0wfzEEbcf9sJ1P2I=
82,18,99Fp5iwZ+/EeD8NNpZC84DmiJt4=,OJC5pN2o0GH0wfzEEbcf9sJ1P2I=
81,18,99Fp5iwZ+/EeD8NNpZC84DmiJt4=,OJC5pN2o0GH0wfzEEbcf9sJ1P2I=
80,18,99Fp5iwZ+/EeD8NNpZC84DmiJt4=,OJC5pN2o0GH0wfzEEbcf9sJ1P2I=
87,17,99Fp5iwZ+/EeD8NNpZC84DmiJt4=,OJC5pN2o0GH0wfzEEbcf9sJ1P2I=
86,17,99Fp5iwZ+/EeD8NNpZC84DmiJt4=,OJC5pN2o0GH0wfzEEbcf9sJ1P2I=
85,17,99Fp5iwZ+/EeD8NNpZC84DmiJt4=,OJC5pN2o0GH0wfzEEbcf9sJ1P2I=
84,17,99Fp5iwZ+/EeD8NNpZC84DmiJt4=,OJC5pN2o0GH0wfzEEbcf9sJ1P2I=
83,17,99Fp5iwZ+/EeD8NNpZC84DmiJt4=,OJC5pN2o0GH0wfzEEbcf9sJ1P2I=
82,17,99Fp5iwZ+/EeD8NNpZC84DmiJt4=,OJC5pN2o0GH0wfzEEbcf9sJ1P2I=
81,17,99Fp5iwZ+/EeD8NNpZC84DmiJt4=,OJC5pN2o0GH0wfzEEbcf9sJ1P2I=
80,17,99Fp5iwZ+/EeD8NNpZC84DmiJt4=,OJC5pN2o0GH0wfzEEbcf9sJ1P2I=
87,16,99Fp5iwZ+/EeD8NNpZC84DmiJt4=,OJC5pN2o0GH0wfzEEbcf9sJ1P2I=
86,16,99Fp5iwZ+/EeD8NNpZC84DmiJt4=,OJC5pN2o0GH0wfzEEbcf9sJ1P2I=
85,16,99Fp5iwZ+/EeD8NNpZC84DmiJt4=,OJC5pN2o0GH0wfzEEbcf9sJ1P2I=
90,22,99Fp5iwZ+/EeD8NNpZC84DmiJt4=,R8jvZbrFLgGMcz6rKTdRSff7G90=
84,16,99Fp5iwZ+/EeD8NNpZC84DmiJt4=,OJC5pN2o0GH0wfzEEbcf9sJ1P2I=
83,16,99Fp5iwZ+/EeD8NNpZC84DmiJt4=,OJC5pN2o0GH0wfzEEbcf9sJ1P2I=
82,16,99Fp5iwZ+/EeD8NNpZC84DmiJt4=,OJC5pN2o0GH0wfzEEbcf9sJ1P2I=
89,22,99Fp5iwZ+/EeD8NNpZC84DmiJt4=,R8jvZbrFLgGMcz6rKTdRSff7G90=
81,16,99Fp5iwZ+/EeD8NNpZC84DmiJt4=,OJC5pN2o0GH0wfzEEbcf9sJ1P2I=
88,22,99Fp5iwZ+/EeD8NNpZC84DmiJt4=,R8jvZbrFLgGMcz6rKTdRSff7G90=
80,16,99Fp5iwZ+/EeD8NNpZC84DmiJt4=,OJC5pN2o0GH0wfzEEbcf9sJ1P2I=
95,11,99Fp5iwZ+/EeD8NNpZC84DmiJt4=,GQJCnlr+C4E9KyyrfS4YYPjPjlQ=
94,11,99Fp5iwZ+/EeD8NNpZC84DmiJt4=,GQJCnlr+C4E9KyyrfS4YYPjPjlQ=
93,11,99Fp5iwZ+/EeD8NNpZC84DmiJt4=,GQJCnlr+C4E9KyyrfS4YYPjPjlQ=
92,11,99Fp5iwZ+/EeD8NNpZC84DmiJt4=,GQJCnlr+C4E9KyyrfS4YYPjPjlQ=
91,11,99Fp5iwZ+/EeD8NNpZC84DmiJt4=,GQJCnlr+C4E9KyyrfS4YYPjPjlQ=
95,12,0NRhowja4CZEMswCQrymARckwWk=,GQJCnlr+C4E9KyyrfS4YYPjPjlQ=
94,12,0NRhowja4CZEMswCQrymARckwWk=,GQJCnlr+C4E9KyyrfS4YYPjPjlQ=
93,12,0NRhowja4CZEMswCQrymARckwWk=,GQJCnlr+C4E9KyyrfS4YYPjPjlQ=
92,12,0NRhowja4CZEMswCQrymARckwWk=,GQJCnlr+C4E9KyyrfS4YYPjPjlQ=
91,12,0NRhowja4CZEMswCQrymARckwWk=,GQJCnlr+C4E9KyyrfS4YYPjPjlQ=
95,10,0NRhowja4CZEMswCQrymARckwWk=,GQJCnlr+C4E9KyyrfS4YYPjPjlQ=
94,10,0NRhowja4CZEMswCQrymARckwWk=,GQJCnlr+C4E9KyyrfS4YYPjPjlQ=
93,10,0NRhowja4CZEMswCQrymARckwWk=,GQJCnlr+C4E9KyyrfS4YYPjPjlQ=
92,10,0NRhowja4CZEMswCQrymARckwWk=,GQJCnlr+C4E9KyyrfS4YYPjPjlQ=
91,10,0NRhowja4CZEMswCQrymARckwWk=,GQJCnlr+C4E9KyyrfS4YYPjPjlQ=
88,12,0NRhowja4CZEMswCQrymARckwWk=,GQJCnlr+C4E9KyyrfS4YYPjPjlQ=
95,9,0NRhowja4CZEMswCQrymARckwWk=,GQJCnlr+C4E9KyyrfS4YYPjPjlQ=
90,11,0NRhowja4CZEMswCQrymARckwWk=,GQJCnlr+C4E9KyyrfS4YYPjPjlQ=
95,13,0NRhowja4CZEMswCQrymARckwWk=,GQJCnlr+C4E9KyyrfS4YYPjPjlQ=
94,9,0NRhowja4CZEMswCQrymARckwWk=,GQJCnlr+C4E9KyyrfS4YYPjPjlQ=
89,11,0NRhowja4CZEMswCQrymARckwWk=,GQJCnlr+C4E9KyyrfS4YYPjPjlQ=
94,13,0NRhowja4CZEMswCQrymARckwWk=,GQJCnlr+C4E9KyyrfS4YYPjPjlQ=
93,9,0NRhowja4CZEMswCQrymARckwWk=,GQJCnlr+C4E9KyyrfS4YYPjPjlQ=
88,11,0NRhowja4CZEMswCQrymARckwWk=,GQJCnlr+C4E9KyyrfS4YYPjPjlQ=
93,13,0NRhowja4CZEMswCQrymARckwWk=,GQJCnlr+C4E9KyyrfS4YYPjPjlQ=
92,9,0NRhowja4CZEMswCQrymARckwWk=,GQJCnlr+C4E9KyyrfS4YYPjPjlQ=
90,10,0NRhowja4CZEMswCQrymARckwWk=,GQJCnlr+C4E9KyyrfS4YYPjPjlQ=
92,13,0NRhowja4CZEMswCQrymARckwWk=,GQJCnlr+C4E9KyyrfS4YYPjPjlQ=
89,10,0NRhowja4CZEMswCQrymARckwWk=,GQJCnlr+C4E9KyyrfS4YYPjPjlQ=
91,9,0NRhowja4CZEMswCQrymARckwWk=,GQJCnlr+C4E9KyyrfS4YYPjPjlQ=
91,13,0NRhowja4CZEMswCQrymARckwWk=,GQJCnlr+C4E9KyyrfS4YYPjPjlQ=
88,10,0NRhowja4CZEMswCQrymARckwWk=,GQJCnlr+C4E9KyyrfS4YYPjPjlQ=
95,15,0NRhowja4CZEMswCQrymARckwWk=,GQJCnlr+C4E9KyyrfS4YYPjPjlQ=
95,8,0NRhowja4CZEMswCQrymARckwWk=,GQJCnlr+C4E9KyyrfS4YYPjPjlQ=
87,15,0NRhowja4CZEMswCQrymARckwWk=,XpiKmKeeV9c3QD6l8wCo6cWJ0j0=
94,15,0NRhowja4CZEMswCQrymARckwWk=,GQJCnlr+C4E9KyyrfS4YYPjPjlQ=
94,8,0NRhowja4CZEMswCQrymARckwWk=,GQJCnlr+C4E9KyyrfS4YYPjPjlQ=
90,9,0NRhowja4CZEMswCQrymARckwWk=,GQJCnlr+C4E9KyyrfS4YYPjPjlQ=
93,15,0NRhowja4CZEMswCQrymARckwWk=,GQJCnlr+C4E9KyyrfS4YYPjPjlQ=
93,8,0NRhowja4CZEMswCQrymARckwWk=,GQJCnlr+C4E9KyyrfS4YYPjPjlQ=
89,9,0NRhowja4CZEMswCQrymARckwWk=,GQJCnlr+C4E9KyyrfS4YYPjPjlQ=
86,15,0NRhowja4CZEMswCQrymARckwWk=,XpiKmKeeV9c3QD6l8wCo6cWJ0j0=
92,15,0NRhowja4CZEMswCQrymARckwWk=,GQJCnlr+C4E9KyyrfS4YYPjPjlQ=
88,9,0NRhowja4CZEMswCQrymARckwWk=,GQJCnlr+C4E9KyyrfS4YYPjPjlQ=
92,8,0NRhowja4CZEMswCQrymARckwWk=,GQJCnlr+C4E9KyyrfS4YYPjPjlQ=
85,15,0NRhowja4CZEMswCQrymARckwWk=,XpiKmKeeV9c3QD6l8wCo6cWJ0j0=
91,15,0NRhowja4CZEMswCQrymARckwWk=,GQJCnlr+C4E9KyyrfS4YYPjPjlQ=
90,8,0NRhowja4CZEMswCQrymARckwWk=,GQJCnlr+C4E9KyyrfS4YYPjPjlQ=
91,8,0NRhowja4CZEMswCQrymARckwWk=,GQJCnlr+C4E9KyyrfS4YYPjPjlQ=
89,8,0NRhowja4CZEMswCQrymARckwWk=,GQJCnlr+C4E9KyyrfS4YYPjPjlQ=
84,15,0NRhowja4CZEMswCQrymARckwWk=,XpiKmKeeV9c3QD6l8wCo6cWJ0j0=
95,14,0NRhowja4CZEMswCQrymARckwWk=,GQJCnlr+C4E9KyyrfS4YYPjPjlQ=
88,8,0NRhowja4CZEMswCQrymARckwWk=,GQJCnlr+C4E9KyyrfS4YYPjPjlQ=
94,14,0NRhowja4CZEMswCQrymARckwWk=,GQJCnlr+C4E9KyyrfS4YYPjPjlQ=
83,15,0NRhowja4CZEMswCQrymARckwWk=,XpiKmKeeV9c3QD6l8wCo6cWJ0j0=
87,12,0NRhowja4CZEMswCQrymARckwWk=,XpiKmKeeV9c3QD6l8wCo6cWJ0j0=
93,14,0NRhowja4CZEMswCQrymARckwWk=,GQJCnlr+C4E9KyyrfS4YYPjPjlQ=
82,15,0NRhowja4CZEMswCQrymARckwWk=,XpiKmKeeV9c3QD6l8wCo6cWJ0j0=
92,14,0NRhowja4CZEMswCQrymARckwWk=,GQJCnlr+C4E9KyyrfS4YYPjPjlQ=
86,12,0NRhowja4CZEMswCQrymARckwWk=,XpiKmKeeV9c3QD6l8wCo6cWJ0j0=
81,15,0NRhowja4CZEMswCQrymARckwWk=,XpiKmKeeV9c3QD6l8wCo6cWJ0j0=
91,14,0NRhowja4CZEMswCQrymARckwWk=,GQJCnlr+C4E9KyyrfS4YYPjPjlQ=
80,15,0NRhowja4CZEMswCQrymARckwWk=,XpiKmKeeV9c3QD6l8wCo6cWJ0j0=
85,12,0NRhowja4CZEMswCQrymARckwWk=,XpiKmKeeV9c3QD6l8wCo6cWJ0j0=
87,14,0NRhowja4CZEMswCQrymARckwWk=,XpiKmKeeV9c3QD6l8wCo6cWJ0j0=
84,12,0NRhowja4CZEMswCQrymARckwWk=,XpiKmKeeV9c3QD6l8wCo6cWJ0j0=
83,12,0NRhowja4CZEMswCQrymARckwWk=,XpiKmKeeV9c3QD6l8wCo6cWJ0j0=
86,14,0NRhowja4CZEMswCQrymARckwWk=,XpiKmKeeV9c3QD6l8wCo6cWJ0j0=
82,12,0NRhowja4CZEMswCQrymARckwWk=,XpiKmKeeV9c3QD6l8wCo6cWJ0j0=
85,14,0NRhowja4CZEMswCQrymARckwWk=,XpiKmKeeV9c3QD6l8wCo6cWJ0j0=
81,12,0NRhowja4CZEMswCQrymARckwWk=,XpiKmKeeV9c3QD6l8wCo6cWJ0j0=
84,14,0NRhowja4CZEMswCQrymARckwWk=,XpiKmKeeV9c3QD6l8wCo6cWJ0j0=
80,12,0NRhowja4CZEMswCQrymARckwWk=,XpiKmKeeV9c3QD6l8wCo6cWJ0j0=
83,14,0NRhowja4CZEMswCQrymARckwWk=,XpiKmKeeV9c3QD6l8wCo6cWJ0j0=
87,11,0NRhowja4CZEMswCQrymARckwWk=,XpiKmKeeV9c3QD6l8wCo6cWJ0j0=
82,14,0NRhowja4CZEMswCQrymARckwWk=,XpiKmKeeV9c3QD6l8wCo6cWJ0j0=
81,14,0NRhowja4CZEMswCQrymARckwWk=,XpiKmKeeV9c3QD6l8wCo6cWJ0j0=
86,11,0NRhowja4CZEMswCQrymARckwWk=,XpiKmKeeV9c3QD6l8wCo6cWJ0j0=
80,14,0NRhowja4CZEMswCQrymARckwWk=,XpiKmKeeV9c3QD6l8wCo6cWJ0j0=
85,11,0NRhowja4CZEMswCQrymARckwWk=,XpiKmKeeV9c3QD6l8wCo6cWJ0j0=
87,13,0NRhowja4CZEMswCQrymARckwWk=,XpiKmKeeV9c3QD6l8wCo6cWJ0j0=
84,11,0NRhowja4CZEMswCQrymARckwWk=,XpiKmKeeV9c3QD6l8wCo6cWJ0j0=
86,13,0NRhowja4CZEMswCQrymARckwWk=,XpiKmKeeV9c3QD6l8wCo6cWJ0j0=
83,11,0NRhowja4CZEMswCQrymARckwWk=,XpiKmKeeV9c3QD6l8wCo6cWJ0j0=
85,13,0NRhowja4CZEMswCQrymARckwWk=,XpiKmKeeV9c3QD6l8wCo6cWJ0j0=
82,11,0NRhowja4CZEMswCQrymARckwWk=,XpiKmKeeV9c3QD6l8wCo6cWJ0j0=
84,13,0NRhowja4CZEMswCQrymARckwWk=,XpiKmKeeV9c3QD6l8wCo6cWJ0j0=
81,11,0NRhowja4CZEMswCQrymARckwWk=,XpiKmKeeV9c3QD6l8wCo6cWJ0j0=
83,13,0NRhowja4CZEMswCQrymARckwWk=,XpiKmKeeV9c3QD6l8wCo6cWJ0j0=
80,11,0NRhowja4CZEMswCQrymARckwWk=,XpiKmKeeV9c3QD6l8wCo6cWJ0j0=
82,13,0NRhowja4CZEMswCQrymARckwWk=,XpiKmKeeV9c3QD6l8wCo6cWJ0j0=
87,10,0NRhowja4CZEMswCQrymARckwWk=,XpiKmKeeV9c3QD6l8wCo6cWJ0j0=
81,13,0NRhowja4CZEMswCQrymARckwWk=,XpiKmKeeV9c3QD6l8wCo6cWJ0j0=
86,10,0NRhowja4CZEMswCQrymARckwWk=,XpiKmKeeV9c3QD6l8wCo6cWJ0j0=
80,13,0NRhowja4CZEMswCQrymARckwWk=,XpiKmKeeV9c3QD6l8wCo6cWJ0j0=
85,10,0NRhowja4CZEMswCQrymARckwWk=,XpiKmKeeV9c3QD6l8wCo6cWJ0j0=
90,13,0NRhowja4CZEMswCQrymARckwWk=,GQJCnlr+C4E9KyyrfS4YYPjPjlQ=
84,10,0NRhowja4CZEMswCQrymARckwWk=,XpiKmKeeV9c3QD6l8wCo6cWJ0j0=
89,13,0NRhowja4CZEMswCQrymARckwWk=,GQJCnlr+C4E9KyyrfS4YYPjPjlQ=
83,10,0NRhowja4CZEMswCQrymARckwWk=,XpiKmKeeV9c3QD6l8wCo6cWJ0j0=
88,13,0NRhowja4CZEMswCQrymARckwWk=,GQJCnlr+C4E9KyyrfS4YYPjPjlQ=
82,10,0NRhowja4CZEMswCQrymARckwWk=,XpiKmKeeV9c3QD6l8wCo6cWJ0j0=
90,15,0NRhowja4CZEMswCQrymARckwWk=,GQJCnlr+C4E9KyyrfS4YYPjPjlQ=
81,10,0NRhowja4CZEMswCQrymARckwWk=,XpiKmKeeV9c3QD6l8wCo6cWJ0j0=
89,15,0NRhowja4CZEMswCQrymARckwWk=,GQJCnlr+C4E9KyyrfS4YYPjPjlQ=
80,10,0NRhowja4CZEMswCQrymARckwWk=,XpiKmKeeV9c3QD6l8wCo6cWJ0j0=
87,9,0NRhowja4CZEMswCQrymARckwWk=,XpiKmKeeV9c3QD6l8wCo6cWJ0j0=
88,15,0NRhowja4CZEMswCQrymARckwWk=,GQJCnlr+C4E9KyyrfS4YYPjPjlQ=
86,9,0NRhowja4CZEMswCQrymARckwWk=,XpiKmKeeV9c3QD6l8wCo6cWJ0j0=
90,14,0NRhowja4CZEMswCQrymARckwWk=,GQJCnlr+C4E9KyyrfS4YYPjPjlQ=
85,9,0NRhowja4CZEMswCQrymARckwWk=,XpiKmKeeV9c3QD6l8wCo6cWJ0j0=
89,14,0NRhowja4CZEMswCQrymARckwWk=,GQJCnlr+C4E9KyyrfS4YYPjPjlQ=
84,9,0NRhowja4CZEMswCQrymARckwWk=,XpiKmKeeV9c3QD6l8wCo6cWJ0j0=
88,14,0NRhowja4CZEMswCQrymARckwWk=,GQJCnlr+C4E9KyyrfS4YYPjPjlQ=
83,9,0NRhowja4CZEMswCQrymARckwWk=,XpiKmKeeV9c3QD6l8wCo6cWJ0j0=
82,9,0NRhowja4CZEMswCQrymARckwWk=,XpiKmKeeV9c3QD6l8wCo6cWJ0j0=
81,9,0NRhowja4CZEMswCQrymARckwWk=,XpiKmKeeV9c3QD6l8wCo6cWJ0j0=
80,9,0NRhowja4CZEMswCQrymARckwWk=,XpiKmKeeV9c3QD6l8wCo6cWJ0j0=
90,12,lgkH4bcbtGRsfudOafZCs8p2AWM=,GQJCnlr+C4E9KyyrfS4YYPjPjlQ=
89,12,lgkH4bcbtGRsfudOafZCs8p2AWM=,GQJCnlr+C4E9KyyrfS4YYPjPjlQ=
87,8,lgkH4bcbtGRsfudOafZCs8p2AWM=,XpiKmKeeV9c3QD6l8wCo6cWJ0j0=
86,8,lgkH4bcbtGRsfudOafZCs8p2AWM=,XpiKmKeeV9c3QD6l8wCo6cWJ0j0=
85,8,lgkH4bcbtGRsfudOafZCs8p2AWM=,XpiKmKeeV9c3QD6l8wCo6cWJ0j0=
84,8,lgkH4bcbtGRsfudOafZCs8p2AWM=,XpiKmKeeV9c3QD6l8wCo6cWJ0j0=
83,8,lgkH4bcbtGRsfudOafZCs8p2AWM=,XpiKmKeeV9c3QD6l8wCo6cWJ0j0=
82,8,lgkH4bcbtGRsfudOafZCs8p2AWM=,XpiKmKeeV9c3QD6l8wCo6cWJ0j0=
81,8,lgkH4bcbtGRsfudOafZCs8p2AWM=,XpiKmKeeV9c3QD6l8wCo6cWJ0j0=
80,8,lgkH4bcbtGRsfudOafZCs8p2AWM=,XpiKmKeeV9c3QD6l8wCo6cWJ0j0=
