32,31,P93Nc4cebqQd4603QYtc9oQOj5o=,SgG6+GU7eVyY0Mdo/4xL3sWQzi8=
36,30,P93Nc4cebqQd4603QYtc9oQOj5o=,SgG6+GU7eVyY0Mdo/4xL3sWQzi8=
35,30,P93Nc4cebqQd4603QYtc9oQOj5o=,SgG6+GU7eVyY0Mdo/4xL3sWQzi8=
34,30,P93Nc4cebqQd4603QYtc9oQOj5o=,SgG6+GU7eVyY0Mdo/4xL3sWQzi8=
33,30,P93Nc4cebqQd4603QYtc9oQOj5o=,SgG6+GU7eVyY0Mdo/4xL3sWQzi8=
32,30,P93Nc4cebqQd4603QYtc9oQOj5o=,SgG6+GU7eVyY0Mdo/4xL3sWQzi8=
36,29,h0GQqnzlvVCdPUHpoOydnU9otoA=,SgG6+GU7eVyY0Mdo/4xL3sWQzi8=
35,29,h0GQqnzlvVCdPUHpoOydnU9otoA=,SgG6+GU7eVyY0Mdo/4xL3sWQzi8=
34,29,h0GQqnzlvVCdPUHpoOydnU9otoA=,SgG6+GU7eVyY0Mdo/4xL3sWQzi8=
33,29,h0GQqnzlvVCdPUHpoOydnU9otoA=,SgG6+GU7eVyY0Mdo/4xL3sWQzi8=
32,29,h0GQqnzlvVCdPUHpoOydnU9otoA=,SgG6+GU7eVyY0Mdo/4xL3sWQzi8=
36,28,h0GQqnzlvVCdPUHpoOydnU9otoA=,SgG6+GU7eVyY0Mdo/4xL3sWQzi8=
35,28,h0GQqnzlvVCdPUHpoOydnU9otoA=,SgG6+GU7eVyY0Mdo/4xL3sWQzi8=
34,28,h0GQqnzlvVCdPUHpoOydnU9otoA=,SgG6+GU7eVyY0Mdo/4xL3sWQzi8=
33,28,h0GQqnzlvVCdPUHpoOydnU9otoA=,SgG6+GU7eVyY0Mdo/4xL3sWQzi8=
32,28,h0GQqnzlvVCdPUHpoOydnU9otoA=,SgG6+GU7eVyY0Mdo/4xL3sWQzi8=
36,27,h0GQqnzlvVCdPUHpoOydnU9otoA=,SgG6+GU7eVyY0Mdo/4xL3sWQzi8=
35,27,h0GQqnzlvVCdPUHpoOydnU9otoA=,SgG6+GU7eVyY0Mdo/4xL3sWQzi8=
34,27,h0GQqnzlvVCdPUHpoOydnU9otoA=,SgG6+GU7eVyY0Mdo/4xL3sWQzi8=
33,27,h0GQqnzlvVCdPUHpoOydnU9otoA=,SgG6+GU7eVyY0Mdo/4xL3sWQzi8=
32,27,h0GQqnzlvVCdPUHpoOydnU9otoA=,SgG6+GU7eVyY0Mdo/4xL3sWQzi8=
36,31,h0GQqnzlvVCdPUHpoOydnU9otoA=,SgG6+GU7eVyY0Mdo/4xL3sWQzi8=
35,31,h0GQqnzlvVCdPUHpoOydnU9otoA=,SgG6+GU7eVyY0Mdo/4xL3sWQzi8=
34,31,P93Nc4cebqQd4603QYtc9oQOj5o=,SgG6+GU7eVyY0Mdo/4xL3sWQzi8=
33,31,P93Nc4cebqQd4603QYtc9oQOj5o=,SgG6+GU7eVyY0Mdo/4xL3sWQzi8=
47,29,1hgu+tMP8sTwNNmcCAylOKXM25U=,YpWCESCHKTXNPGGP9ns2o7VcQ2o=
46,29,1hgu+tMP8sTwNNmcCAylOKXM25U=,YpWCESCHKTXNPGGP9ns2o7VcQ2o=
45,29,1hgu+tMP8sTwNNmcCAylOKXM25U=,YpWCESCHKTXNPGGP9ns2o7VcQ2o=
44,29,1hgu+tMP8sTwNNmcCAylOKXM25U=,YpWCESCHKTXNPGGP9ns2o7VcQ2o=
43,29,1hgu+tMP8sTwNNmcCAylOKXM25U=,YpWCESCHKTXNPGGP9ns2o7VcQ2o=
47,23,1hgu+tMP8sTwNNmcCAylOKXM25U=,4bOPBTAxad7i2mO0oSZWSTjLIP4=
42,29,E34bysPReGsEcv00xRVcFe7d+KI=,YpWCESCHKTXNPGGP9ns2o7VcQ2o=
46,23,1hgu+tMP8sTwNNmcCAylOKXM25U=,4bOPBTAxad7i2mO0oSZWSTjLIP4=
41,29,E34bysPReGsEcv00xRVcFe7d+KI=,YpWCESCHKTXNPGGP9ns2o7VcQ2o=
45,23,1hgu+tMP8sTwNNmcCAylOKXM25U=,4bOPBTAxad7i2mO0oSZWSTjLIP4=
40,29,E34bysPReGsEcv00xRVcFe7d+KI=,YpWCESCHKTXNPGGP9ns2o7VcQ2o=
44,23,1hgu+tMP8sTwNNmcCAylOKXM25U=,4bOPBTAxad7i2mO0oSZWSTjLIP4=
47,28,E34bysPReGsEcv00xRVcFe7d+KI=,YpWCESCHKTXNPGGP9ns2o7VcQ2o=
39,30,E34bysPReGsEcv00xRVcFe7d+KI=,SgG6+GU7eVyY0Mdo/4xL3sWQzi8=
38,30,E34bysPReGsEcv00xRVcFe7d+KI=,SgG6+GU7eVyY0Mdo/4xL3sWQzi8=
43,23,1hgu+tMP8sTwNNmcCAylOKXM25U=,4bOPBTAxad7i2mO0oSZWSTjLIP4=
46,20,7u3T0EMZvjFpqrdrl7UiAXuFkoI=,4bOPBTAxad7i2mO0oSZWSTjLIP4=
37,30,E34bysPReGsEcv00xRVcFe7d+KI=,SgG6+GU7eVyY0Mdo/4xL3sWQzi8=
46,28,1hgu+tMP8sTwNNmcCAylOKXM25U=,YpWCESCHKTXNPGGP9ns2o7VcQ2o=
45,20,7u3T0EMZvjFpqrdrl7UiAXuFkoI=,4bOPBTAxad7i2mO0oSZWSTjLIP4=
44,20,7u3T0EMZvjFpqrdrl7UiAXuFkoI=,4bOPBTAxad7i2mO0oSZWSTjLIP4=
43,20,7u3T0EMZvjFpqrdrl7UiAXuFkoI=,4bOPBTAxad7i2mO0oSZWSTjLIP4=
47,19,7u3T0EMZvjFpqrdrl7UiAXuFkoI=,4bOPBTAxad7i2mO0oSZWSTjLIP4=
46,19,7u3T0EMZvjFpqrdrl7UiAXuFkoI=,4bOPBTAxad7i2mO0oSZWSTjLIP4=
45,28,1hgu+tMP8sTwNNmcCAylOKXM25U=,YpWCESCHKTXNPGGP9ns2o7VcQ2o=
44,28,1hgu+tMP8sTwNNmcCAylOKXM25U=,YpWCESCHKTXNPGGP9ns2o7VcQ2o=
45,19,7u3T0EMZvjFpqrdrl7UiAXuFkoI=,4bOPBTAxad7i2mO0oSZWSTjLIP4=
43,28,1hgu+tMP8sTwNNmcCAylOKXM25U=,YpWCESCHKTXNPGGP9ns2o7VcQ2o=
42,28,1hgu+tMP8sTwNNmcCAylOKXM25U=,YpWCESCHKTXNPGGP9ns2o7VcQ2o=
41,28,1hgu+tMP8sTwNNmcCAylOKXM25U=,YpWCESCHKTXNPGGP9ns2o7VcQ2o=
40,28,1hgu+tMP8sTwNNmcCAylOKXM25U=,YpWCESCHKTXNPGGP9ns2o7VcQ2o=
44,19,7u3T0EMZvjFpqrdrl7UiAXuFkoI=,4bOPBTAxad7i2mO0oSZWSTjLIP4=
47,27,1hgu+tMP8sTwNNmcCAylOKXM25U=,YpWCESCHKTXNPGGP9ns2o7VcQ2o=
43,19,7u3T0EMZvjFpqrdrl7UiAXuFkoI=,4bOPBTAxad7i2mO0oSZWSTjLIP4=
46,27,1hgu+tMP8sTwNNmcCAylOKXM25U=,YpWCESCHKTXNPGGP9ns2o7VcQ2o=
47,18,7u3T0EMZvjFpqrdrl7UiAXuFkoI=,4bOPBTAxad7i2mO0oSZWSTjLIP4=
46,18,7u3T0EMZvjFpqrdrl7UiAXuFkoI=,4bOPBTAxad7i2mO0oSZWSTjLIP4=
45,18,7u3T0EMZvjFpqrdrl7UiAXuFkoI=,4bOPBTAxad7i2mO0oSZWSTjLIP4=
45,27,1hgu+tMP8sTwNNmcCAylOKXM25U=,YpWCESCHKTXNPGGP9ns2o7VcQ2o=
39,29,1hgu+tMP8sTwNNmcCAylOKXM25U=,SgG6+GU7eVyY0Mdo/4xL3sWQzi8=
44,18,7u3T0EMZvjFpqrdrl7UiAXuFkoI=,4bOPBTAxad7i2mO0oSZWSTjLIP4=
43,18,7u3T0EMZvjFpqrdrl7UiAXuFkoI=,4bOPBTAxad7i2mO0oSZWSTjLIP4=
47,17,7u3T0EMZvjFpqrdrl7UiAXuFkoI=,4bOPBTAxad7i2mO0oSZWSTjLIP4=
38,29,1hgu+tMP8sTwNNmcCAylOKXM25U=,SgG6+GU7eVyY0Mdo/4xL3sWQzi8=
46,17,7u3T0EMZvjFpqrdrl7UiAXuFkoI=,4bOPBTAxad7i2mO0oSZWSTjLIP4=
45,17,7u3T0EMZvjFpqrdrl7UiAXuFkoI=,4bOPBTAxad7i2mO0oSZWSTjLIP4=
44,27,1hgu+tMP8sTwNNmcCAylOKXM25U=,YpWCESCHKTXNPGGP9ns2o7VcQ2o=
44,17,7u3T0EMZvjFpqrdrl7UiAXuFkoI=,4bOPBTAxad7i2mO0oSZWSTjLIP4=
43,27,1hgu+tMP8sTwNNmcCAylOKXM25U=,YpWCESCHKTXNPGGP9ns2o7VcQ2o=
42,27,1hgu+tMP8sTwNNmcCAylOKXM25U=,YpWCESCHKTXNPGGP9ns2o7VcQ2o=
43,17,7u3T0EMZvjFpqrdrl7UiAXuFkoI=,4bOPBTAxad7i2mO0oSZWSTjLIP4=
47,16,7u3T0EMZvjFpqrdrl7UiAXuFkoI=,4bOPBTAxad7i2mO0oSZWSTjLIP4=
41,27,1hgu+tMP8sTwNNmcCAylOKXM25U=,YpWCESCHKTXNPGGP9ns2o7VcQ2o=
46,16,7u3T0EMZvjFpqrdrl7UiAXuFkoI=,4bOPBTAxad7i2mO0oSZWSTjLIP4=
45,16,7u3T0EMZvjFpqrdrl7UiAXuFkoI=,4bOPBTAxad7i2mO0oSZWSTjLIP4=
40,27,1hgu+tMP8sTwNNmcCAylOKXM25U=,YpWCESCHKTXNPGGP9ns2o7VcQ2o=
44,16,7u3T0EMZvjFpqrdrl7UiAXuFkoI=,4bOPBTAxad7i2mO0oSZWSTjLIP4=
43,16,7u3T0EMZvjFpqrdrl7UiAXuFkoI=,4bOPBTAxad7i2mO0oSZWSTjLIP4=
37,29,1hgu+tMP8sTwNNmcCAylOKXM25U=,SgG6+GU7eVyY0Mdo/4xL3sWQzi8=
47,26,1hgu+tMP8sTwNNmcCAylOKXM25U=,YpWCESCHKTXNPGGP9ns2o7VcQ2o=
47,22,1hgu+tMP8sTwNNmcCAylOKXM25U=,4bOPBTAxad7i2mO0oSZWSTjLIP4=
46,22,1hgu+tMP8sTwNNmcCAylOKXM25U=,4bOPBTAxad7i2mO0oSZWSTjLIP4=
39,28,1hgu+tMP8sTwNNmcCAylOKXM25U=,SgG6+GU7eVyY0Mdo/4xL3sWQzi8=
45,22,1hgu+tMP8sTwNNmcCAylOKXM25U=,4bOPBTAxad7i2mO0oSZWSTjLIP4=
38,28,1hgu+tMP8sTwNNmcCAylOKXM25U=,SgG6+GU7eVyY0Mdo/4xL3sWQzi8=
44,22,1hgu+tMP8sTwNNmcCAylOKXM25U=,4bOPBTAxad7i2mO0oSZWSTjLIP4=
43,22,1hgu+tMP8sTwNNmcCAylOKXM25U=,4bOPBTAxad7i2mO0oSZWSTjLIP4=
37,28,1hgu+tMP8sTwNNmcCAylOKXM25U=,SgG6+GU7eVyY0Mdo/4xL3sWQzi8=
46,26,1hgu+tMP8sTwNNmcCAylOKXM25U=,YpWCESCHKTXNPGGP9ns2o7VcQ2o=
39,27,E34bysPReGsEcv00xRVcFe7d+KI=,SgG6+GU7eVyY0Mdo/4xL3sWQzi8=
45,26,E34bysPReGsEcv00xRVcFe7d+KI=,YpWCESCHKTXNPGGP9ns2o7VcQ2o=
38,27,E34bysPReGsEcv00xRVcFe7d+KI=,SgG6+GU7eVyY0Mdo/4xL3sWQzi8=
44,26,E34bysPReGsEcv00xRVcFe7d+KI=,YpWCESCHKTXNPGGP9ns2o7VcQ2o=
37,27,E34bysPReGsEcv00xRVcFe7d+KI=,SgG6+GU7eVyY0Mdo/4xL3sWQzi8=
43,26,E34bysPReGsEcv00xRVcFe7d+KI=,YpWCESCHKTXNPGGP9ns2o7VcQ2o=
47,31,1hgu+tMP8sTwNNmcCAylOKXM25U=,YpWCESCHKTXNPGGP9ns2o7VcQ2o=
47,25,E34bysPReGsEcv00xRVcFe7d+KI=,YpWCESCHKTXNPGGP9ns2o7VcQ2o=
46,31,1hgu+tMP8sTwNNmcCAylOKXM25U=,YpWCESCHKTXNPGGP9ns2o7VcQ2o=
46,25,E34bysPReGsEcv00xRVcFe7d+KI=,YpWCESCHKTXNPGGP9ns2o7VcQ2o=
45,31,1hgu+tMP8sTwNNmcCAylOKXM25U=,YpWCESCHKTXNPGGP9ns2o7VcQ2o=
39,31,E34bysPReGsEcv00xRVcFe7d+KI=,SgG6+GU7eVyY0Mdo/4xL3sWQzi8=
45,25,E34bysPReGsEcv00xRVcFe7d+KI=,YpWCESCHKTXNPGGP9ns2o7VcQ2o=
38,31,E34bysPReGsEcv00xRVcFe7d+KI=,SgG6+GU7eVyY0Mdo/4xL3sWQzi8=
37,31,E34bysPReGsEcv00xRVcFe7d+KI=,SgG6+GU7eVyY0Mdo/4xL3sWQzi8=
44,25,E34bysPReGsEcv00xRVcFe7d+KI=,YpWCESCHKTXNPGGP9ns2o7VcQ2o=
42,20,1hgu+tMP8sTwNNmcCAylOKXM25U=,4bOPBTAxad7i2mO0oSZWSTjLIP4=
44,31,1hgu+tMP8sTwNNmcCAylOKXM25U=,YpWCESCHKTXNPGGP9ns2o7VcQ2o=
41,20,1hgu+tMP8sTwNNmcCAylOKXM25U=,4bOPBTAxad7i2mO0oSZWSTjLIP4=
43,31,1hgu+tMP8sTwNNmcCAylOKXM25U=,YpWCESCHKTXNPGGP9ns2o7VcQ2o=
43,25,E34bysPReGsEcv00xRVcFe7d+KI=,YpWCESCHKTXNPGGP9ns2o7VcQ2o=
42,31,1hgu+tMP8sTwNNmcCAylOKXM25U=,YpWCESCHKTXNPGGP9ns2o7VcQ2o=
47,24,E34bysPReGsEcv00xRVcFe7d+KI=,YpWCESCHKTXNPGGP9ns2o7VcQ2o=
41,31,1hgu+tMP8sTwNNmcCAylOKXM25U=,YpWCESCHKTXNPGGP9ns2o7VcQ2o=
42,23,1hgu+tMP8sTwNNmcCAylOKXM25U=,4bOPBTAxad7i2mO0oSZWSTjLIP4=
46,24,E34bysPReGsEcv00xRVcFe7d+KI=,YpWCESCHKTXNPGGP9ns2o7VcQ2o=
40,31,1hgu+tMP8sTwNNmcCAylOKXM25U=,YpWCESCHKTXNPGGP9ns2o7VcQ2o=
40,20,1hgu+tMP8sTwNNmcCAylOKXM25U=,4bOPBTAxad7i2mO0oSZWSTjLIP4=
42,19,1hgu+tMP8sTwNNmcCAylOKXM25U=,4bOPBTAxad7i2mO0oSZWSTjLIP4=
47,30,1hgu+tMP8sTwNNmcCAylOKXM25U=,YpWCESCHKTXNPGGP9ns2o7VcQ2o=
45,24,E34bysPReGsEcv00xRVcFe7d+KI=,YpWCESCHKTXNPGGP9ns2o7VcQ2o=
41,19,1hgu+tMP8sTwNNmcCAylOKXM25U=,4bOPBTAxad7i2mO0oSZWSTjLIP4=
46,30,1hgu+tMP8sTwNNmcCAylOKXM25U=,YpWCESCHKTXNPGGP9ns2o7VcQ2o=
40,19,1hgu+tMP8sTwNNmcCAylOKXM25U=,4bOPBTAxad7i2mO0oSZWSTjLIP4=
45,30,1hgu+tMP8sTwNNmcCAylOKXM25U=,YpWCESCHKTXNPGGP9ns2o7VcQ2o=
44,24,E34bysPReGsEcv00xRVcFe7d+KI=,YpWCESCHKTXNPGGP9ns2o7VcQ2o=
42,18,1hgu+tMP8sTwNNmcCAylOKXM25U=,4bOPBTAxad7i2mO0oSZWSTjLIP4=
44,30,1hgu+tMP8sTwNNmcCAylOKXM25U=,YpWCESCHKTXNPGGP9ns2o7VcQ2o=
41,18,1hgu+tMP8sTwNNmcCAylOKXM25U=,4bOPBTAxad7i2mO0oSZWSTjLIP4=
43,30,1hgu+tMP8sTwNNmcCAylOKXM25U=,YpWCESCHKTXNPGGP9ns2o7VcQ2o=
40,18,1hgu+tMP8sTwNNmcCAylOKXM25U=,4bOPBTAxad7i2mO0oSZWSTjLIP4=
43,24,E34bysPReGsEcv00xRVcFe7d+KI=,YpWCESCHKTXNPGGP9ns2o7VcQ2o=
42,30,1hgu+tMP8sTwNNmcCAylOKXM25U=,YpWCESCHKTXNPGGP9ns2o7VcQ2o=
41,30,1hgu+tMP8sTwNNmcCAylOKXM25U=,YpWCESCHKTXNPGGP9ns2o7VcQ2o=
42,17,1hgu+tMP8sTwNNmcCAylOKXM25U=,4bOPBTAxad7i2mO0oSZWSTjLIP4=
47,21,E34bysPReGsEcv00xRVcFe7d+KI=,4bOPBTAxad7i2mO0oSZWSTjLIP4=
41,17,1hgu+tMP8sTwNNmcCAylOKXM25U=,4bOPBTAxad7i2mO0oSZWSTjLIP4=
40,30,1hgu+tMP8sTwNNmcCAylOKXM25U=,YpWCESCHKTXNPGGP9ns2o7VcQ2o=
46,21,E34bysPReGsEcv00xRVcFe7d+KI=,4bOPBTAxad7i2mO0oSZWSTjLIP4=
40,17,1hgu+tMP8sTwNNmcCAylOKXM25U=,4bOPBTAxad7i2mO0oSZWSTjLIP4=
45,21,E34bysPReGsEcv00xRVcFe7d+KI=,4bOPBTAxad7i2mO0oSZWSTjLIP4=
44,21,E34bysPReGsEcv00xRVcFe7d+KI=,4bOPBTAxad7i2mO0oSZWSTjLIP4=
43,21,E34bysPReGsEcv00xRVcFe7d+KI=,4bOPBTAxad7i2mO0oSZWSTjLIP4=
41,23,1hgu+tMP8sTwNNmcCAylOKXM25U=,4bOPBTAxad7i2mO0oSZWSTjLIP4=
47,20,7u3T0EMZvjFpqrdrl7UiAXuFkoI=,4bOPBTAxad7i2mO0oSZWSTjLIP4=
40,23,1hgu+tMP8sTwNNmcCAylOKXM25U=,4bOPBTAxad7i2mO0oSZWSTjLIP4=
42,16,E34bysPReGsEcv00xRVcFe7d+KI=,4bOPBTAxad7i2mO0oSZWSTjLIP4=
41,16,E34bysPReGsEcv00xRVcFe7d+KI=,4bOPBTAxad7i2mO0oSZWSTjLIP4=
40,16,E34bysPReGsEcv00xRVcFe7d+KI=,4bOPBTAxad7i2mO0oSZWSTjLIP4=
42,22,1hgu+tMP8sTwNNmcCAylOKXM25U=,4bOPBTAxad7i2mO0oSZWSTjLIP4=
41,22,1hgu+tMP8sTwNNmcCAylOKXM25U=,4bOPBTAxad7i2mO0oSZWSTjLIP4=
39,26,E34bysPReGsEcv00xRVcFe7d+KI=,SgG6+GU7eVyY0Mdo/4xL3sWQzi8=
38,26,E34bysPReGsEcv00xRVcFe7d+KI=,SgG6+GU7eVyY0Mdo/4xL3sWQzi8=
42,26,E34bysPReGsEcv00xRVcFe7d+KI=,YpWCESCHKTXNPGGP9ns2o7VcQ2o=
41,26,E34bysPReGsEcv00xRVcFe7d+KI=,YpWCESCHKTXNPGGP9ns2o7VcQ2o=
37,26,E34bysPReGsEcv00xRVcFe7d+KI=,SgG6+GU7eVyY0Mdo/4xL3sWQzi8=
36,26,E34bysPReGsEcv00xRVcFe7d+KI=,SgG6+GU7eVyY0Mdo/4xL3sWQzi8=
35,26,E34bysPReGsEcv00xRVcFe7d+KI=,SgG6+GU7eVyY0Mdo/4xL3sWQzi8=
34,26,E34bysPReGsEcv00xRVcFe7d+KI=,SgG6+GU7eVyY0Mdo/4xL3sWQzi8=
33,26,E34bysPReGsEcv00xRVcFe7d+KI=,SgG6+GU7eVyY0Mdo/4xL3sWQzi8=
32,26,E34bysPReGsEcv00xRVcFe7d+KI=,SgG6+GU7eVyY0Mdo/4xL3sWQzi8=
39,25,E34bysPReGsEcv00xRVcFe7d+KI=,SgG6+GU7eVyY0Mdo/4xL3sWQzi8=
38,25,E34bysPReGsEcv00xRVcFe7d+KI=,SgG6+GU7eVyY0Mdo/4xL3sWQzi8=
37,25,E34bysPReGsEcv00xRVcFe7d+KI=,SgG6+GU7eVyY0Mdo/4xL3sWQzi8=
36,25,E34bysPReGsEcv00xRVcFe7d+KI=,SgG6+GU7eVyY0Mdo/4xL3sWQzi8=
40,26,E34bysPReGsEcv00xRVcFe7d+KI=,YpWCESCHKTXNPGGP9ns2o7VcQ2o=
35,25,E34bysPReGsEcv00xRVcFe7d+KI=,SgG6+GU7eVyY0Mdo/4xL3sWQzi8=
34,25,E34bysPReGsEcv00xRVcFe7d+KI=,SgG6+GU7eVyY0Mdo/4xL3sWQzi8=
33,25,E34bysPReGsEcv00xRVcFe7d+KI=,SgG6+GU7eVyY0Mdo/4xL3sWQzi8=
32,25,E34bysPReGsEcv00xRVcFe7d+KI=,SgG6+GU7eVyY0Mdo/4xL3sWQzi8=
39,24,E34bysPReGsEcv00xRVcFe7d+KI=,SgG6+GU7eVyY0Mdo/4xL3sWQzi8=
38,24,E34bysPReGsEcv00xRVcFe7d+KI=,SgG6+GU7eVyY0Mdo/4xL3sWQzi8=
37,24,E34bysPReGsEcv00xRVcFe7d+KI=,SgG6+GU7eVyY0Mdo/4xL3sWQzi8=
36,24,E34bysPReGsEcv00xRVcFe7d+KI=,SgG6+GU7eVyY0Mdo/4xL3sWQzi8=
35,24,E34bysPReGsEcv00xRVcFe7d+KI=,SgG6+GU7eVyY0Mdo/4xL3sWQzi8=
34,24,E34bysPReGsEcv00xRVcFe7d+KI=,SgG6+GU7eVyY0Mdo/4xL3sWQzi8=
33,24,E34bysPReGsEcv00xRVcFe7d+KI=,SgG6+GU7eVyY0Mdo/4xL3sWQzi8=
42,25,E34bysPReGsEcv00xRVcFe7d+KI=,YpWCESCHKTXNPGGP9ns2o7VcQ2o=
32,24,E34bysPReGsEcv00xRVcFe7d+KI=,SgG6+GU7eVyY0Mdo/4xL3sWQzi8=
39,23,eFu2R7lP84c1raoTIofH5G4+UVE=,LrXe+awJfJTir9KqiiPbTs5DdAE=
38,23,eFu2R7lP84c1raoTIofH5G4+UVE=,LrXe+awJfJTir9KqiiPbTs5DdAE=
37,23,eFu2R7lP84c1raoTIofH5G4+UVE=,LrXe+awJfJTir9KqiiPbTs5DdAE=
36,23,eFu2R7lP84c1raoTIofH5G4+UVE=,LrXe+awJfJTir9KqiiPbTs5DdAE=
41,25,E34bysPReGsEcv00xRVcFe7d+KI=,YpWCESCHKTXNPGGP9ns2o7VcQ2o=
40,25,E34bysPReGsEcv00xRVcFe7d+KI=,YpWCESCHKTXNPGGP9ns2o7VcQ2o=
35,23,eFu2R7lP84c1raoTIofH5G4+UVE=,LrXe+awJfJTir9KqiiPbTs5DdAE=
34,23,eFu2R7lP84c1raoTIofH5G4+UVE=,LrXe+awJfJTir9KqiiPbTs5DdAE=
33,23,eFu2R7lP84c1raoTIofH5G4+UVE=,LrXe+awJfJTir9KqiiPbTs5DdAE=
32,23,1hgu+tMP8sTwNNmcCAylOKXM25U=,LrXe+awJfJTir9KqiiPbTs5DdAE=
39,22,1hgu+tMP8sTwNNmcCAylOKXM25U=,LrXe+awJfJTir9KqiiPbTs5DdAE=
38,22,1hgu+tMP8sTwNNmcCAylOKXM25U=,LrXe+awJfJTir9KqiiPbTs5DdAE=
42,24,E34bysPReGsEcv00xRVcFe7d+KI=,YpWCESCHKTXNPGGP9ns2o7VcQ2o=
37,22,1hgu+tMP8sTwNNmcCAylOKXM25U=,LrXe+awJfJTir9KqiiPbTs5DdAE=
41,24,E34bysPReGsEcv00xRVcFe7d+KI=,YpWCESCHKTXNPGGP9ns2o7VcQ2o=
40,24,E34bysPReGsEcv00xRVcFe7d+KI=,YpWCESCHKTXNPGGP9ns2o7VcQ2o=
36,22,1hgu+tMP8sTwNNmcCAylOKXM25U=,LrXe+awJfJTir9KqiiPbTs5DdAE=
35,22,1hgu+tMP8sTwNNmcCAylOKXM25U=,LrXe+awJfJTir9KqiiPbTs5DdAE=
34,22,1hgu+tMP8sTwNNmcCAylOKXM25U=,LrXe+awJfJTir9KqiiPbTs5DdAE=
33,22,1hgu+tMP8sTwNNmcCAylOKXM25U=,LrXe+awJfJTir9KqiiPbTs5DdAE=
32,22,1hgu+tMP8sTwNNmcCAylOKXM25U=,LrXe+awJfJTir9KqiiPbTs5DdAE=
39,21,E34bysPReGsEcv00xRVcFe7d+KI=,LrXe+awJfJTir9KqiiPbTs5DdAE=
38,21,E34bysPReGsEcv00xRVcFe7d+KI=,LrXe+awJfJTir9KqiiPbTs5DdAE=
37,21,E34bysPReGsEcv00xRVcFe7d+KI=,LrXe+awJfJTir9KqiiPbTs5DdAE=
36,21,E34bysPReGsEcv00xRVcFe7d+KI=,LrXe+awJfJTir9KqiiPbTs5DdAE=
35,21,E34bysPReGsEcv00xRVcFe7d+KI=,LrXe+awJfJTir9KqiiPbTs5DdAE=
34,21,E34bysPReGsEcv00xRVcFe7d+KI=,LrXe+awJfJTir9KqiiPbTs5DdAE=
33,21,E34bysPReGsEcv00xRVcFe7d+KI=,LrXe+awJfJTir9KqiiPbTs5DdAE=
40,22,eFu2R7lP84c1raoTIofH5G4+UVE=,4bOPBTAxad7i2mO0oSZWSTjLIP4=
32,21,E34bysPReGsEcv00xRVcFe7d+KI=,LrXe+awJfJTir9KqiiPbTs5DdAE=
39,20,E34bysPReGsEcv00xRVcFe7d+KI=,LrXe+awJfJTir9KqiiPbTs5DdAE=
38,20,E34bysPReGsEcv00xRVcFe7d+KI=,LrXe+awJfJTir9KqiiPbTs5DdAE=
37,20,E34bysPReGsEcv00xRVcFe7d+KI=,LrXe+awJfJTir9KqiiPbTs5DdAE=
36,20,E34bysPReGsEcv00xRVcFe7d+KI=,LrXe+awJfJTir9KqiiPbTs5DdAE=
35,20,E34bysPReGsEcv00xRVcFe7d+KI=,LrXe+awJfJTir9KqiiPbTs5DdAE=
34,20,E34bysPReGsEcv00xRVcFe7d+KI=,LrXe+awJfJTir9KqiiPbTs5DdAE=
33,20,E34bysPReGsEcv00xRVcFe7d+KI=,LrXe+awJfJTir9KqiiPbTs5DdAE=
32,20,E34bysPReGsEcv00xRVcFe7d+KI=,LrXe+awJfJTir9KqiiPbTs5DdAE=
39,19,E34bysPReGsEcv00xRVcFe7d+KI=,LrXe+awJfJTir9KqiiPbTs5DdAE=
38,19,E34bysPReGsEcv00xRVcFe7d+KI=,LrXe+awJfJTir9KqiiPbTs5DdAE=
37,19,E34bysPReGsEcv00xRVcFe7d+KI=,LrXe+awJfJTir9KqiiPbTs5DdAE=
36,19,E34bysPReGsEcv00xRVcFe7d+KI=,LrXe+awJfJTir9KqiiPbTs5DdAE=
35,19,E34bysPReGsEcv00xRVcFe7d+KI=,LrXe+awJfJTir9KqiiPbTs5DdAE=
34,19,E34bysPReGsEcv00xRVcFe7d+KI=,LrXe+awJfJTir9KqiiPbTs5DdAE=
33,19,E34bysPReGsEcv00xRVcFe7d+KI=,LrXe+awJfJTir9KqiiPbTs5DdAE=
42,21,eFu2R7lP84c1raoTIofH5G4+UVE=,4bOPBTAxad7i2mO0oSZWSTjLIP4=
32,19,E34bysPReGsEcv00xRVcFe7d+KI=,LrXe+awJfJTir9KqiiPbTs5DdAE=
39,18,E34bysPReGsEcv00xRVcFe7d+KI=,LrXe+awJfJTir9KqiiPbTs5DdAE=
38,18,E34bysPReGsEcv00xRVcFe7d+KI=,LrXe+awJfJTir9KqiiPbTs5DdAE=
41,21,eFu2R7lP84c1raoTIofH5G4+UVE=,4bOPBTAxad7i2mO0oSZWSTjLIP4=
37,18,E34bysPReGsEcv00xRVcFe7d+KI=,LrXe+awJfJTir9KqiiPbTs5DdAE=
36,18,E34bysPReGsEcv00xRVcFe7d+KI=,LrXe+awJfJTir9KqiiPbTs5DdAE=
35,18,E34bysPReGsEcv00xRVcFe7d+KI=,LrXe+awJfJTir9KqiiPbTs5DdAE=
34,18,E34bysPReGsEcv00xRVcFe7d+KI=,LrXe+awJfJTir9KqiiPbTs5DdAE=
33,18,E34bysPReGsEcv00xRVcFe7d+KI=,LrXe+awJfJTir9KqiiPbTs5DdAE=
40,21,eFu2R7lP84c1raoTIofH5G4+UVE=,4bOPBTAxad7i2mO0oSZWSTjLIP4=
32,18,E34bysPReGsEcv00xRVcFe7d+KI=,LrXe+awJfJTir9KqiiPbTs5DdAE=
39,17,E34bysPReGsEcv00xRVcFe7d+KI=,LrXe+awJfJTir9KqiiPbTs5DdAE=
38,17,E34bysPReGsEcv00xRVcFe7d+KI=,LrXe+awJfJTir9KqiiPbTs5DdAE=
37,17,E34bysPReGsEcv00xRVcFe7d+KI=,LrXe+awJfJTir9KqiiPbTs5DdAE=
36,17,E34bysPReGsEcv00xRVcFe7d+KI=,LrXe+awJfJTir9KqiiPbTs5DdAE=
35,17,E34bysPReGsEcv00xRVcFe7d+KI=,LrXe+awJfJTir9KqiiPbTs5DdAE=
34,17,E34bysPReGsEcv00xRVcFe7d+KI=,LrXe+awJfJTir9KqiiPbTs5DdAE=
33,17,eFu2R7lP84c1raoTIofH5G4+UVE=,LrXe+awJfJTir9KqiiPbTs5DdAE=
32,17,eFu2R7lP84c1raoTIofH5G4+UVE=,LrXe+awJfJTir9KqiiPbTs5DdAE=
39,16,eFu2R7lP84c1raoTIofH5G4+UVE=,LrXe+awJfJTir9KqiiPbTs5DdAE=
38,16,eFu2R7lP84c1raoTIofH5G4+UVE=,LrXe+awJfJTir9KqiiPbTs5DdAE=
37,16,eFu2R7lP84c1raoTIofH5G4+UVE=,LrXe+awJfJTir9KqiiPbTs5DdAE=
36,16,eFu2R7lP84c1raoTIofH5G4+UVE=,LrXe+awJfJTir9KqiiPbTs5DdAE=
35,16,eFu2R7lP84c1raoTIofH5G4+UVE=,LrXe+awJfJTir9KqiiPbTs5DdAE=
34,16,eFu2R7lP84c1raoTIofH5G4+UVE=,LrXe+awJfJTir9KqiiPbTs5DdAE=
33,16,eFu2R7lP84c1raoTIofH5G4+UVE=,LrXe+awJfJTir9KqiiPbTs5DdAE=
32,16,eFu2R7lP84c1raoTIofH5G4+UVE=,LrXe+awJfJTir9KqiiPbTs5DdAE=
62,20,Qibxu9U5X8nKTxnfdLLe3PRAI5g=,GO6wAaCqhEAraZM13G5JgM7sUrk=
61,20,Qibxu9U5X8nKTxnfdLLe3PRAI5g=,GO6wAaCqhEAraZM13G5JgM7sUrk=
60,20,QjfQdRETrmVx39w5nUfGU6c67hg=,GO6wAaCqhEAraZM13G5JgM7sUrk=
59,20,QjfQdRETrmVx39w5nUfGU6c67hg=,GO6wAaCqhEAraZM13G5JgM7sUrk=
58,20,QjfQdRETrmVx39w5nUfGU6c67hg=,GO6wAaCqhEAraZM13G5JgM7sUrk=
57,20,QjfQdRETrmVx39w5nUfGU6c67hg=,GO6wAaCqhEAraZM13G5JgM7sUrk=
56,20,QjfQdRETrmVx39w5nUfGU6c67hg=,GO6wAaCqhEAraZM13G5JgM7sUrk=
63,19,Qibxu9U5X8nKTxnfdLLe3PRAI5g=,GO6wAaCqhEAraZM13G5JgM7sUrk=
62,19,Qibxu9U5X8nKTxnfdLLe3PRAI5g=,GO6wAaCqhEAraZM13G5JgM7sUrk=
61,19,Qibxu9U5X8nKTxnfdLLe3PRAI5g=,GO6wAaCqhEAraZM13G5JgM7sUrk=
60,19,QjfQdRETrmVx39w5nUfGU6c67hg=,GO6wAaCqhEAraZM13G5JgM7sUrk=
59,19,QjfQdRETrmVx39w5nUfGU6c67hg=,GO6wAaCqhEAraZM13G5JgM7sUrk=
58,19,QjfQdRETrmVx39w5nUfGU6c67hg=,GO6wAaCqhEAraZM13G5JgM7sUrk=
57,19,QjfQdRETrmVx39w5nUfGU6c67hg=,GO6wAaCqhEAraZM13G5JgM7sUrk=
56,19,QjfQdRETrmVx39w5nUfGU6c67hg=,GO6wAaCqhEAraZM13G5JgM7sUrk=
63,18,Qibxu9U5X8nKTxnfdLLe3PRAI5g=,GO6wAaCqhEAraZM13G5JgM7sUrk=
63,20,Qibxu9U5X8nKTxnfdLLe3PRAI5g=,GO6wAaCqhEAraZM13G5JgM7sUrk=
62,18,Qibxu9U5X8nKTxnfdLLe3PRAI5g=,GO6wAaCqhEAraZM13G5JgM7sUrk=
61,18,Qibxu9U5X8nKTxnfdLLe3PRAI5g=,GO6wAaCqhEAraZM13G5JgM7sUrk=
60,18,QjfQdRETrmVx39w5nUfGU6c67hg=,GO6wAaCqhEAraZM13G5JgM7sUrk=
59,18,LWJyZrscCvEa6rcJnMv113B2i6g=,GO6wAaCqhEAraZM13G5JgM7sUrk=
58,18,LWJyZrscCvEa6rcJnMv113B2i6g=,GO6wAaCqhEAraZM13G5JgM7sUrk=
57,18,LWJyZrscCvEa6rcJnMv113B2i6g=,GO6wAaCqhEAraZM13G5JgM7sUrk=
56,18,LWJyZrscCvEa6rcJnMv113B2i6g=,GO6wAaCqhEAraZM13G5JgM7sUrk=
63,17,Qibxu9U5X8nKTxnfdLLe3PRAI5g=,GO6wAaCqhEAraZM13G5JgM7sUrk=
62,17,Qibxu9U5X8nKTxnfdLLe3PRAI5g=,GO6wAaCqhEAraZM13G5JgM7sUrk=
61,17,Qibxu9U5X8nKTxnfdLLe3PRAI5g=,GO6wAaCqhEAraZM13G5JgM7sUrk=
60,17,LWJyZrscCvEa6rcJnMv113B2i6g=,GO6wAaCqhEAraZM13G5JgM7sUrk=
59,17,LWJyZrscCvEa6rcJnMv113B2i6g=,GO6wAaCqhEAraZM13G5JgM7sUrk=
58,17,LWJyZrscCvEa6rcJnMv113B2i6g=,GO6wAaCqhEAraZM13G5JgM7sUrk=
57,17,LWJyZrscCvEa6rcJnMv113B2i6g=,GO6wAaCqhEAraZM13G5JgM7sUrk=
56,17,LWJyZrscCvEa6rcJnMv113B2i6g=,GO6wAaCqhEAraZM13G5JgM7sUrk=
63,16,Qibxu9U5X8nKTxnfdLLe3PRAI5g=,GO6wAaCqhEAraZM13G5JgM7sUrk=
62,16,Qibxu9U5X8nKTxnfdLLe3PRAI5g=,GO6wAaCqhEAraZM13G5JgM7sUrk=
61,16,Qibxu9U5X8nKTxnfdLLe3PRAI5g=,GO6wAaCqhEAraZM13G5JgM7sUrk=
60,16,LWJyZrscCvEa6rcJnMv113B2i6g=,GO6wAaCqhEAraZM13G5JgM7sUrk=
59,16,LWJyZrscCvEa6rcJnMv113B2i6g=,GO6wAaCqhEAraZM13G5JgM7sUrk=
58,16,LWJyZrscCvEa6rcJnMv113B2i6g=,GO6wAaCqhEAraZM13G5JgM7sUrk=
57,16,LWJyZrscCvEa6rcJnMv113B2i6g=,GO6wAaCqhEAraZM13G5JgM7sUrk=
56,16,LWJyZrscCvEa6rcJnMv113B2i6g=,GO6wAaCqhEAraZM13G5JgM7sUrk=
63,27,19MT7o6RLh0ftRUS5J2JxDc3vMw=,AvoxNe424hjVqAIZ6YYPNtDXR7o=
62,27,19MT7o6RLh0ftRUS5J2JxDc3vMw=,AvoxNe424hjVqAIZ6YYPNtDXR7o=
61,27,19MT7o6RLh0ftRUS5J2JxDc3vMw=,AvoxNe424hjVqAIZ6YYPNtDXR7o=
60,27,19MT7o6RLh0ftRUS5J2JxDc3vMw=,AvoxNe424hjVqAIZ6YYPNtDXR7o=
59,27,19MT7o6RLh0ftRUS5J2JxDc3vMw=,AvoxNe424hjVqAIZ6YYPNtDXR7o=
63,26,19MT7o6RLh0ftRUS5J2JxDc3vMw=,AvoxNe424hjVqAIZ6YYPNtDXR7o=
62,26,19MT7o6RLh0ftRUS5J2JxDc3vMw=,AvoxNe424hjVqAIZ6YYPNtDXR7o=
61,26,IpeVXcV6h7PbGe6hG6dq+1ILw9g=,AvoxNe424hjVqAIZ6YYPNtDXR7o=
60,26,IpeVXcV6h7PbGe6hG6dq+1ILw9g=,AvoxNe424hjVqAIZ6YYPNtDXR7o=
59,26,IpeVXcV6h7PbGe6hG6dq+1ILw9g=,AvoxNe424hjVqAIZ6YYPNtDXR7o=
56,28,19MT7o6RLh0ftRUS5J2JxDc3vMw=,AvoxNe424hjVqAIZ6YYPNtDXR7o=
58,27,19MT7o6RLh0ftRUS5J2JxDc3vMw=,AvoxNe424hjVqAIZ6YYPNtDXR7o=
63,25,IpeVXcV6h7PbGe6hG6dq+1ILw9g=,AvoxNe424hjVqAIZ6YYPNtDXR7o=
57,27,19MT7o6RLh0ftRUS5J2JxDc3vMw=,AvoxNe424hjVqAIZ6YYPNtDXR7o=
62,25,IpeVXcV6h7PbGe6hG6dq+1ILw9g=,AvoxNe424hjVqAIZ6YYPNtDXR7o=
61,25,IpeVXcV6h7PbGe6hG6dq+1ILw9g=,AvoxNe424hjVqAIZ6YYPNtDXR7o=
60,25,IpeVXcV6h7PbGe6hG6dq+1ILw9g=,AvoxNe424hjVqAIZ6YYPNtDXR7o=
56,27,19MT7o6RLh0ftRUS5J2JxDc3vMw=,AvoxNe424hjVqAIZ6YYPNtDXR7o=
59,25,IpeVXcV6h7PbGe6hG6dq+1ILw9g=,AvoxNe424hjVqAIZ6YYPNtDXR7o=
63,24,IpeVXcV6h7PbGe6hG6dq+1ILw9g=,AvoxNe424hjVqAIZ6YYPNtDXR7o=
58,26,IpeVXcV6h7PbGe6hG6dq+1ILw9g=,AvoxNe424hjVqAIZ6YYPNtDXR7o=
62,24,IpeVXcV6h7PbGe6hG6dq+1ILw9g=,AvoxNe424hjVqAIZ6YYPNtDXR7o=
57,26,IpeVXcV6h7PbGe6hG6dq+1ILw9g=,AvoxNe424hjVqAIZ6YYPNtDXR7o=
61,24,IpeVXcV6h7PbGe6hG6dq+1ILw9g=,AvoxNe424hjVqAIZ6YYPNtDXR7o=
56,26,IpeVXcV6h7PbGe6hG6dq+1ILw9g=,AvoxNe424hjVqAIZ6YYPNtDXR7o=
60,24,IpeVXcV6h7PbGe6hG6dq+1ILw9g=,AvoxNe424hjVqAIZ6YYPNtDXR7o=
58,25,IpeVXcV6h7PbGe6hG6dq+1ILw9g=,AvoxNe424hjVqAIZ6YYPNtDXR7o=
57,25,IpeVXcV6h7PbGe6hG6dq+1ILw9g=,AvoxNe424hjVqAIZ6YYPNtDXR7o=
59,24,IpeVXcV6h7PbGe6hG6dq+1ILw9g=,AvoxNe424hjVqAIZ6YYPNtDXR7o=
56,25,IpeVXcV6h7PbGe6hG6dq+1ILw9g=,AvoxNe424hjVqAIZ6YYPNtDXR7o=
63,23,/utMUdztvu5jYl8h3KH/JjhIJGo=,GO6wAaCqhEAraZM13G5JgM7sUrk=
62,23,/utMUdztvu5jYl8h3KH/JjhIJGo=,GO6wAaCqhEAraZM13G5JgM7sUrk=
58,24,IpeVXcV6h7PbGe6hG6dq+1ILw9g=,AvoxNe424hjVqAIZ6YYPNtDXR7o=
57,24,IpeVXcV6h7PbGe6hG6dq+1ILw9g=,AvoxNe424hjVqAIZ6YYPNtDXR7o=
61,23,qIFehPF7H38QAjeSE7FNnzlpcTg=,GO6wAaCqhEAraZM13G5JgM7sUrk=
56,24,IpeVXcV6h7PbGe6hG6dq+1ILw9g=,AvoxNe424hjVqAIZ6YYPNtDXR7o=
60,23,qIFehPF7H38QAjeSE7FNnzlpcTg=,GO6wAaCqhEAraZM13G5JgM7sUrk=
55,31,IpeVXcV6h7PbGe6hG6dq+1ILw9g=,7FWy/uBXyJEHPrM25cC10pVacU0=
59,23,qIFehPF7H38QAjeSE7FNnzlpcTg=,GO6wAaCqhEAraZM13G5JgM7sUrk=
54,31,IpeVXcV6h7PbGe6hG6dq+1ILw9g=,7FWy/uBXyJEHPrM25cC10pVacU0=
63,22,qIFehPF7H38QAjeSE7FNnzlpcTg=,GO6wAaCqhEAraZM13G5JgM7sUrk=
53,31,IpeVXcV6h7PbGe6hG6dq+1ILw9g=,7FWy/uBXyJEHPrM25cC10pVacU0=
62,22,qIFehPF7H38QAjeSE7FNnzlpcTg=,GO6wAaCqhEAraZM13G5JgM7sUrk=
52,31,qIFehPF7H38QAjeSE7FNnzlpcTg=,7FWy/uBXyJEHPrM25cC10pVacU0=
61,22,qIFehPF7H38QAjeSE7FNnzlpcTg=,GO6wAaCqhEAraZM13G5JgM7sUrk=
51,31,qIFehPF7H38QAjeSE7FNnzlpcTg=,7FWy/uBXyJEHPrM25cC10pVacU0=
60,22,qIFehPF7H38QAjeSE7FNnzlpcTg=,GO6wAaCqhEAraZM13G5JgM7sUrk=
50,31,qIFehPF7H38QAjeSE7FNnzlpcTg=,7FWy/uBXyJEHPrM25cC10pVacU0=
59,22,qIFehPF7H38QAjeSE7FNnzlpcTg=,GO6wAaCqhEAraZM13G5JgM7sUrk=
49,31,qIFehPF7H38QAjeSE7FNnzlpcTg=,7FWy/uBXyJEHPrM25cC10pVacU0=
63,21,19MT7o6RLh0ftRUS5J2JxDc3vMw=,GO6wAaCqhEAraZM13G5JgM7sUrk=
58,23,qIFehPF7H38QAjeSE7FNnzlpcTg=,GO6wAaCqhEAraZM13G5JgM7sUrk=
62,21,19MT7o6RLh0ftRUS5J2JxDc3vMw=,GO6wAaCqhEAraZM13G5JgM7sUrk=
57,23,qIFehPF7H38QAjeSE7FNnzlpcTg=,GO6wAaCqhEAraZM13G5JgM7sUrk=
61,21,19MT7o6RLh0ftRUS5J2JxDc3vMw=,GO6wAaCqhEAraZM13G5JgM7sUrk=
56,23,qIFehPF7H38QAjeSE7FNnzlpcTg=,GO6wAaCqhEAraZM13G5JgM7sUrk=
60,21,19MT7o6RLh0ftRUS5J2JxDc3vMw=,GO6wAaCqhEAraZM13G5JgM7sUrk=
48,31,/utMUdztvu5jYl8h3KH/JjhIJGo=,7FWy/uBXyJEHPrM25cC10pVacU0=
63,29,qIFehPF7H38QAjeSE7FNnzlpcTg=,AvoxNe424hjVqAIZ6YYPNtDXR7o=
55,30,/utMUdztvu5jYl8h3KH/JjhIJGo=,7FWy/uBXyJEHPrM25cC10pVacU0=
62,29,qIFehPF7H38QAjeSE7FNnzlpcTg=,AvoxNe424hjVqAIZ6YYPNtDXR7o=
54,30,/utMUdztvu5jYl8h3KH/JjhIJGo=,7FWy/uBXyJEHPrM25cC10pVacU0=
59,21,19MT7o6RLh0ftRUS5J2JxDc3vMw=,GO6wAaCqhEAraZM13G5JgM7sUrk=
53,30,/utMUdztvu5jYl8h3KH/JjhIJGo=,7FWy/uBXyJEHPrM25cC10pVacU0=
52,30,/utMUdztvu5jYl8h3KH/JjhIJGo=,7FWy/uBXyJEHPrM25cC10pVacU0=
58,22,qIFehPF7H38QAjeSE7FNnzlpcTg=,GO6wAaCqhEAraZM13G5JgM7sUrk=
51,30,/utMUdztvu5jYl8h3KH/JjhIJGo=,7FWy/uBXyJEHPrM25cC10pVacU0=
61,29,qIFehPF7H38QAjeSE7FNnzlpcTg=,AvoxNe424hjVqAIZ6YYPNtDXR7o=
50,30,/utMUdztvu5jYl8h3KH/JjhIJGo=,7FWy/uBXyJEHPrM25cC10pVacU0=
49,30,/utMUdztvu5jYl8h3KH/JjhIJGo=,7FWy/uBXyJEHPrM25cC10pVacU0=
48,30,/utMUdztvu5jYl8h3KH/JjhIJGo=,7FWy/uBXyJEHPrM25cC10pVacU0=
57,22,qIFehPF7H38QAjeSE7FNnzlpcTg=,GO6wAaCqhEAraZM13G5JgM7sUrk=
60,29,qIFehPF7H38QAjeSE7FNnzlpcTg=,AvoxNe424hjVqAIZ6YYPNtDXR7o=
55,29,/utMUdztvu5jYl8h3KH/JjhIJGo=,7FWy/uBXyJEHPrM25cC10pVacU0=
59,29,qIFehPF7H38QAjeSE7FNnzlpcTg=,AvoxNe424hjVqAIZ6YYPNtDXR7o=
63,28,19MT7o6RLh0ftRUS5J2JxDc3vMw=,AvoxNe424hjVqAIZ6YYPNtDXR7o=
54,29,qIFehPF7H38QAjeSE7FNnzlpcTg=,7FWy/uBXyJEHPrM25cC10pVacU0=
56,22,19MT7o6RLh0ftRUS5J2JxDc3vMw=,GO6wAaCqhEAraZM13G5JgM7sUrk=
53,29,qIFehPF7H38QAjeSE7FNnzlpcTg=,7FWy/uBXyJEHPrM25cC10pVacU0=
62,28,19MT7o6RLh0ftRUS5J2JxDc3vMw=,AvoxNe424hjVqAIZ6YYPNtDXR7o=
52,29,/utMUdztvu5jYl8h3KH/JjhIJGo=,7FWy/uBXyJEHPrM25cC10pVacU0=
51,29,/utMUdztvu5jYl8h3KH/JjhIJGo=,7FWy/uBXyJEHPrM25cC10pVacU0=
61,28,19MT7o6RLh0ftRUS5J2JxDc3vMw=,AvoxNe424hjVqAIZ6YYPNtDXR7o=
50,29,/utMUdztvu5jYl8h3KH/JjhIJGo=,7FWy/uBXyJEHPrM25cC10pVacU0=
49,29,/utMUdztvu5jYl8h3KH/JjhIJGo=,7FWy/uBXyJEHPrM25cC10pVacU0=
60,28,19MT7o6RLh0ftRUS5J2JxDc3vMw=,AvoxNe424hjVqAIZ6YYPNtDXR7o=
48,29,/utMUdztvu5jYl8h3KH/JjhIJGo=,7FWy/uBXyJEHPrM25cC10pVacU0=
63,31,qIFehPF7H38QAjeSE7FNnzlpcTg=,AvoxNe424hjVqAIZ6YYPNtDXR7o=
55,28,19MT7o6RLh0ftRUS5J2JxDc3vMw=,7FWy/uBXyJEHPrM25cC10pVacU0=
54,28,19MT7o6RLh0ftRUS5J2JxDc3vMw=,7FWy/uBXyJEHPrM25cC10pVacU0=
62,31,qIFehPF7H38QAjeSE7FNnzlpcTg=,AvoxNe424hjVqAIZ6YYPNtDXR7o=
53,28,19MT7o6RLh0ftRUS5J2JxDc3vMw=,7FWy/uBXyJEHPrM25cC10pVacU0=
61,31,qIFehPF7H38QAjeSE7FNnzlpcTg=,AvoxNe424hjVqAIZ6YYPNtDXR7o=
52,28,/utMUdztvu5jYl8h3KH/JjhIJGo=,7FWy/uBXyJEHPrM25cC10pVacU0=
51,28,/utMUdztvu5jYl8h3KH/JjhIJGo=,7FWy/uBXyJEHPrM25cC10pVacU0=
60,31,qIFehPF7H38QAjeSE7FNnzlpcTg=,AvoxNe424hjVqAIZ6YYPNtDXR7o=
59,31,qIFehPF7H38QAjeSE7FNnzlpcTg=,AvoxNe424hjVqAIZ6YYPNtDXR7o=
50,28,/utMUdztvu5jYl8h3KH/JjhIJGo=,7FWy/uBXyJEHPrM25cC10pVacU0=
59,28,19MT7o6RLh0ftRUS5J2JxDc3vMw=,AvoxNe424hjVqAIZ6YYPNtDXR7o=
49,28,/utMUdztvu5jYl8h3KH/JjhIJGo=,7FWy/uBXyJEHPrM25cC10pVacU0=
63,30,19MT7o6RLh0ftRUS5J2JxDc3vMw=,AvoxNe424hjVqAIZ6YYPNtDXR7o=
48,28,/utMUdztvu5jYl8h3KH/JjhIJGo=,7FWy/uBXyJEHPrM25cC10pVacU0=
62,30,19MT7o6RLh0ftRUS5J2JxDc3vMw=,AvoxNe424hjVqAIZ6YYPNtDXR7o=
55,27,19MT7o6RLh0ftRUS5J2JxDc3vMw=,7FWy/uBXyJEHPrM25cC10pVacU0=
61,30,19MT7o6RLh0ftRUS5J2JxDc3vMw=,AvoxNe424hjVqAIZ6YYPNtDXR7o=
54,27,19MT7o6RLh0ftRUS5J2JxDc3vMw=,7FWy/uBXyJEHPrM25cC10pVacU0=
53,27,19MT7o6RLh0ftRUS5J2JxDc3vMw=,7FWy/uBXyJEHPrM25cC10pVacU0=
60,30,19MT7o6RLh0ftRUS5J2JxDc3vMw=,AvoxNe424hjVqAIZ6YYPNtDXR7o=
52,27,/utMUdztvu5jYl8h3KH/JjhIJGo=,7FWy/uBXyJEHPrM25cC10pVacU0=
51,27,/utMUdztvu5jYl8h3KH/JjhIJGo=,7FWy/uBXyJEHPrM25cC10pVacU0=
59,30,19MT7o6RLh0ftRUS5J2JxDc3vMw=,AvoxNe424hjVqAIZ6YYPNtDXR7o=
50,27,/utMUdztvu5jYl8h3KH/JjhIJGo=,7FWy/uBXyJEHPrM25cC10pVacU0=
49,27,qIFehPF7H38QAjeSE7FNnzlpcTg=,7FWy/uBXyJEHPrM25cC10pVacU0=
58,21,IpeVXcV6h7PbGe6hG6dq+1ILw9g=,GO6wAaCqhEAraZM13G5JgM7sUrk=
57,21,IpeVXcV6h7PbGe6hG6dq+1ILw9g=,GO6wAaCqhEAraZM13G5JgM7sUrk=
56,21,IpeVXcV6h7PbGe6hG6dq+1ILw9g=,GO6wAaCqhEAraZM13G5JgM7sUrk=
48,27,qIFehPF7H38QAjeSE7FNnzlpcTg=,7FWy/uBXyJEHPrM25cC10pVacU0=
55,26,IpeVXcV6h7PbGe6hG6dq+1ILw9g=,7FWy/uBXyJEHPrM25cC10pVacU0=
54,26,IpeVXcV6h7PbGe6hG6dq+1ILw9g=,7FWy/uBXyJEHPrM25cC10pVacU0=
58,29,qIFehPF7H38QAjeSE7FNnzlpcTg=,AvoxNe424hjVqAIZ6YYPNtDXR7o=
57,29,19MT7o6RLh0ftRUS5J2JxDc3vMw=,AvoxNe424hjVqAIZ6YYPNtDXR7o=
56,29,19MT7o6RLh0ftRUS5J2JxDc3vMw=,AvoxNe424hjVqAIZ6YYPNtDXR7o=
53,26,IpeVXcV6h7PbGe6hG6dq+1ILw9g=,7FWy/uBXyJEHPrM25cC10pVacU0=
52,26,qIFehPF7H38QAjeSE7FNnzlpcTg=,7FWy/uBXyJEHPrM25cC10pVacU0=
51,26,qIFehPF7H38QAjeSE7FNnzlpcTg=,7FWy/uBXyJEHPrM25cC10pVacU0=
50,26,qIFehPF7H38QAjeSE7FNnzlpcTg=,7FWy/uBXyJEHPrM25cC10pVacU0=
49,26,qIFehPF7H38QAjeSE7FNnzlpcTg=,7FWy/uBXyJEHPrM25cC10pVacU0=
48,26,qIFehPF7H38QAjeSE7FNnzlpcTg=,7FWy/uBXyJEHPrM25cC10pVacU0=
55,25,IpeVXcV6h7PbGe6hG6dq+1ILw9g=,7FWy/uBXyJEHPrM25cC10pVacU0=
54,25,IpeVXcV6h7PbGe6hG6dq+1ILw9g=,7FWy/uBXyJEHPrM25cC10pVacU0=
53,25,IpeVXcV6h7PbGe6hG6dq+1ILw9g=,7FWy/uBXyJEHPrM25cC10pVacU0=
58,28,19MT7o6RLh0ftRUS5J2JxDc3vMw=,AvoxNe424hjVqAIZ6YYPNtDXR7o=
57,28,19MT7o6RLh0ftRUS5J2JxDc3vMw=,AvoxNe424hjVqAIZ6YYPNtDXR7o=
58,31,qIFehPF7H38QAjeSE7FNnzlpcTg=,AvoxNe424hjVqAIZ6YYPNtDXR7o=
57,31,19MT7o6RLh0ftRUS5J2JxDc3vMw=,AvoxNe424hjVqAIZ6YYPNtDXR7o=
52,25,qIFehPF7H38QAjeSE7FNnzlpcTg=,7FWy/uBXyJEHPrM25cC10pVacU0=
56,31,19MT7o6RLh0ftRUS5J2JxDc3vMw=,AvoxNe424hjVqAIZ6YYPNtDXR7o=
51,25,qIFehPF7H38QAjeSE7FNnzlpcTg=,7FWy/uBXyJEHPrM25cC10pVacU0=
50,25,qIFehPF7H38QAjeSE7FNnzlpcTg=,7FWy/uBXyJEHPrM25cC10pVacU0=
49,25,qIFehPF7H38QAjeSE7FNnzlpcTg=,7FWy/uBXyJEHPrM25cC10pVacU0=
48,25,qIFehPF7H38QAjeSE7FNnzlpcTg=,7FWy/uBXyJEHPrM25cC10pVacU0=
55,24,IpeVXcV6h7PbGe6hG6dq+1ILw9g=,7FWy/uBXyJEHPrM25cC10pVacU0=
54,24,IpeVXcV6h7PbGe6hG6dq+1ILw9g=,7FWy/uBXyJEHPrM25cC10pVacU0=
53,24,IpeVXcV6h7PbGe6hG6dq+1ILw9g=,7FWy/uBXyJEHPrM25cC10pVacU0=
52,24,qIFehPF7H38QAjeSE7FNnzlpcTg=,7FWy/uBXyJEHPrM25cC10pVacU0=
58,30,IpeVXcV6h7PbGe6hG6dq+1ILw9g=,AvoxNe424hjVqAIZ6YYPNtDXR7o=
51,24,qIFehPF7H38QAjeSE7FNnzlpcTg=,7FWy/uBXyJEHPrM25cC10pVacU0=
50,24,qIFehPF7H38QAjeSE7FNnzlpcTg=,7FWy/uBXyJEHPrM25cC10pVacU0=
49,24,qIFehPF7H38QAjeSE7FNnzlpcTg=,7FWy/uBXyJEHPrM25cC10pVacU0=
48,24,qIFehPF7H38QAjeSE7FNnzlpcTg=,7FWy/uBXyJEHPrM25cC10pVacU0=
57,30,IpeVXcV6h7PbGe6hG6dq+1ILw9g=,AvoxNe424hjVqAIZ6YYPNtDXR7o=
56,30,IpeVXcV6h7PbGe6hG6dq+1ILw9g=,AvoxNe424hjVqAIZ6YYPNtDXR7o=
32,15,Ait8/hqLzssWSZpkeuxnpEzNxZU=,N13/Dt/aBotfgChAuOANOoSJ8qc=
36,14,Ait8/hqLzssWSZpkeuxnpEzNxZU=,N13/Dt/aBotfgChAuOANOoSJ8qc=
34,14,Ait8/hqLzssWSZpkeuxnpEzNxZU=,N13/Dt/aBotfgChAuOANOoSJ8qc=
35,14,Ait8/hqLzssWSZpkeuxnpEzNxZU=,N13/Dt/aBotfgChAuOANOoSJ8qc=
33,14,Ait8/hqLzssWSZpkeuxnpEzNxZU=,N13/Dt/aBotfgChAuOANOoSJ8qc=
36,13,Ait8/hqLzssWSZpkeuxnpEzNxZU=,N13/Dt/aBotfgChAuOANOoSJ8qc=
32,14,Ait8/hqLzssWSZpkeuxnpEzNxZU=,N13/Dt/aBotfgChAuOANOoSJ8qc=
35,13,Ait8/hqLzssWSZpkeuxnpEzNxZU=,N13/Dt/aBotfgChAuOANOoSJ8qc=
34,13,Ait8/hqLzssWSZpkeuxnpEzNxZU=,N13/Dt/aBotfgChAuOANOoSJ8qc=
36,12,Ait8/hqLzssWSZpkeuxnpEzNxZU=,N13/Dt/aBotfgChAuOANOoSJ8qc=
33,13,Ait8/hqLzssWSZpkeuxnpEzNxZU=,N13/Dt/aBotfgChAuOANOoSJ8qc=
35,12,Ait8/hqLzssWSZpkeuxnpEzNxZU=,N13/Dt/aBotfgChAuOANOoSJ8qc=
32,13,BHcReWctoTrglQRvmzMSCSd9vPw=,N13/Dt/aBotfgChAuOANOoSJ8qc=
34,12,Ait8/hqLzssWSZpkeuxnpEzNxZU=,N13/Dt/aBotfgChAuOANOoSJ8qc=
34,15,BHcReWctoTrglQRvmzMSCSd9vPw=,N13/Dt/aBotfgChAuOANOoSJ8qc=
33,12,Ait8/hqLzssWSZpkeuxnpEzNxZU=,N13/Dt/aBotfgChAuOANOoSJ8qc=
33,15,BHcReWctoTrglQRvmzMSCSd9vPw=,N13/Dt/aBotfgChAuOANOoSJ8qc=
32,12,Ait8/hqLzssWSZpkeuxnpEzNxZU=,N13/Dt/aBotfgChAuOANOoSJ8qc=
36,11,BHcReWctoTrglQRvmzMSCSd9vPw=,N13/Dt/aBotfgChAuOANOoSJ8qc=
35,11,BHcReWctoTrglQRvmzMSCSd9vPw=,N13/Dt/aBotfgChAuOANOoSJ8qc=
34,11,BHcReWctoTrglQRvmzMSCSd9vPw=,N13/Dt/aBotfgChAuOANOoSJ8qc=
33,11,BHcReWctoTrglQRvmzMSCSd9vPw=,N13/Dt/aBotfgChAuOANOoSJ8qc=
32,11,BHcReWctoTrglQRvmzMSCSd9vPw=,N13/Dt/aBotfgChAuOANOoSJ8qc=
36,15,BHcReWctoTrglQRvmzMSCSd9vPw=,N13/Dt/aBotfgChAuOANOoSJ8qc=
35,15,BHcReWctoTrglQRvmzMSCSd9vPw=,N13/Dt/aBotfgChAuOANOoSJ8qc=
39,14,BHcReWctoTrglQRvmzMSCSd9vPw=,N13/Dt/aBotfgChAuOANOoSJ8qc=
38,14,BHcReWctoTrglQRvmzMSCSd9vPw=,N13/Dt/aBotfgChAuOANOoSJ8qc=
37,14,BHcReWctoTrglQRvmzMSCSd9vPw=,N13/Dt/aBotfgChAuOANOoSJ8qc=
47,5,gaSWRyrqRjv0yZnDNiO4lYJfePM=,fzuyB/gJIAyWXmXkUme/SokwvJU=
39,13,BHcReWctoTrglQRvmzMSCSd9vPw=,N13/Dt/aBotfgChAuOANOoSJ8qc=
46,5,gaSWRyrqRjv0yZnDNiO4lYJfePM=,fzuyB/gJIAyWXmXkUme/SokwvJU=
38,13,BHcReWctoTrglQRvmzMSCSd9vPw=,N13/Dt/aBotfgChAuOANOoSJ8qc=
45,5,gaSWRyrqRjv0yZnDNiO4lYJfePM=,fzuyB/gJIAyWXmXkUme/SokwvJU=
47,2,gaSWRyrqRjv0yZnDNiO4lYJfePM=,fzuyB/gJIAyWXmXkUme/SokwvJU=
37,13,BHcReWctoTrglQRvmzMSCSd9vPw=,N13/Dt/aBotfgChAuOANOoSJ8qc=
44,5,gaSWRyrqRjv0yZnDNiO4lYJfePM=,fzuyB/gJIAyWXmXkUme/SokwvJU=
46,2,gaSWRyrqRjv0yZnDNiO4lYJfePM=,fzuyB/gJIAyWXmXkUme/SokwvJU=
39,12,av3AIOBfeRAcq1FkId+l8wi/6jw=,N13/Dt/aBotfgChAuOANOoSJ8qc=
43,5,gaSWRyrqRjv0yZnDNiO4lYJfePM=,fzuyB/gJIAyWXmXkUme/SokwvJU=
45,2,gaSWRyrqRjv0yZnDNiO4lYJfePM=,fzuyB/gJIAyWXmXkUme/SokwvJU=
38,12,av3AIOBfeRAcq1FkId+l8wi/6jw=,N13/Dt/aBotfgChAuOANOoSJ8qc=
47,4,gaSWRyrqRjv0yZnDNiO4lYJfePM=,fzuyB/gJIAyWXmXkUme/SokwvJU=
44,2,gaSWRyrqRjv0yZnDNiO4lYJfePM=,fzuyB/gJIAyWXmXkUme/SokwvJU=
37,12,av3AIOBfeRAcq1FkId+l8wi/6jw=,N13/Dt/aBotfgChAuOANOoSJ8qc=
46,4,gaSWRyrqRjv0yZnDNiO4lYJfePM=,fzuyB/gJIAyWXmXkUme/SokwvJU=
43,2,gaSWRyrqRjv0yZnDNiO4lYJfePM=,fzuyB/gJIAyWXmXkUme/SokwvJU=
39,11,av3AIOBfeRAcq1FkId+l8wi/6jw=,N13/Dt/aBotfgChAuOANOoSJ8qc=
45,4,gaSWRyrqRjv0yZnDNiO4lYJfePM=,fzuyB/gJIAyWXmXkUme/SokwvJU=
47,1,gaSWRyrqRjv0yZnDNiO4lYJfePM=,fzuyB/gJIAyWXmXkUme/SokwvJU=
38,11,av3AIOBfeRAcq1FkId+l8wi/6jw=,N13/Dt/aBotfgChAuOANOoSJ8qc=
44,4,gaSWRyrqRjv0yZnDNiO4lYJfePM=,fzuyB/gJIAyWXmXkUme/SokwvJU=
46,1,gaSWRyrqRjv0yZnDNiO4lYJfePM=,fzuyB/gJIAyWXmXkUme/SokwvJU=
37,11,av3AIOBfeRAcq1FkId+l8wi/6jw=,N13/Dt/aBotfgChAuOANOoSJ8qc=
43,4,gaSWRyrqRjv0yZnDNiO4lYJfePM=,fzuyB/gJIAyWXmXkUme/SokwvJU=
39,15,av3AIOBfeRAcq1FkId+l8wi/6jw=,N13/Dt/aBotfgChAuOANOoSJ8qc=
45,1,gaSWRyrqRjv0yZnDNiO4lYJfePM=,fzuyB/gJIAyWXmXkUme/SokwvJU=
47,3,gaSWRyrqRjv0yZnDNiO4lYJfePM=,fzuyB/gJIAyWXmXkUme/SokwvJU=
38,15,av3AIOBfeRAcq1FkId+l8wi/6jw=,N13/Dt/aBotfgChAuOANOoSJ8qc=
44,1,gaSWRyrqRjv0yZnDNiO4lYJfePM=,fzuyB/gJIAyWXmXkUme/SokwvJU=
46,3,gaSWRyrqRjv0yZnDNiO4lYJfePM=,fzuyB/gJIAyWXmXkUme/SokwvJU=
37,15,av3AIOBfeRAcq1FkId+l8wi/6jw=,N13/Dt/aBotfgChAuOANOoSJ8qc=
43,1,gaSWRyrqRjv0yZnDNiO4lYJfePM=,fzuyB/gJIAyWXmXkUme/SokwvJU=
45,3,gaSWRyrqRjv0yZnDNiO4lYJfePM=,fzuyB/gJIAyWXmXkUme/SokwvJU=
47,0,gaSWRyrqRjv0yZnDNiO4lYJfePM=,fzuyB/gJIAyWXmXkUme/SokwvJU=
44,3,gaSWRyrqRjv0yZnDNiO4lYJfePM=,fzuyB/gJIAyWXmXkUme/SokwvJU=
46,0,gaSWRyrqRjv0yZnDNiO4lYJfePM=,fzuyB/gJIAyWXmXkUme/SokwvJU=
47,7,gaSWRyrqRjv0yZnDNiO4lYJfePM=,fzuyB/gJIAyWXmXkUme/SokwvJU=
45,0,gaSWRyrqRjv0yZnDNiO4lYJfePM=,fzuyB/gJIAyWXmXkUme/SokwvJU=
42,5,ftEDN8h4cJs3G/sh9t+gaZmDrL8=,fzuyB/gJIAyWXmXkUme/SokwvJU=
46,7,gaSWRyrqRjv0yZnDNiO4lYJfePM=,fzuyB/gJIAyWXmXkUme/SokwvJU=
44,0,gaSWRyrqRjv0yZnDNiO4lYJfePM=,fzuyB/gJIAyWXmXkUme/SokwvJU=
41,5,ftEDN8h4cJs3G/sh9t+gaZmDrL8=,fzuyB/gJIAyWXmXkUme/SokwvJU=
45,7,gaSWRyrqRjv0yZnDNiO4lYJfePM=,fzuyB/gJIAyWXmXkUme/SokwvJU=
43,0,gaSWRyrqRjv0yZnDNiO4lYJfePM=,fzuyB/gJIAyWXmXkUme/SokwvJU=
40,5,ftEDN8h4cJs3G/sh9t+gaZmDrL8=,fzuyB/gJIAyWXmXkUme/SokwvJU=
44,7,gaSWRyrqRjv0yZnDNiO4lYJfePM=,fzuyB/gJIAyWXmXkUme/SokwvJU=
42,4,ftEDN8h4cJs3G/sh9t+gaZmDrL8=,fzuyB/gJIAyWXmXkUme/SokwvJU=
43,7,gaSWRyrqRjv0yZnDNiO4lYJfePM=,fzuyB/gJIAyWXmXkUme/SokwvJU=
41,4,ftEDN8h4cJs3G/sh9t+gaZmDrL8=,fzuyB/gJIAyWXmXkUme/SokwvJU=
43,3,gaSWRyrqRjv0yZnDNiO4lYJfePM=,fzuyB/gJIAyWXmXkUme/SokwvJU=
47,6,gaSWRyrqRjv0yZnDNiO4lYJfePM=,fzuyB/gJIAyWXmXkUme/SokwvJU=
40,4,ftEDN8h4cJs3G/sh9t+gaZmDrL8=,fzuyB/gJIAyWXmXkUme/SokwvJU=
46,6,gaSWRyrqRjv0yZnDNiO4lYJfePM=,fzuyB/gJIAyWXmXkUme/SokwvJU=
42,7,ftEDN8h4cJs3G/sh9t+gaZmDrL8=,fzuyB/gJIAyWXmXkUme/SokwvJU=
45,6,gaSWRyrqRjv0yZnDNiO4lYJfePM=,fzuyB/gJIAyWXmXkUme/SokwvJU=
41,7,ftEDN8h4cJs3G/sh9t+gaZmDrL8=,fzuyB/gJIAyWXmXkUme/SokwvJU=
44,6,gaSWRyrqRjv0yZnDNiO4lYJfePM=,fzuyB/gJIAyWXmXkUme/SokwvJU=
40,7,ftEDN8h4cJs3G/sh9t+gaZmDrL8=,fzuyB/gJIAyWXmXkUme/SokwvJU=
43,6,gaSWRyrqRjv0yZnDNiO4lYJfePM=,fzuyB/gJIAyWXmXkUme/SokwvJU=
42,3,ftEDN8h4cJs3G/sh9t+gaZmDrL8=,fzuyB/gJIAyWXmXkUme/SokwvJU=
41,3,ftEDN8h4cJs3G/sh9t+gaZmDrL8=,fzuyB/gJIAyWXmXkUme/SokwvJU=
40,3,ftEDN8h4cJs3G/sh9t+gaZmDrL8=,fzuyB/gJIAyWXmXkUme/SokwvJU=
42,2,ftEDN8h4cJs3G/sh9t+gaZmDrL8=,fzuyB/gJIAyWXmXkUme/SokwvJU=
41,2,ftEDN8h4cJs3G/sh9t+gaZmDrL8=,fzuyB/gJIAyWXmXkUme/SokwvJU=
40,2,ftEDN8h4cJs3G/sh9t+gaZmDrL8=,fzuyB/gJIAyWXmXkUme/SokwvJU=
39,10,ftEDN8h4cJs3G/sh9t+gaZmDrL8=,N13/Dt/aBotfgChAuOANOoSJ8qc=
38,10,ftEDN8h4cJs3G/sh9t+gaZmDrL8=,N13/Dt/aBotfgChAuOANOoSJ8qc=
42,1,ftEDN8h4cJs3G/sh9t+gaZmDrL8=,fzuyB/gJIAyWXmXkUme/SokwvJU=
41,1,ftEDN8h4cJs3G/sh9t+gaZmDrL8=,fzuyB/gJIAyWXmXkUme/SokwvJU=
37,10,ftEDN8h4cJs3G/sh9t+gaZmDrL8=,N13/Dt/aBotfgChAuOANOoSJ8qc=
36,10,ftEDN8h4cJs3G/sh9t+gaZmDrL8=,N13/Dt/aBotfgChAuOANOoSJ8qc=
35,10,ftEDN8h4cJs3G/sh9t+gaZmDrL8=,N13/Dt/aBotfgChAuOANOoSJ8qc=
34,10,ftEDN8h4cJs3G/sh9t+gaZmDrL8=,N13/Dt/aBotfgChAuOANOoSJ8qc=
33,10,ftEDN8h4cJs3G/sh9t+gaZmDrL8=,N13/Dt/aBotfgChAuOANOoSJ8qc=
32,10,ftEDN8h4cJs3G/sh9t+gaZmDrL8=,N13/Dt/aBotfgChAuOANOoSJ8qc=
39,9,ftEDN8h4cJs3G/sh9t+gaZmDrL8=,N13/Dt/aBotfgChAuOANOoSJ8qc=
40,1,ftEDN8h4cJs3G/sh9t+gaZmDrL8=,fzuyB/gJIAyWXmXkUme/SokwvJU=
38,9,ftEDN8h4cJs3G/sh9t+gaZmDrL8=,N13/Dt/aBotfgChAuOANOoSJ8qc=
37,9,ftEDN8h4cJs3G/sh9t+gaZmDrL8=,N13/Dt/aBotfgChAuOANOoSJ8qc=
36,9,ftEDN8h4cJs3G/sh9t+gaZmDrL8=,N13/Dt/aBotfgChAuOANOoSJ8qc=
35,9,ftEDN8h4cJs3G/sh9t+gaZmDrL8=,N13/Dt/aBotfgChAuOANOoSJ8qc=
34,9,ftEDN8h4cJs3G/sh9t+gaZmDrL8=,N13/Dt/aBotfgChAuOANOoSJ8qc=
33,9,ftEDN8h4cJs3G/sh9t+gaZmDrL8=,N13/Dt/aBotfgChAuOANOoSJ8qc=
32,9,ftEDN8h4cJs3G/sh9t+gaZmDrL8=,N13/Dt/aBotfgChAuOANOoSJ8qc=
39,8,ftEDN8h4cJs3G/sh9t+gaZmDrL8=,N13/Dt/aBotfgChAuOANOoSJ8qc=
38,8,ftEDN8h4cJs3G/sh9t+gaZmDrL8=,N13/Dt/aBotfgChAuOANOoSJ8qc=
42,0,ftEDN8h4cJs3G/sh9t+gaZmDrL8=,fzuyB/gJIAyWXmXkUme/SokwvJU=
41,0,EO+meD9esq9/EfhkvJz/ZIOapv4=,fzuyB/gJIAyWXmXkUme/SokwvJU=
40,0,EO+meD9esq9/EfhkvJz/ZIOapv4=,fzuyB/gJIAyWXmXkUme/SokwvJU=
37,8,ftEDN8h4cJs3G/sh9t+gaZmDrL8=,N13/Dt/aBotfgChAuOANOoSJ8qc=
36,8,ftEDN8h4cJs3G/sh9t+gaZmDrL8=,N13/Dt/aBotfgChAuOANOoSJ8qc=
35,8,ftEDN8h4cJs3G/sh9t+gaZmDrL8=,N13/Dt/aBotfgChAuOANOoSJ8qc=
34,8,ftEDN8h4cJs3G/sh9t+gaZmDrL8=,N13/Dt/aBotfgChAuOANOoSJ8qc=
33,8,ftEDN8h4cJs3G/sh9t+gaZmDrL8=,N13/Dt/aBotfgChAuOANOoSJ8qc=
32,8,ftEDN8h4cJs3G/sh9t+gaZmDrL8=,N13/Dt/aBotfgChAuOANOoSJ8qc=
39,7,ftEDN8h4cJs3G/sh9t+gaZmDrL8=,vjoAfEgvlrKTXKQ71NXlY1HEclc=
38,7,ftEDN8h4cJs3G/sh9t+gaZmDrL8=,vjoAfEgvlrKTXKQ71NXlY1HEclc=
37,7,ftEDN8h4cJs3G/sh9t+gaZmDrL8=,vjoAfEgvlrKTXKQ71NXlY1HEclc=
36,7,ftEDN8h4cJs3G/sh9t+gaZmDrL8=,vjoAfEgvlrKTXKQ71NXlY1HEclc=
35,7,ftEDN8h4cJs3G/sh9t+gaZmDrL8=,vjoAfEgvlrKTXKQ71NXlY1HEclc=
34,7,ftEDN8h4cJs3G/sh9t+gaZmDrL8=,vjoAfEgvlrKTXKQ71NXlY1HEclc=
33,7,ftEDN8h4cJs3G/sh9t+gaZmDrL8=,vjoAfEgvlrKTXKQ71NXlY1HEclc=
32,7,ftEDN8h4cJs3G/sh9t+gaZmDrL8=,vjoAfEgvlrKTXKQ71NXlY1HEclc=
39,6,ftEDN8h4cJs3G/sh9t+gaZmDrL8=,vjoAfEgvlrKTXKQ71NXlY1HEclc=
38,6,ftEDN8h4cJs3G/sh9t+gaZmDrL8=,vjoAfEgvlrKTXKQ71NXlY1HEclc=
37,6,ftEDN8h4cJs3G/sh9t+gaZmDrL8=,vjoAfEgvlrKTXKQ71NXlY1HEclc=
36,6,ftEDN8h4cJs3G/sh9t+gaZmDrL8=,vjoAfEgvlrKTXKQ71NXlY1HEclc=
35,6,ftEDN8h4cJs3G/sh9t+gaZmDrL8=,vjoAfEgvlrKTXKQ71NXlY1HEclc=
34,6,ftEDN8h4cJs3G/sh9t+gaZmDrL8=,vjoAfEgvlrKTXKQ71NXlY1HEclc=
33,6,ftEDN8h4cJs3G/sh9t+gaZmDrL8=,vjoAfEgvlrKTXKQ71NXlY1HEclc=
32,6,ftEDN8h4cJs3G/sh9t+gaZmDrL8=,vjoAfEgvlrKTXKQ71NXlY1HEclc=
39,5,ftEDN8h4cJs3G/sh9t+gaZmDrL8=,vjoAfEgvlrKTXKQ71NXlY1HEclc=
38,5,ftEDN8h4cJs3G/sh9t+gaZmDrL8=,vjoAfEgvlrKTXKQ71NXlY1HEclc=
37,5,ftEDN8h4cJs3G/sh9t+gaZmDrL8=,vjoAfEgvlrKTXKQ71NXlY1HEclc=
36,5,ftEDN8h4cJs3G/sh9t+gaZmDrL8=,vjoAfEgvlrKTXKQ71NXlY1HEclc=
35,5,ftEDN8h4cJs3G/sh9t+gaZmDrL8=,vjoAfEgvlrKTXKQ71NXlY1HEclc=
34,5,ftEDN8h4cJs3G/sh9t+gaZmDrL8=,vjoAfEgvlrKTXKQ71NXlY1HEclc=
33,5,ftEDN8h4cJs3G/sh9t+gaZmDrL8=,vjoAfEgvlrKTXKQ71NXlY1HEclc=
32,5,ftEDN8h4cJs3G/sh9t+gaZmDrL8=,vjoAfEgvlrKTXKQ71NXlY1HEclc=
39,4,ftEDN8h4cJs3G/sh9t+gaZmDrL8=,vjoAfEgvlrKTXKQ71NXlY1HEclc=
38,4,ftEDN8h4cJs3G/sh9t+gaZmDrL8=,vjoAfEgvlrKTXKQ71NXlY1HEclc=
37,4,ftEDN8h4cJs3G/sh9t+gaZmDrL8=,vjoAfEgvlrKTXKQ71NXlY1HEclc=
42,6,EO+meD9esq9/EfhkvJz/ZIOapv4=,fzuyB/gJIAyWXmXkUme/SokwvJU=
36,4,ftEDN8h4cJs3G/sh9t+gaZmDrL8=,vjoAfEgvlrKTXKQ71NXlY1HEclc=
35,4,ftEDN8h4cJs3G/sh9t+gaZmDrL8=,vjoAfEgvlrKTXKQ71NXlY1HEclc=
41,6,EO+meD9esq9/EfhkvJz/ZIOapv4=,fzuyB/gJIAyWXmXkUme/SokwvJU=
34,4,ftEDN8h4cJs3G/sh9t+gaZmDrL8=,vjoAfEgvlrKTXKQ71NXlY1HEclc=
33,4,ftEDN8h4cJs3G/sh9t+gaZmDrL8=,vjoAfEgvlrKTXKQ71NXlY1HEclc=
32,4,ftEDN8h4cJs3G/sh9t+gaZmDrL8=,vjoAfEgvlrKTXKQ71NXlY1HEclc=
39,3,ftEDN8h4cJs3G/sh9t+gaZmDrL8=,vjoAfEgvlrKTXKQ71NXlY1HEclc=
40,6,EO+meD9esq9/EfhkvJz/ZIOapv4=,fzuyB/gJIAyWXmXkUme/SokwvJU=
38,3,ftEDN8h4cJs3G/sh9t+gaZmDrL8=,vjoAfEgvlrKTXKQ71NXlY1HEclc=
37,3,ftEDN8h4cJs3G/sh9t+gaZmDrL8=,vjoAfEgvlrKTXKQ71NXlY1HEclc=
36,3,ftEDN8h4cJs3G/sh9t+gaZmDrL8=,vjoAfEgvlrKTXKQ71NXlY1HEclc=
35,3,ftEDN8h4cJs3G/sh9t+gaZmDrL8=,vjoAfEgvlrKTXKQ71NXlY1HEclc=
34,3,EO+meD9esq9/EfhkvJz/ZIOapv4=,vjoAfEgvlrKTXKQ71NXlY1HEclc=
33,3,EO+meD9esq9/EfhkvJz/ZIOapv4=,vjoAfEgvlrKTXKQ71NXlY1HEclc=
32,3,EO+meD9esq9/EfhkvJz/ZIOapv4=,vjoAfEgvlrKTXKQ71NXlY1HEclc=
39,2,EO+meD9esq9/EfhkvJz/ZIOapv4=,vjoAfEgvlrKTXKQ71NXlY1HEclc=
38,2,EO+meD9esq9/EfhkvJz/ZIOapv4=,vjoAfEgvlrKTXKQ71NXlY1HEclc=
37,2,EO+meD9esq9/EfhkvJz/ZIOapv4=,vjoAfEgvlrKTXKQ71NXlY1HEclc=
36,2,EO+meD9esq9/EfhkvJz/ZIOapv4=,vjoAfEgvlrKTXKQ71NXlY1HEclc=
35,2,EO+meD9esq9/EfhkvJz/ZIOapv4=,vjoAfEgvlrKTXKQ71NXlY1HEclc=
34,2,EO+meD9esq9/EfhkvJz/ZIOapv4=,vjoAfEgvlrKTXKQ71NXlY1HEclc=
33,2,EO+meD9esq9/EfhkvJz/ZIOapv4=,vjoAfEgvlrKTXKQ71NXlY1HEclc=
32,2,EO+meD9esq9/EfhkvJz/ZIOapv4=,vjoAfEgvlrKTXKQ71NXlY1HEclc=
39,1,EO+meD9esq9/EfhkvJz/ZIOapv4=,vjoAfEgvlrKTXKQ71NXlY1HEclc=
38,1,EO+meD9esq9/EfhkvJz/ZIOapv4=,vjoAfEgvlrKTXKQ71NXlY1HEclc=
37,1,EO+meD9esq9/EfhkvJz/ZIOapv4=,vjoAfEgvlrKTXKQ71NXlY1HEclc=
36,1,EO+meD9esq9/EfhkvJz/ZIOapv4=,vjoAfEgvlrKTXKQ71NXlY1HEclc=
35,1,EO+meD9esq9/EfhkvJz/ZIOapv4=,vjoAfEgvlrKTXKQ71NXlY1HEclc=
34,1,EO+meD9esq9/EfhkvJz/ZIOapv4=,vjoAfEgvlrKTXKQ71NXlY1HEclc=
33,1,EO+meD9esq9/EfhkvJz/ZIOapv4=,vjoAfEgvlrKTXKQ71NXlY1HEclc=
32,1,EO+meD9esq9/EfhkvJz/ZIOapv4=,vjoAfEgvlrKTXKQ71NXlY1HEclc=
39,0,EO+meD9esq9/EfhkvJz/ZIOapv4=,vjoAfEgvlrKTXKQ71NXlY1HEclc=
38,0,EO+meD9esq9/EfhkvJz/ZIOapv4=,vjoAfEgvlrKTXKQ71NXlY1HEclc=
37,0,EO+meD9esq9/EfhkvJz/ZIOapv4=,vjoAfEgvlrKTXKQ71NXlY1HEclc=
36,0,EO+meD9esq9/EfhkvJz/ZIOapv4=,vjoAfEgvlrKTXKQ71NXlY1HEclc=
35,0,EO+meD9esq9/EfhkvJz/ZIOapv4=,vjoAfEgvlrKTXKQ71NXlY1HEclc=
34,0,EO+meD9esq9/EfhkvJz/ZIOapv4=,vjoAfEgvlrKTXKQ71NXlY1HEclc=
33,0,EO+meD9esq9/EfhkvJz/ZIOapv4=,vjoAfEgvlrKTXKQ71NXlY1HEclc=
32,0,EO+meD9esq9/EfhkvJz/ZIOapv4=,vjoAfEgvlrKTXKQ71NXlY1HEclc=
