19,-3,Askfb2Mza7LanZijIqt8dUGe9GQ=,7J3emamCQ/6U8PjeYmfUsrBHDXM=
18,-3,Askfb2Mza7LanZijIqt8dUGe9GQ=,7J3emamCQ/6U8PjeYmfUsrBHDXM=
21,-5,jgVl5PmGE/5iGnqYFkEgvdlHur8=,zEndUStYyZgKpZ/LZaIFwpjEvzM=
20,-5,jgVl5PmGE/5iGnqYFkEgvdlHur8=,zEndUStYyZgKpZ/LZaIFwpjEvzM=
19,-4,jgVl5PmGE/5iGnqYFkEgvdlHur8=,7J3emamCQ/6U8PjeYmfUsrBHDXM=
18,-4,jgVl5PmGE/5iGnqYFkEgvdlHur8=,7J3emamCQ/6U8PjeYmfUsrBHDXM=
21,-6,jgVl5PmGE/5iGnqYFkEgvdlHur8=,zEndUStYyZgKpZ/LZaIFwpjEvzM=
20,-6,jgVl5PmGE/5iGnqYFkEgvdlHur8=,zEndUStYyZgKpZ/LZaIFwpjEvzM=
21,-3,jgVl5PmGE/5iGnqYFkEgvdlHur8=,VdAAgFovTAxCraYyU+N5ACixS58=
23,-7,jgVl5PmGE/5iGnqYFkEgvdlHur8=,zEndUStYyZgKpZ/LZaIFwpjEvzM=
31,-9,jgVl5PmGE/5iGnqYFkEgvdlHur8=,mJ2kpVT5dTvv+HXAzmxJhX0MpRI=
21,-1,jgVl5PmGE/5iGnqYFkEgvdlHur8=,VdAAgFovTAxCraYyU+N5ACixS58=
30,-9,jgVl5PmGE/5iGnqYFkEgvdlHur8=,mJ2kpVT5dTvv+HXAzmxJhX0MpRI=
23,-5,jgVl5PmGE/5iGnqYFkEgvdlHur8=,zEndUStYyZgKpZ/LZaIFwpjEvzM=
20,-3,jgVl5PmGE/5iGnqYFkEgvdlHur8=,VdAAgFovTAxCraYyU+N5ACixS58=
20,-1,jgVl5PmGE/5iGnqYFkEgvdlHur8=,VdAAgFovTAxCraYyU+N5ACixS58=
31,-10,jgVl5PmGE/5iGnqYFkEgvdlHur8=,mJ2kpVT5dTvv+HXAzmxJhX0MpRI=
21,-4,jgVl5PmGE/5iGnqYFkEgvdlHur8=,VdAAgFovTAxCraYyU+N5ACixS58=
22,-7,jgVl5PmGE/5iGnqYFkEgvdlHur8=,zEndUStYyZgKpZ/LZaIFwpjEvzM=
19,-1,jgVl5PmGE/5iGnqYFkEgvdlHur8=,7J3emamCQ/6U8PjeYmfUsrBHDXM=
30,-10,jgVl5PmGE/5iGnqYFkEgvdlHur8=,mJ2kpVT5dTvv+HXAzmxJhX0MpRI=
20,-4,jgVl5PmGE/5iGnqYFkEgvdlHur8=,VdAAgFovTAxCraYyU+N5ACixS58=
22,-5,jgVl5PmGE/5iGnqYFkEgvdlHur8=,zEndUStYyZgKpZ/LZaIFwpjEvzM=
18,-1,jgVl5PmGE/5iGnqYFkEgvdlHur8=,7J3emamCQ/6U8PjeYmfUsrBHDXM=
31,-7,jgVl5PmGE/5iGnqYFkEgvdlHur8=,Ak9sijaIj1idy7jqY3y3rs6nLsc=
17,-1,jgVl5PmGE/5iGnqYFkEgvdlHur8=,7J3emamCQ/6U8PjeYmfUsrBHDXM=
23,-3,jgVl5PmGE/5iGnqYFkEgvdlHur8=,VdAAgFovTAxCraYyU+N5ACixS58=
21,-2,jgVl5PmGE/5iGnqYFkEgvdlHur8=,VdAAgFovTAxCraYyU+N5ACixS58=
30,-7,jgVl5PmGE/5iGnqYFkEgvdlHur8=,Ak9sijaIj1idy7jqY3y3rs6nLsc=
16,-1,jgVl5PmGE/5iGnqYFkEgvdlHur8=,7J3emamCQ/6U8PjeYmfUsrBHDXM=
22,-3,jgVl5PmGE/5iGnqYFkEgvdlHur8=,VdAAgFovTAxCraYyU+N5ACixS58=
20,-2,jgVl5PmGE/5iGnqYFkEgvdlHur8=,VdAAgFovTAxCraYyU+N5ACixS58=
31,-8,jgVl5PmGE/5iGnqYFkEgvdlHur8=,Ak9sijaIj1idy7jqY3y3rs6nLsc=
17,-2,orGmFjf6oq65NnVF1Cw9faKn2aQ=,7J3emamCQ/6U8PjeYmfUsrBHDXM=
27,-7,orGmFjf6oq65NnVF1Cw9faKn2aQ=,6kqz6UYQyINjuGXsscRV8H9JBpk=
30,-8,orGmFjf6oq65NnVF1Cw9faKn2aQ=,Ak9sijaIj1idy7jqY3y3rs6nLsc=
19,-2,orGmFjf6oq65NnVF1Cw9faKn2aQ=,7J3emamCQ/6U8PjeYmfUsrBHDXM=
16,-2,orGmFjf6oq65NnVF1Cw9faKn2aQ=,7J3emamCQ/6U8PjeYmfUsrBHDXM=
29,-9,orGmFjf6oq65NnVF1Cw9faKn2aQ=,mJ2kpVT5dTvv+HXAzmxJhX0MpRI=
23,-12,orGmFjf6oq65NnVF1Cw9faKn2aQ=,UdJ5NJ7TqemaVedxL3g6Swbf6yk=
18,-2,orGmFjf6oq65NnVF1Cw9faKn2aQ=,7J3emamCQ/6U8PjeYmfUsrBHDXM=
27,-12,orGmFjf6oq65NnVF1Cw9faKn2aQ=,aQn8IYNC5rs8ZvB6ivs1bmECeVY=
26,-7,orGmFjf6oq65NnVF1Cw9faKn2aQ=,6kqz6UYQyINjuGXsscRV8H9JBpk=
22,-12,orGmFjf6oq65NnVF1Cw9faKn2aQ=,UdJ5NJ7TqemaVedxL3g6Swbf6yk=
31,-12,orGmFjf6oq65NnVF1Cw9faKn2aQ=,mJ2kpVT5dTvv+HXAzmxJhX0MpRI=
26,-12,orGmFjf6oq65NnVF1Cw9faKn2aQ=,aQn8IYNC5rs8ZvB6ivs1bmECeVY=
27,-9,orGmFjf6oq65NnVF1Cw9faKn2aQ=,aQn8IYNC5rs8ZvB6ivs1bmECeVY=
30,-12,orGmFjf6oq65NnVF1Cw9faKn2aQ=,mJ2kpVT5dTvv+HXAzmxJhX0MpRI=
23,-11,orGmFjf6oq65NnVF1Cw9faKn2aQ=,UdJ5NJ7TqemaVedxL3g6Swbf6yk=
29,-12,orGmFjf6oq65NnVF1Cw9faKn2aQ=,mJ2kpVT5dTvv+HXAzmxJhX0MpRI=
26,-9,orGmFjf6oq65NnVF1Cw9faKn2aQ=,aQn8IYNC5rs8ZvB6ivs1bmECeVY=
22,-11,orGmFjf6oq65NnVF1Cw9faKn2aQ=,UdJ5NJ7TqemaVedxL3g6Swbf6yk=
31,-11,orGmFjf6oq65NnVF1Cw9faKn2aQ=,mJ2kpVT5dTvv+HXAzmxJhX0MpRI=
28,-12,orGmFjf6oq65NnVF1Cw9faKn2aQ=,mJ2kpVT5dTvv+HXAzmxJhX0MpRI=
25,-9,orGmFjf6oq65NnVF1Cw9faKn2aQ=,aQn8IYNC5rs8ZvB6ivs1bmECeVY=
25,-12,orGmFjf6oq65NnVF1Cw9faKn2aQ=,aQn8IYNC5rs8ZvB6ivs1bmECeVY=
30,-11,orGmFjf6oq65NnVF1Cw9faKn2aQ=,mJ2kpVT5dTvv+HXAzmxJhX0MpRI=
27,-11,orGmFjf6oq65NnVF1Cw9faKn2aQ=,aQn8IYNC5rs8ZvB6ivs1bmECeVY=
24,-9,orGmFjf6oq65NnVF1Cw9faKn2aQ=,aQn8IYNC5rs8ZvB6ivs1bmECeVY=
24,-12,orGmFjf6oq65NnVF1Cw9faKn2aQ=,aQn8IYNC5rs8ZvB6ivs1bmECeVY=
23,-1,orGmFjf6oq65NnVF1Cw9faKn2aQ=,VdAAgFovTAxCraYyU+N5ACixS58=
26,-11,orGmFjf6oq65NnVF1Cw9faKn2aQ=,aQn8IYNC5rs8ZvB6ivs1bmECeVY=
29,-5,orGmFjf6oq65NnVF1Cw9faKn2aQ=,Ak9sijaIj1idy7jqY3y3rs6nLsc=
25,-11,orGmFjf6oq65NnVF1Cw9faKn2aQ=,aQn8IYNC5rs8ZvB6ivs1bmECeVY=
22,-1,orGmFjf6oq65NnVF1Cw9faKn2aQ=,VdAAgFovTAxCraYyU+N5ACixS58=
29,-11,orGmFjf6oq65NnVF1Cw9faKn2aQ=,mJ2kpVT5dTvv+HXAzmxJhX0MpRI=
28,-9,orGmFjf6oq65NnVF1Cw9faKn2aQ=,mJ2kpVT5dTvv+HXAzmxJhX0MpRI=
24,-11,orGmFjf6oq65NnVF1Cw9faKn2aQ=,aQn8IYNC5rs8ZvB6ivs1bmECeVY=
23,-2,orGmFjf6oq65NnVF1Cw9faKn2aQ=,VdAAgFovTAxCraYyU+N5ACixS58=
28,-11,orGmFjf6oq65NnVF1Cw9faKn2aQ=,mJ2kpVT5dTvv+HXAzmxJhX0MpRI=
27,-10,orGmFjf6oq65NnVF1Cw9faKn2aQ=,aQn8IYNC5rs8ZvB6ivs1bmECeVY=
22,-2,orGmFjf6oq65NnVF1Cw9faKn2aQ=,VdAAgFovTAxCraYyU+N5ACixS58=
21,-12,orGmFjf6oq65NnVF1Cw9faKn2aQ=,UdJ5NJ7TqemaVedxL3g6Swbf6yk=
17,-3,orGmFjf6oq65NnVF1Cw9faKn2aQ=,7J3emamCQ/6U8PjeYmfUsrBHDXM=
28,-5,orGmFjf6oq65NnVF1Cw9faKn2aQ=,Ak9sijaIj1idy7jqY3y3rs6nLsc=
20,-12,orGmFjf6oq65NnVF1Cw9faKn2aQ=,UdJ5NJ7TqemaVedxL3g6Swbf6yk=
31,-5,orGmFjf6oq65NnVF1Cw9faKn2aQ=,Ak9sijaIj1idy7jqY3y3rs6nLsc=
16,-3,orGmFjf6oq65NnVF1Cw9faKn2aQ=,7J3emamCQ/6U8PjeYmfUsrBHDXM=
26,-10,orGmFjf6oq65NnVF1Cw9faKn2aQ=,aQn8IYNC5rs8ZvB6ivs1bmECeVY=
21,-7,orGmFjf6oq65NnVF1Cw9faKn2aQ=,zEndUStYyZgKpZ/LZaIFwpjEvzM=
17,-4,orGmFjf6oq65NnVF1Cw9faKn2aQ=,7J3emamCQ/6U8PjeYmfUsrBHDXM=
30,-5,orGmFjf6oq65NnVF1Cw9faKn2aQ=,Ak9sijaIj1idy7jqY3y3rs6nLsc=
25,-7,orGmFjf6oq65NnVF1Cw9faKn2aQ=,6kqz6UYQyINjuGXsscRV8H9JBpk=
20,-7,orGmFjf6oq65NnVF1Cw9faKn2aQ=,zEndUStYyZgKpZ/LZaIFwpjEvzM=
16,-4,orGmFjf6oq65NnVF1Cw9faKn2aQ=,7J3emamCQ/6U8PjeYmfUsrBHDXM=
31,-6,orGmFjf6oq65NnVF1Cw9faKn2aQ=,Ak9sijaIj1idy7jqY3y3rs6nLsc=
21,-8,orGmFjf6oq65NnVF1Cw9faKn2aQ=,zEndUStYyZgKpZ/LZaIFwpjEvzM=
23,-6,orGmFjf6oq65NnVF1Cw9faKn2aQ=,zEndUStYyZgKpZ/LZaIFwpjEvzM=
20,-8,orGmFjf6oq65NnVF1Cw9faKn2aQ=,zEndUStYyZgKpZ/LZaIFwpjEvzM=
30,-6,orGmFjf6oq65NnVF1Cw9faKn2aQ=,Ak9sijaIj1idy7jqY3y3rs6nLsc=
22,-6,orGmFjf6oq65NnVF1Cw9faKn2aQ=,zEndUStYyZgKpZ/LZaIFwpjEvzM=
21,-11,orGmFjf6oq65NnVF1Cw9faKn2aQ=,UdJ5NJ7TqemaVedxL3g6Swbf6yk=
24,-7,orGmFjf6oq65NnVF1Cw9faKn2aQ=,6kqz6UYQyINjuGXsscRV8H9JBpk=
20,-11,orGmFjf6oq65NnVF1Cw9faKn2aQ=,UdJ5NJ7TqemaVedxL3g6Swbf6yk=
21,-9,+uEB3WuJjajPq8IPn9k1JdVA3z4=,UdJ5NJ7TqemaVedxL3g6Swbf6yk=
27,-8,+uEB3WuJjajPq8IPn9k1JdVA3z4=,6kqz6UYQyINjuGXsscRV8H9JBpk=
20,-9,+uEB3WuJjajPq8IPn9k1JdVA3z4=,UdJ5NJ7TqemaVedxL3g6Swbf6yk=
25,-10,+uEB3WuJjajPq8IPn9k1JdVA3z4=,aQn8IYNC5rs8ZvB6ivs1bmECeVY=
21,-10,+uEB3WuJjajPq8IPn9k1JdVA3z4=,UdJ5NJ7TqemaVedxL3g6Swbf6yk=
20,-10,+uEB3WuJjajPq8IPn9k1JdVA3z4=,UdJ5NJ7TqemaVedxL3g6Swbf6yk=
23,-8,+uEB3WuJjajPq8IPn9k1JdVA3z4=,zEndUStYyZgKpZ/LZaIFwpjEvzM=
22,-8,+uEB3WuJjajPq8IPn9k1JdVA3z4=,zEndUStYyZgKpZ/LZaIFwpjEvzM=
26,-8,+uEB3WuJjajPq8IPn9k1JdVA3z4=,6kqz6UYQyINjuGXsscRV8H9JBpk=
25,-8,+uEB3WuJjajPq8IPn9k1JdVA3z4=,6kqz6UYQyINjuGXsscRV8H9JBpk=
24,-8,+uEB3WuJjajPq8IPn9k1JdVA3z4=,6kqz6UYQyINjuGXsscRV8H9JBpk=
24,-10,+uEB3WuJjajPq8IPn9k1JdVA3z4=,aQn8IYNC5rs8ZvB6ivs1bmECeVY=
23,-9,+uEB3WuJjajPq8IPn9k1JdVA3z4=,UdJ5NJ7TqemaVedxL3g6Swbf6yk=
22,-9,+uEB3WuJjajPq8IPn9k1JdVA3z4=,UdJ5NJ7TqemaVedxL3g6Swbf6yk=
27,-5,+uEB3WuJjajPq8IPn9k1JdVA3z4=,6kqz6UYQyINjuGXsscRV8H9JBpk=
26,-5,+uEB3WuJjajPq8IPn9k1JdVA3z4=,6kqz6UYQyINjuGXsscRV8H9JBpk=
25,-5,+uEB3WuJjajPq8IPn9k1JdVA3z4=,6kqz6UYQyINjuGXsscRV8H9JBpk=
24,-5,+uEB3WuJjajPq8IPn9k1JdVA3z4=,6kqz6UYQyINjuGXsscRV8H9JBpk=
23,-4,+uEB3WuJjajPq8IPn9k1JdVA3z4=,VdAAgFovTAxCraYyU+N5ACixS58=
22,-4,+uEB3WuJjajPq8IPn9k1JdVA3z4=,VdAAgFovTAxCraYyU+N5ACixS58=
29,-8,+uEB3WuJjajPq8IPn9k1JdVA3z4=,Ak9sijaIj1idy7jqY3y3rs6nLsc=
28,-8,+uEB3WuJjajPq8IPn9k1JdVA3z4=,Ak9sijaIj1idy7jqY3y3rs6nLsc=
23,-10,+uEB3WuJjajPq8IPn9k1JdVA3z4=,UdJ5NJ7TqemaVedxL3g6Swbf6yk=
22,-10,+uEB3WuJjajPq8IPn9k1JdVA3z4=,UdJ5NJ7TqemaVedxL3g6Swbf6yk=
27,-6,+uEB3WuJjajPq8IPn9k1JdVA3z4=,6kqz6UYQyINjuGXsscRV8H9JBpk=
26,-6,+uEB3WuJjajPq8IPn9k1JdVA3z4=,6kqz6UYQyINjuGXsscRV8H9JBpk=
29,-6,+uEB3WuJjajPq8IPn9k1JdVA3z4=,Ak9sijaIj1idy7jqY3y3rs6nLsc=
28,-6,+uEB3WuJjajPq8IPn9k1JdVA3z4=,Ak9sijaIj1idy7jqY3y3rs6nLsc=
29,-7,+uEB3WuJjajPq8IPn9k1JdVA3z4=,Ak9sijaIj1idy7jqY3y3rs6nLsc=
28,-7,+uEB3WuJjajPq8IPn9k1JdVA3z4=,Ak9sijaIj1idy7jqY3y3rs6nLsc=
25,-6,+uEB3WuJjajPq8IPn9k1JdVA3z4=,6kqz6UYQyINjuGXsscRV8H9JBpk=
24,-6,+uEB3WuJjajPq8IPn9k1JdVA3z4=,6kqz6UYQyINjuGXsscRV8H9JBpk=
29,-10,+uEB3WuJjajPq8IPn9k1JdVA3z4=,mJ2kpVT5dTvv+HXAzmxJhX0MpRI=
28,-10,+uEB3WuJjajPq8IPn9k1JdVA3z4=,mJ2kpVT5dTvv+HXAzmxJhX0MpRI=
3,-8,JKjKO+i+FOHkb09C3RJiUhmsju4=,LSjQEIGbIkLZUMu89z2lX9DiDCc=
2,-8,JKjKO+i+FOHkb09C3RJiUhmsju4=,LSjQEIGbIkLZUMu89z2lX9DiDCc=
3,-9,JKjKO+i+FOHkb09C3RJiUhmsju4=,4h4Ji+SM1HVG6xjoKNfu1YgHhXU=
2,-9,JKjKO+i+FOHkb09C3RJiUhmsju4=,4h4Ji+SM1HVG6xjoKNfu1YgHhXU=
3,-7,JKjKO+i+FOHkb09C3RJiUhmsju4=,LSjQEIGbIkLZUMu89z2lX9DiDCc=
2,-7,JKjKO+i+FOHkb09C3RJiUhmsju4=,LSjQEIGbIkLZUMu89z2lX9DiDCc=
3,-10,JKjKO+i+FOHkb09C3RJiUhmsju4=,4h4Ji+SM1HVG6xjoKNfu1YgHhXU=
2,-10,JKjKO+i+FOHkb09C3RJiUhmsju4=,4h4Ji+SM1HVG6xjoKNfu1YgHhXU=
1,-8,5bK7LbeYXiIsBJcuBkJuv1O5b1o=,LSjQEIGbIkLZUMu89z2lX9DiDCc=
0,-8,5bK7LbeYXiIsBJcuBkJuv1O5b1o=,LSjQEIGbIkLZUMu89z2lX9DiDCc=
1,-9,5bK7LbeYXiIsBJcuBkJuv1O5b1o=,4h4Ji+SM1HVG6xjoKNfu1YgHhXU=
0,-9,5bK7LbeYXiIsBJcuBkJuv1O5b1o=,4h4Ji+SM1HVG6xjoKNfu1YgHhXU=
1,-10,5bK7LbeYXiIsBJcuBkJuv1O5b1o=,4h4Ji+SM1HVG6xjoKNfu1YgHhXU=
0,-10,b42mavf2LNhCJyXh3ZRYYp+rmCg=,4h4Ji+SM1HVG6xjoKNfu1YgHhXU=
1,-7,b42mavf2LNhCJyXh3ZRYYp+rmCg=,LSjQEIGbIkLZUMu89z2lX9DiDCc=
0,-7,b42mavf2LNhCJyXh3ZRYYp+rmCg=,LSjQEIGbIkLZUMu89z2lX9DiDCc=
3,-11,S3COQQ+41nIBVPZQ2gPpRFw4rsE=,4h4Ji+SM1HVG6xjoKNfu1YgHhXU=
3,-13,S3COQQ+41nIBVPZQ2gPpRFw4rsE=,CrMtq8P/EFNxXZBlNzjJjwyOd68=
2,-11,S3COQQ+41nIBVPZQ2gPpRFw4rsE=,4h4Ji+SM1HVG6xjoKNfu1YgHhXU=
2,-13,S3COQQ+41nIBVPZQ2gPpRFw4rsE=,CrMtq8P/EFNxXZBlNzjJjwyOd68=
3,-14,S3COQQ+41nIBVPZQ2gPpRFw4rsE=,CrMtq8P/EFNxXZBlNzjJjwyOd68=
2,-14,S3COQQ+41nIBVPZQ2gPpRFw4rsE=,CrMtq8P/EFNxXZBlNzjJjwyOd68=
3,-12,S3COQQ+41nIBVPZQ2gPpRFw4rsE=,4h4Ji+SM1HVG6xjoKNfu1YgHhXU=
2,-12,S3COQQ+41nIBVPZQ2gPpRFw4rsE=,4h4Ji+SM1HVG6xjoKNfu1YgHhXU=
3,-2,PFEUBWtQD2JWTA8wugE0q8YNAOM=,hWsOStVCWtxpMK1xP/TIDipY5Wo=
2,-2,PFEUBWtQD2JWTA8wugE0q8YNAOM=,hWsOStVCWtxpMK1xP/TIDipY5Wo=
3,-4,PFEUBWtQD2JWTA8wugE0q8YNAOM=,hWsOStVCWtxpMK1xP/TIDipY5Wo=
3,-6,PFEUBWtQD2JWTA8wugE0q8YNAOM=,LSjQEIGbIkLZUMu89z2lX9DiDCc=
2,-4,PFEUBWtQD2JWTA8wugE0q8YNAOM=,hWsOStVCWtxpMK1xP/TIDipY5Wo=
2,-6,PFEUBWtQD2JWTA8wugE0q8YNAOM=,LSjQEIGbIkLZUMu89z2lX9DiDCc=
3,-15,PFEUBWtQD2JWTA8wugE0q8YNAOM=,CrMtq8P/EFNxXZBlNzjJjwyOd68=
1,-13,PFEUBWtQD2JWTA8wugE0q8YNAOM=,CrMtq8P/EFNxXZBlNzjJjwyOd68=
1,-6,PFEUBWtQD2JWTA8wugE0q8YNAOM=,LSjQEIGbIkLZUMu89z2lX9DiDCc=
5,-4,PFEUBWtQD2JWTA8wugE0q8YNAOM=,ainpbSpMwkhN6yFJuQNVabFlj1M=
2,-15,PFEUBWtQD2JWTA8wugE0q8YNAOM=,CrMtq8P/EFNxXZBlNzjJjwyOd68=
0,-13,Jj9F1S/yD+5fJZVrXj8U3qbdgL4=,CrMtq8P/EFNxXZBlNzjJjwyOd68=
4,-4,Jj9F1S/yD+5fJZVrXj8U3qbdgL4=,ainpbSpMwkhN6yFJuQNVabFlj1M=
0,-6,Jj9F1S/yD+5fJZVrXj8U3qbdgL4=,LSjQEIGbIkLZUMu89z2lX9DiDCc=
3,-16,Jj9F1S/yD+5fJZVrXj8U3qbdgL4=,CrMtq8P/EFNxXZBlNzjJjwyOd68=
1,-11,Jj9F1S/yD+5fJZVrXj8U3qbdgL4=,4h4Ji+SM1HVG6xjoKNfu1YgHhXU=
3,-1,Jj9F1S/yD+5fJZVrXj8U3qbdgL4=,hWsOStVCWtxpMK1xP/TIDipY5Wo=
1,-4,Jj9F1S/yD+5fJZVrXj8U3qbdgL4=,hWsOStVCWtxpMK1xP/TIDipY5Wo=
2,-16,Jj9F1S/yD+5fJZVrXj8U3qbdgL4=,CrMtq8P/EFNxXZBlNzjJjwyOd68=
0,-11,Jj9F1S/yD+5fJZVrXj8U3qbdgL4=,4h4Ji+SM1HVG6xjoKNfu1YgHhXU=
0,-4,Jj9F1S/yD+5fJZVrXj8U3qbdgL4=,hWsOStVCWtxpMK1xP/TIDipY5Wo=
2,-1,Jj9F1S/yD+5fJZVrXj8U3qbdgL4=,hWsOStVCWtxpMK1xP/TIDipY5Wo=
1,-2,Jj9F1S/yD+5fJZVrXj8U3qbdgL4=,hWsOStVCWtxpMK1xP/TIDipY5Wo=
3,-3,aZwpkPHoYWhqpYfi3WyvTQmoiQo=,hWsOStVCWtxpMK1xP/TIDipY5Wo=
1,-5,aZwpkPHoYWhqpYfi3WyvTQmoiQo=,LSjQEIGbIkLZUMu89z2lX9DiDCc=
0,-2,aZwpkPHoYWhqpYfi3WyvTQmoiQo=,hWsOStVCWtxpMK1xP/TIDipY5Wo=
1,-14,aZwpkPHoYWhqpYfi3WyvTQmoiQo=,CrMtq8P/EFNxXZBlNzjJjwyOd68=
0,-14,aZwpkPHoYWhqpYfi3WyvTQmoiQo=,CrMtq8P/EFNxXZBlNzjJjwyOd68=
0,-5,aZwpkPHoYWhqpYfi3WyvTQmoiQo=,LSjQEIGbIkLZUMu89z2lX9DiDCc=
2,-3,aZwpkPHoYWhqpYfi3WyvTQmoiQo=,hWsOStVCWtxpMK1xP/TIDipY5Wo=
1,-1,aZwpkPHoYWhqpYfi3WyvTQmoiQo=,hWsOStVCWtxpMK1xP/TIDipY5Wo=
5,-1,aZwpkPHoYWhqpYfi3WyvTQmoiQo=,ainpbSpMwkhN6yFJuQNVabFlj1M=
1,-12,aZwpkPHoYWhqpYfi3WyvTQmoiQo=,4h4Ji+SM1HVG6xjoKNfu1YgHhXU=
0,-1,aZwpkPHoYWhqpYfi3WyvTQmoiQo=,hWsOStVCWtxpMK1xP/TIDipY5Wo=
1,-3,aZwpkPHoYWhqpYfi3WyvTQmoiQo=,hWsOStVCWtxpMK1xP/TIDipY5Wo=
0,-12,j0qJKCs8oE0yii6wL9GPSTzXLKk=,4h4Ji+SM1HVG6xjoKNfu1YgHhXU=
4,-1,j0qJKCs8oE0yii6wL9GPSTzXLKk=,ainpbSpMwkhN6yFJuQNVabFlj1M=
0,-3,j0qJKCs8oE0yii6wL9GPSTzXLKk=,hWsOStVCWtxpMK1xP/TIDipY5Wo=
7,-4,j0qJKCs8oE0yii6wL9GPSTzXLKk=,ainpbSpMwkhN6yFJuQNVabFlj1M=
6,-4,j0qJKCs8oE0yii6wL9GPSTzXLKk=,ainpbSpMwkhN6yFJuQNVabFlj1M=
11,-4,j0qJKCs8oE0yii6wL9GPSTzXLKk=,ePU4FE+J4Zjso3wHn5JEZeTQ73g=
3,-5,j0qJKCs8oE0yii6wL9GPSTzXLKk=,LSjQEIGbIkLZUMu89z2lX9DiDCc=
7,-3,j0qJKCs8oE0yii6wL9GPSTzXLKk=,ainpbSpMwkhN6yFJuQNVabFlj1M=
10,-4,j0qJKCs8oE0yii6wL9GPSTzXLKk=,ePU4FE+J4Zjso3wHn5JEZeTQ73g=
2,-5,j0qJKCs8oE0yii6wL9GPSTzXLKk=,LSjQEIGbIkLZUMu89z2lX9DiDCc=
6,-3,j0qJKCs8oE0yii6wL9GPSTzXLKk=,ainpbSpMwkhN6yFJuQNVabFlj1M=
11,-3,j0qJKCs8oE0yii6wL9GPSTzXLKk=,ePU4FE+J4Zjso3wHn5JEZeTQ73g=
5,-3,j0qJKCs8oE0yii6wL9GPSTzXLKk=,ainpbSpMwkhN6yFJuQNVabFlj1M=
9,-4,j0qJKCs8oE0yii6wL9GPSTzXLKk=,ePU4FE+J4Zjso3wHn5JEZeTQ73g=
10,-3,j0qJKCs8oE0yii6wL9GPSTzXLKk=,ePU4FE+J4Zjso3wHn5JEZeTQ73g=
4,-3,j0qJKCs8oE0yii6wL9GPSTzXLKk=,ainpbSpMwkhN6yFJuQNVabFlj1M=
8,-4,j0qJKCs8oE0yii6wL9GPSTzXLKk=,ePU4FE+J4Zjso3wHn5JEZeTQ73g=
5,-2,j0qJKCs8oE0yii6wL9GPSTzXLKk=,ainpbSpMwkhN6yFJuQNVabFlj1M=
9,-3,j0qJKCs8oE0yii6wL9GPSTzXLKk=,ePU4FE+J4Zjso3wHn5JEZeTQ73g=
11,-2,j0qJKCs8oE0yii6wL9GPSTzXLKk=,ePU4FE+J4Zjso3wHn5JEZeTQ73g=
8,-3,j0qJKCs8oE0yii6wL9GPSTzXLKk=,ePU4FE+J4Zjso3wHn5JEZeTQ73g=
4,-2,lmyb7uEuH7R7JM+iUeH0edA0nEg=,ainpbSpMwkhN6yFJuQNVabFlj1M=
1,-15,lmyb7uEuH7R7JM+iUeH0edA0nEg=,CrMtq8P/EFNxXZBlNzjJjwyOd68=
10,-2,lmyb7uEuH7R7JM+iUeH0edA0nEg=,ePU4FE+J4Zjso3wHn5JEZeTQ73g=
9,-2,lmyb7uEuH7R7JM+iUeH0edA0nEg=,ePU4FE+J4Zjso3wHn5JEZeTQ73g=
8,-2,lmyb7uEuH7R7JM+iUeH0edA0nEg=,ePU4FE+J4Zjso3wHn5JEZeTQ73g=
0,-15,lmyb7uEuH7R7JM+iUeH0edA0nEg=,CrMtq8P/EFNxXZBlNzjJjwyOd68=
11,-1,lmyb7uEuH7R7JM+iUeH0edA0nEg=,ePU4FE+J4Zjso3wHn5JEZeTQ73g=
1,-16,lmyb7uEuH7R7JM+iUeH0edA0nEg=,CrMtq8P/EFNxXZBlNzjJjwyOd68=
10,-1,lmyb7uEuH7R7JM+iUeH0edA0nEg=,ePU4FE+J4Zjso3wHn5JEZeTQ73g=
0,-16,lmyb7uEuH7R7JM+iUeH0edA0nEg=,CrMtq8P/EFNxXZBlNzjJjwyOd68=
7,-1,lmyb7uEuH7R7JM+iUeH0edA0nEg=,ainpbSpMwkhN6yFJuQNVabFlj1M=
6,-1,lmyb7uEuH7R7JM+iUeH0edA0nEg=,ainpbSpMwkhN6yFJuQNVabFlj1M=
9,-1,lmyb7uEuH7R7JM+iUeH0edA0nEg=,ePU4FE+J4Zjso3wHn5JEZeTQ73g=
8,-1,lmyb7uEuH7R7JM+iUeH0edA0nEg=,ePU4FE+J4Zjso3wHn5JEZeTQ73g=
7,-2,lmyb7uEuH7R7JM+iUeH0edA0nEg=,ainpbSpMwkhN6yFJuQNVabFlj1M=
6,-2,lmyb7uEuH7R7JM+iUeH0edA0nEg=,ainpbSpMwkhN6yFJuQNVabFlj1M=
3,-23,wF7tAHSqEKSN7Cp7pWCxfrqdj2U=,sychYtW7sy/9JCnp06B5WUw04kI=
2,-23,wF7tAHSqEKSN7Cp7pWCxfrqdj2U=,sychYtW7sy/9JCnp06B5WUw04kI=
3,-25,wF7tAHSqEKSN7Cp7pWCxfrqdj2U=,OizjNmWTSIhiiAOSN1FaOz7coXk=
1,-23,9V0yF6A9m3+N86FRusYKtThB6o0=,sychYtW7sy/9JCnp06B5WUw04kI=
3,-29,9V0yF6A9m3+N86FRusYKtThB6o0=,WNNpJlnJyBbht80SMV/rmua1osc=
2,-25,9V0yF6A9m3+N86FRusYKtThB6o0=,OizjNmWTSIhiiAOSN1FaOz7coXk=
2,-29,9V0yF6A9m3+N86FRusYKtThB6o0=,WNNpJlnJyBbht80SMV/rmua1osc=
3,-30,9V0yF6A9m3+N86FRusYKtThB6o0=,WNNpJlnJyBbht80SMV/rmua1osc=
0,-23,9V0yF6A9m3+N86FRusYKtThB6o0=,sychYtW7sy/9JCnp06B5WUw04kI=
2,-30,9V0yF6A9m3+N86FRusYKtThB6o0=,WNNpJlnJyBbht80SMV/rmua1osc=
3,-24,9V0yF6A9m3+N86FRusYKtThB6o0=,sychYtW7sy/9JCnp06B5WUw04kI=
3,-27,9V0yF6A9m3+N86FRusYKtThB6o0=,OizjNmWTSIhiiAOSN1FaOz7coXk=
2,-24,9V0yF6A9m3+N86FRusYKtThB6o0=,sychYtW7sy/9JCnp06B5WUw04kI=
2,-27,9V0yF6A9m3+N86FRusYKtThB6o0=,OizjNmWTSIhiiAOSN1FaOz7coXk=
1,-25,9V0yF6A9m3+N86FRusYKtThB6o0=,OizjNmWTSIhiiAOSN1FaOz7coXk=
3,-28,9V0yF6A9m3+N86FRusYKtThB6o0=,OizjNmWTSIhiiAOSN1FaOz7coXk=
0,-25,9V0yF6A9m3+N86FRusYKtThB6o0=,OizjNmWTSIhiiAOSN1FaOz7coXk=
2,-28,9V0yF6A9m3+N86FRusYKtThB6o0=,OizjNmWTSIhiiAOSN1FaOz7coXk=
1,-29,9V0yF6A9m3+N86FRusYKtThB6o0=,WNNpJlnJyBbht80SMV/rmua1osc=
3,-26,9V0yF6A9m3+N86FRusYKtThB6o0=,OizjNmWTSIhiiAOSN1FaOz7coXk=
0,-29,9V0yF6A9m3+N86FRusYKtThB6o0=,WNNpJlnJyBbht80SMV/rmua1osc=
3,-31,9V0yF6A9m3+N86FRusYKtThB6o0=,WNNpJlnJyBbht80SMV/rmua1osc=
2,-26,9V0yF6A9m3+N86FRusYKtThB6o0=,OizjNmWTSIhiiAOSN1FaOz7coXk=
1,-30,9V0yF6A9m3+N86FRusYKtThB6o0=,WNNpJlnJyBbht80SMV/rmua1osc=
2,-31,9V0yF6A9m3+N86FRusYKtThB6o0=,WNNpJlnJyBbht80SMV/rmua1osc=
0,-30,9V0yF6A9m3+N86FRusYKtThB6o0=,WNNpJlnJyBbht80SMV/rmua1osc=
1,-26,9V0yF6A9m3+N86FRusYKtThB6o0=,OizjNmWTSIhiiAOSN1FaOz7coXk=
3,-32,9V0yF6A9m3+N86FRusYKtThB6o0=,WNNpJlnJyBbht80SMV/rmua1osc=
1,-27,9V0yF6A9m3+N86FRusYKtThB6o0=,OizjNmWTSIhiiAOSN1FaOz7coXk=
0,-26,9V0yF6A9m3+N86FRusYKtThB6o0=,OizjNmWTSIhiiAOSN1FaOz7coXk=
2,-32,9V0yF6A9m3+N86FRusYKtThB6o0=,WNNpJlnJyBbht80SMV/rmua1osc=
0,-27,9V0yF6A9m3+N86FRusYKtThB6o0=,OizjNmWTSIhiiAOSN1FaOz7coXk=
1,-24,9V0yF6A9m3+N86FRusYKtThB6o0=,sychYtW7sy/9JCnp06B5WUw04kI=
1,-31,9V0yF6A9m3+N86FRusYKtThB6o0=,WNNpJlnJyBbht80SMV/rmua1osc=
1,-28,9V0yF6A9m3+N86FRusYKtThB6o0=,OizjNmWTSIhiiAOSN1FaOz7coXk=
0,-31,9V0yF6A9m3+N86FRusYKtThB6o0=,WNNpJlnJyBbht80SMV/rmua1osc=
0,-28,9V0yF6A9m3+N86FRusYKtThB6o0=,OizjNmWTSIhiiAOSN1FaOz7coXk=
0,-24,9V0yF6A9m3+N86FRusYKtThB6o0=,sychYtW7sy/9JCnp06B5WUw04kI=
1,-32,9V0yF6A9m3+N86FRusYKtThB6o0=,WNNpJlnJyBbht80SMV/rmua1osc=
0,-32,9V0yF6A9m3+N86FRusYKtThB6o0=,WNNpJlnJyBbht80SMV/rmua1osc=
3,-21,9V0yF6A9m3+N86FRusYKtThB6o0=,sychYtW7sy/9JCnp06B5WUw04kI=
2,-21,OPKFVK3e2Is5bEh25Blae/0Qg/Q=,sychYtW7sy/9JCnp06B5WUw04kI=
3,-17,OPKFVK3e2Is5bEh25Blae/0Qg/Q=,+mx6HKs3jLyGnxkAyJH+7zcBc0I=
2,-17,OPKFVK3e2Is5bEh25Blae/0Qg/Q=,+mx6HKs3jLyGnxkAyJH+7zcBc0I=
3,-22,OPKFVK3e2Is5bEh25Blae/0Qg/Q=,sychYtW7sy/9JCnp06B5WUw04kI=
2,-22,OPKFVK3e2Is5bEh25Blae/0Qg/Q=,sychYtW7sy/9JCnp06B5WUw04kI=
3,-19,OPKFVK3e2Is5bEh25Blae/0Qg/Q=,+mx6HKs3jLyGnxkAyJH+7zcBc0I=
2,-19,OPKFVK3e2Is5bEh25Blae/0Qg/Q=,+mx6HKs3jLyGnxkAyJH+7zcBc0I=
1,-17,OPKFVK3e2Is5bEh25Blae/0Qg/Q=,+mx6HKs3jLyGnxkAyJH+7zcBc0I=
0,-17,OPKFVK3e2Is5bEh25Blae/0Qg/Q=,+mx6HKs3jLyGnxkAyJH+7zcBc0I=
1,-22,OPKFVK3e2Is5bEh25Blae/0Qg/Q=,sychYtW7sy/9JCnp06B5WUw04kI=
0,-22,OPKFVK3e2Is5bEh25Blae/0Qg/Q=,sychYtW7sy/9JCnp06B5WUw04kI=
3,-18,OPKFVK3e2Is5bEh25Blae/0Qg/Q=,+mx6HKs3jLyGnxkAyJH+7zcBc0I=
2,-18,OPKFVK3e2Is5bEh25Blae/0Qg/Q=,+mx6HKs3jLyGnxkAyJH+7zcBc0I=
1,-19,OPKFVK3e2Is5bEh25Blae/0Qg/Q=,+mx6HKs3jLyGnxkAyJH+7zcBc0I=
0,-19,OPKFVK3e2Is5bEh25Blae/0Qg/Q=,+mx6HKs3jLyGnxkAyJH+7zcBc0I=
1,-18,OPKFVK3e2Is5bEh25Blae/0Qg/Q=,+mx6HKs3jLyGnxkAyJH+7zcBc0I=
0,-18,OPKFVK3e2Is5bEh25Blae/0Qg/Q=,+mx6HKs3jLyGnxkAyJH+7zcBc0I=
3,-20,OPKFVK3e2Is5bEh25Blae/0Qg/Q=,+mx6HKs3jLyGnxkAyJH+7zcBc0I=
2,-20,OPKFVK3e2Is5bEh25Blae/0Qg/Q=,+mx6HKs3jLyGnxkAyJH+7zcBc0I=
1,-20,OPKFVK3e2Is5bEh25Blae/0Qg/Q=,+mx6HKs3jLyGnxkAyJH+7zcBc0I=
0,-20,a0oitBZekO9HyTqx6HnCO/mBK7M=,+mx6HKs3jLyGnxkAyJH+7zcBc0I=
1,-21,a0oitBZekO9HyTqx6HnCO/mBK7M=,sychYtW7sy/9JCnp06B5WUw04kI=
0,-21,a0oitBZekO9HyTqx6HnCO/mBK7M=,sychYtW7sy/9JCnp06B5WUw04kI=
